/****************************************************************************
** Resource object code
**
** Created by: The Resource Compiler for Qt version 5.15.2
**
** WARNING! All changes made in this file will be lost!
*****************************************************************************/

static const unsigned char qt_resource_data[] = {
  // C:/Users/User/tmp/qtiplot/3rdparty/qwt/playground/svgmap/Schlosspark_Nymphenburg.svg
  0x0,0x1,0x72,0x5d,
  0x3c,
  0x73,0x76,0x67,0x20,0x68,0x65,0x69,0x67,0x68,0x74,0x3d,0x22,0x39,0x37,0x33,0x2e,
  0x32,0x34,0x37,0x31,0x33,0x22,0x20,0x77,0x69,0x64,0x74,0x68,0x3d,0x22,0x31,0x30,
  0x33,0x35,0x2e,0x38,0x30,0x34,0x33,0x22,0x20,0x78,0x6d,0x6c,0x6e,0x73,0x3d,0x22,
  0x68,0x74,0x74,0x70,0x3a,0x2f,0x2f,0x77,0x77,0x77,0x2e,0x77,0x33,0x2e,0x6f,0x72,
  0x67,0x2f,0x32,0x30,0x30,0x30,0x2f,0x73,0x76,0x67,0x22,0x3e,0xd,0xa,0x20,0x20,
  0x20,0x20,0x3c,0x67,0x20,0x74,0x72,0x61,0x6e,0x73,0x66,0x6f,0x72,0x6d,0x3d,0x22,
  0x74,0x72,0x61,0x6e,0x73,0x6c,0x61,0x74,0x65,0x28,0x31,0x32,0x33,0x2e,0x36,0x31,
  0x36,0x34,0x34,0x20,0x2d,0x35,0x34,0x2e,0x33,0x31,0x30,0x30,0x37,0x29,0x22,0x3e,
  0xd,0xa,0x20,0x20,0x20,0x20,0x20,0x20,0x20,0x20,0x3c,0x70,0x61,0x74,0x68,0x20,
  0x64,0x3d,0x22,0x6d,0x35,0x32,0x33,0x2e,0x39,0x32,0x36,0x33,0x38,0x20,0x32,0x39,
  0x34,0x2e,0x36,0x37,0x32,0x39,0x36,0x20,0x31,0x34,0x32,0x2e,0x38,0x39,0x31,0x39,
  0x38,0x2d,0x34,0x2e,0x33,0x32,0x35,0x33,0x34,0x20,0x37,0x35,0x2e,0x38,0x36,0x36,
  0x35,0x38,0x2d,0x31,0x2e,0x34,0x38,0x31,0x37,0x37,0x20,0x35,0x2e,0x34,0x35,0x32,
  0x37,0x38,0x20,0x37,0x31,0x2e,0x38,0x37,0x39,0x38,0x20,0x36,0x2e,0x31,0x36,0x37,
  0x30,0x37,0x2d,0x2e,0x39,0x37,0x37,0x33,0x34,0x20,0x31,0x31,0x2e,0x38,0x38,0x31,
  0x33,0x34,0x20,0x31,0x35,0x32,0x2e,0x35,0x39,0x34,0x30,0x39,0x2d,0x39,0x2e,0x39,
  0x30,0x34,0x33,0x35,0x20,0x31,0x33,0x2e,0x31,0x32,0x39,0x38,0x31,0x2d,0x31,0x2e,
  0x30,0x33,0x38,0x30,0x35,0x20,0x36,0x33,0x2e,0x32,0x39,0x33,0x30,0x35,0x2d,0x34,
  0x38,0x2e,0x38,0x39,0x35,0x31,0x38,0x20,0x31,0x2e,0x36,0x38,0x35,0x39,0x32,0x2d,
  0x32,0x2e,0x34,0x33,0x33,0x32,0x32,0x2d,0x36,0x36,0x2e,0x32,0x37,0x31,0x30,0x32,
  0x2d,0x31,0x37,0x37,0x2e,0x36,0x33,0x36,0x38,0x38,0x2d,0x31,0x34,0x34,0x2e,0x31,
  0x39,0x39,0x30,0x36,0x7a,0x22,0x20,0x66,0x69,0x6c,0x6c,0x3d,0x22,0x23,0x62,0x33,
  0x62,0x62,0x63,0x66,0x22,0x20,0x66,0x69,0x6c,0x6c,0x2d,0x72,0x75,0x6c,0x65,0x3d,
  0x22,0x65,0x76,0x65,0x6e,0x6f,0x64,0x64,0x22,0x2f,0x3e,0xd,0xa,0x20,0x20,0x20,
  0x20,0x20,0x20,0x20,0x20,0x3c,0x70,0x61,0x74,0x68,0x20,0x64,0x3d,0x22,0x6d,0x35,
  0x33,0x32,0x2e,0x37,0x38,0x35,0x34,0x34,0x20,0x34,0x37,0x33,0x2e,0x34,0x31,0x36,
  0x35,0x31,0x20,0x39,0x2e,0x34,0x37,0x32,0x36,0x36,0x2d,0x2e,0x33,0x33,0x32,0x30,
  0x32,0x22,0x20,0x66,0x69,0x6c,0x6c,0x3d,0x22,0x6e,0x6f,0x6e,0x65,0x22,0x20,0x73,
  0x74,0x72,0x6f,0x6b,0x65,0x3d,0x22,0x23,0x66,0x61,0x37,0x66,0x37,0x30,0x22,0x20,
  0x73,0x74,0x72,0x6f,0x6b,0x65,0x2d,0x6c,0x69,0x6e,0x65,0x63,0x61,0x70,0x3d,0x22,
  0x72,0x6f,0x75,0x6e,0x64,0x22,0x20,0x73,0x74,0x72,0x6f,0x6b,0x65,0x2d,0x6c,0x69,
  0x6e,0x65,0x6a,0x6f,0x69,0x6e,0x3d,0x22,0x72,0x6f,0x75,0x6e,0x64,0x22,0x20,0x73,
  0x74,0x72,0x6f,0x6b,0x65,0x2d,0x77,0x69,0x64,0x74,0x68,0x3d,0x22,0x32,0x2e,0x35,
  0x22,0x2f,0x3e,0xd,0xa,0x20,0x20,0x20,0x20,0x20,0x20,0x20,0x20,0x3c,0x70,0x61,
  0x74,0x68,0x20,0x64,0x3d,0x22,0x6d,0x37,0x36,0x33,0x2e,0x38,0x31,0x39,0x38,0x34,
  0x20,0x34,0x36,0x32,0x2e,0x38,0x39,0x31,0x39,0x36,0x20,0x34,0x38,0x2e,0x32,0x31,
  0x39,0x2d,0x33,0x2e,0x38,0x34,0x39,0x38,0x31,0x20,0x33,0x32,0x2e,0x32,0x36,0x38,
  0x36,0x39,0x2d,0x32,0x33,0x2e,0x35,0x35,0x34,0x36,0x32,0x20,0x36,0x33,0x2e,0x38,
  0x33,0x30,0x32,0x32,0x2e,0x38,0x38,0x36,0x35,0x38,0x2d,0x33,0x30,0x2e,0x37,0x31,
  0x34,0x32,0x38,0x20,0x32,0x31,0x2e,0x33,0x39,0x31,0x36,0x31,0x2d,0x33,0x2e,0x38,
  0x31,0x30,0x37,0x33,0x20,0x32,0x32,0x2e,0x30,0x34,0x32,0x34,0x2d,0x35,0x2e,0x37,
  0x34,0x35,0x37,0x32,0x20,0x31,0x30,0x2e,0x32,0x36,0x31,0x35,0x37,0x2d,0x35,0x2e,
  0x37,0x33,0x31,0x36,0x35,0x20,0x39,0x2e,0x36,0x34,0x32,0x31,0x37,0x2d,0x35,0x2e,
  0x36,0x32,0x37,0x38,0x37,0x20,0x39,0x2e,0x30,0x38,0x31,0x33,0x33,0x2d,0x37,0x2e,
  0x30,0x35,0x31,0x34,0x35,0x20,0x39,0x2e,0x31,0x38,0x30,0x33,0x39,0x2d,0x39,0x2e,
  0x33,0x34,0x38,0x34,0x37,0x20,0x31,0x30,0x2e,0x31,0x36,0x36,0x37,0x31,0x2d,0x39,
  0x2e,0x33,0x38,0x34,0x30,0x36,0x20,0x36,0x2e,0x30,0x37,0x34,0x39,0x32,0x2d,0x37,
  0x2e,0x36,0x31,0x37,0x32,0x20,0x36,0x2e,0x33,0x35,0x36,0x30,0x33,0x2d,0x39,0x2e,
  0x32,0x38,0x39,0x32,0x32,0x20,0x36,0x2e,0x33,0x35,0x31,0x31,0x33,0x2d,0x31,0x32,
  0x2e,0x30,0x33,0x33,0x33,0x33,0x20,0x36,0x2e,0x31,0x34,0x33,0x32,0x38,0x2d,0x31,
  0x31,0x2e,0x36,0x33,0x35,0x37,0x20,0x33,0x2e,0x37,0x30,0x36,0x37,0x36,0x2d,0x32,
  0x39,0x2e,0x30,0x34,0x38,0x36,0x20,0x34,0x2e,0x32,0x33,0x32,0x36,0x33,0x22,0x20,
  0x66,0x69,0x6c,0x6c,0x3d,0x22,0x23,0x62,0x35,0x66,0x64,0x62,0x35,0x22,0x2f,0x3e,
  0xd,0xa,0x20,0x20,0x20,0x20,0x20,0x20,0x20,0x20,0x3c,0x70,0x61,0x74,0x68,0x20,
  0x64,0x3d,0x22,0x6d,0x37,0x37,0x30,0x2e,0x33,0x34,0x34,0x30,0x31,0x20,0x33,0x30,
  0x38,0x2e,0x36,0x33,0x38,0x33,0x34,0x20,0x31,0x35,0x2e,0x37,0x31,0x33,0x36,0x34,
  0x20,0x32,0x2e,0x36,0x34,0x39,0x32,0x37,0x20,0x31,0x34,0x2e,0x30,0x38,0x31,0x32,
  0x36,0x20,0x35,0x2e,0x34,0x33,0x38,0x30,0x35,0x20,0x31,0x32,0x2e,0x30,0x38,0x32,
  0x38,0x37,0x20,0x35,0x2e,0x37,0x34,0x35,0x36,0x38,0x20,0x38,0x2e,0x31,0x31,0x33,
  0x39,0x32,0x20,0x34,0x2e,0x37,0x32,0x33,0x37,0x38,0x20,0x31,0x30,0x2e,0x32,0x36,
  0x31,0x35,0x37,0x20,0x37,0x2e,0x38,0x37,0x39,0x34,0x36,0x20,0x38,0x2e,0x38,0x31,
  0x39,0x30,0x34,0x20,0x36,0x2e,0x35,0x34,0x30,0x38,0x37,0x20,0x38,0x2e,0x30,0x30,
  0x39,0x39,0x33,0x20,0x38,0x2e,0x38,0x37,0x37,0x36,0x36,0x20,0x36,0x2e,0x39,0x30,
  0x37,0x30,0x37,0x20,0x36,0x2e,0x38,0x30,0x38,0x30,0x33,0x20,0x37,0x2e,0x33,0x35,
  0x30,0x37,0x33,0x20,0x37,0x2e,0x35,0x38,0x31,0x36,0x32,0x20,0x35,0x2e,0x36,0x30,
  0x30,0x36,0x20,0x31,0x30,0x2e,0x35,0x30,0x39,0x32,0x20,0x32,0x2e,0x38,0x32,0x39,
  0x32,0x33,0x20,0x31,0x33,0x2e,0x38,0x30,0x35,0x31,0x31,0x20,0x31,0x33,0x2e,0x33,
  0x30,0x35,0x36,0x20,0x32,0x32,0x2e,0x37,0x37,0x37,0x36,0x32,0x20,0x32,0x35,0x2e,
  0x38,0x38,0x31,0x30,0x33,0x20,0x31,0x35,0x2e,0x34,0x34,0x37,0x31,0x34,0x2d,0x34,
  0x31,0x2e,0x38,0x31,0x37,0x30,0x34,0x20,0x32,0x2e,0x34,0x36,0x38,0x35,0x39,0x2d,
  0x35,0x37,0x2e,0x34,0x34,0x38,0x30,0x33,0x2d,0x33,0x31,0x2e,0x32,0x35,0x37,0x37,
  0x31,0x2d,0x34,0x39,0x2e,0x38,0x38,0x31,0x30,0x36,0x20,0x31,0x2e,0x33,0x35,0x30,
  0x33,0x39,0x2d,0x34,0x2e,0x31,0x36,0x30,0x37,0x35,0x2d,0x36,0x31,0x2e,0x35,0x35,
  0x36,0x34,0x39,0x2d,0x31,0x2e,0x31,0x35,0x38,0x30,0x39,0x2d,0x32,0x39,0x2e,0x34,
  0x39,0x39,0x32,0x37,0x22,0x20,0x66,0x69,0x6c,0x6c,0x3d,0x22,0x23,0x62,0x35,0x66,
  0x64,0x62,0x35,0x22,0x2f,0x3e,0xd,0xa,0x20,0x20,0x20,0x20,0x20,0x20,0x20,0x20,
  0x3c,0x70,0x61,0x74,0x68,0x20,0x64,0x3d,0x22,0x6d,0x38,0x37,0x34,0x2e,0x37,0x39,
  0x32,0x31,0x31,0x20,0x33,0x34,0x37,0x2e,0x34,0x35,0x37,0x36,0x34,0x20,0x36,0x30,
  0x2e,0x36,0x30,0x39,0x31,0x35,0x2d,0x33,0x2e,0x32,0x38,0x33,0x30,0x31,0x20,0x39,
  0x2e,0x35,0x39,0x36,0x34,0x35,0x20,0x36,0x2e,0x31,0x32,0x34,0x30,0x35,0x20,0x34,
  0x36,0x2e,0x39,0x37,0x32,0x30,0x39,0x2d,0x31,0x2e,0x34,0x35,0x32,0x30,0x39,0x20,
  0x31,0x35,0x2e,0x31,0x35,0x32,0x33,0x20,0x31,0x37,0x2e,0x38,0x30,0x33,0x39,0x34,
  0x20,0x32,0x2e,0x35,0x32,0x35,0x34,0x20,0x32,0x33,0x2e,0x32,0x33,0x33,0x35,0x2d,
  0x32,0x31,0x2e,0x30,0x32,0x33,0x38,0x33,0x20,0x31,0x33,0x2e,0x35,0x31,0x30,0x37,
  0x39,0x2d,0x33,0x38,0x2e,0x37,0x30,0x31,0x34,0x37,0x20,0x31,0x2e,0x38,0x39,0x34,
  0x30,0x34,0x2d,0x38,0x2e,0x37,0x31,0x32,0x35,0x37,0x20,0x38,0x2e,0x38,0x33,0x38,
  0x38,0x34,0x2d,0x36,0x36,0x2e,0x39,0x32,0x32,0x36,0x20,0x31,0x2e,0x35,0x31,0x35,
  0x32,0x33,0x7a,0x22,0x20,0x66,0x69,0x6c,0x6c,0x3d,0x22,0x23,0x62,0x33,0x62,0x62,
  0x63,0x66,0x22,0x20,0x66,0x69,0x6c,0x6c,0x2d,0x72,0x75,0x6c,0x65,0x3d,0x22,0x65,
  0x76,0x65,0x6e,0x6f,0x64,0x64,0x22,0x20,0x74,0x72,0x61,0x6e,0x73,0x66,0x6f,0x72,
  0x6d,0x3d,0x22,0x74,0x72,0x61,0x6e,0x73,0x6c,0x61,0x74,0x65,0x28,0x2d,0x31,0x32,
  0x33,0x2e,0x36,0x31,0x36,0x34,0x34,0x20,0x35,0x34,0x2e,0x33,0x31,0x30,0x30,0x37,
  0x29,0x22,0x2f,0x3e,0xd,0xa,0x20,0x20,0x20,0x20,0x20,0x20,0x20,0x20,0x3c,0x70,
  0x61,0x74,0x68,0x20,0x64,0x3d,0x22,0x6d,0x35,0x39,0x33,0x2e,0x33,0x34,0x33,0x36,
  0x31,0x20,0x33,0x31,0x33,0x2e,0x30,0x38,0x31,0x33,0x34,0x63,0x33,0x2e,0x34,0x35,
  0x33,0x2d,0x36,0x2e,0x39,0x31,0x34,0x34,0x33,0x20,0x33,0x2e,0x32,0x33,0x38,0x39,
  0x32,0x20,0x31,0x34,0x2e,0x30,0x34,0x37,0x35,0x20,0x34,0x2e,0x31,0x33,0x35,0x30,
  0x38,0x20,0x32,0x35,0x2e,0x35,0x32,0x33,0x38,0x32,0x2e,0x38,0x39,0x36,0x31,0x35,
  0x20,0x31,0x31,0x2e,0x34,0x37,0x36,0x33,0x33,0x20,0x39,0x2e,0x38,0x32,0x34,0x39,
  0x20,0x31,0x36,0x2e,0x31,0x32,0x36,0x38,0x39,0x20,0x31,0x30,0x2e,0x34,0x30,0x36,
  0x33,0x36,0x20,0x31,0x36,0x2e,0x37,0x31,0x36,0x38,0x37,0x2e,0x35,0x38,0x31,0x34,
  0x35,0x2e,0x35,0x38,0x39,0x39,0x37,0x20,0x31,0x35,0x2e,0x33,0x31,0x30,0x36,0x35,
  0x20,0x35,0x2e,0x30,0x39,0x34,0x36,0x20,0x34,0x32,0x2e,0x31,0x36,0x36,0x38,0x33,
  0x20,0x33,0x2e,0x36,0x32,0x38,0x30,0x35,0x20,0x32,0x36,0x2e,0x38,0x35,0x36,0x31,
  0x37,0x2d,0x31,0x2e,0x34,0x36,0x36,0x35,0x35,0x20,0x34,0x39,0x2e,0x32,0x39,0x31,
  0x39,0x39,0x2d,0x32,0x2e,0x31,0x37,0x36,0x20,0x34,0x39,0x2e,0x38,0x35,0x37,0x33,
  0x39,0x2d,0x31,0x2e,0x35,0x37,0x36,0x35,0x36,0x2e,0x35,0x36,0x35,0x33,0x39,0x2e,
  0x35,0x39,0x39,0x34,0x37,0x20,0x31,0x2e,0x34,0x30,0x31,0x37,0x32,0x20,0x38,0x2e,
  0x36,0x35,0x30,0x31,0x33,0x20,0x31,0x2e,0x38,0x35,0x38,0x34,0x35,0x20,0x31,0x37,
  0x2e,0x38,0x39,0x30,0x33,0x37,0x6c,0x2e,0x38,0x33,0x30,0x34,0x36,0x20,0x31,0x36,
  0x2e,0x38,0x30,0x30,0x34,0x33,0x2d,0x31,0x30,0x2e,0x32,0x36,0x36,0x36,0x35,0x20,
  0x31,0x32,0x2e,0x39,0x32,0x33,0x34,0x33,0x63,0x2d,0x35,0x2e,0x36,0x34,0x36,0x35,
  0x37,0x20,0x37,0x2e,0x31,0x30,0x37,0x38,0x38,0x2d,0x31,0x30,0x2e,0x32,0x36,0x37,
  0x35,0x34,0x20,0x31,0x33,0x2e,0x37,0x39,0x35,0x37,0x34,0x2d,0x31,0x30,0x2e,0x32,
  0x36,0x38,0x37,0x20,0x31,0x34,0x2e,0x38,0x36,0x31,0x39,0x33,0x2d,0x2e,0x30,0x30,
  0x31,0x32,0x36,0x20,0x31,0x2e,0x30,0x36,0x36,0x31,0x39,0x2e,0x35,0x37,0x30,0x31,
  0x32,0x20,0x31,0x31,0x2e,0x32,0x34,0x33,0x33,0x39,0x20,0x31,0x2e,0x32,0x36,0x39,
  0x36,0x34,0x20,0x32,0x32,0x2e,0x36,0x31,0x35,0x39,0x37,0x6c,0x31,0x2e,0x32,0x37,
  0x31,0x37,0x38,0x20,0x32,0x30,0x2e,0x36,0x37,0x37,0x34,0x37,0x20,0x31,0x31,0x2e,
  0x33,0x32,0x32,0x34,0x32,0x20,0x31,0x30,0x2e,0x39,0x38,0x34,0x39,0x31,0x20,0x31,
  0x31,0x2e,0x33,0x32,0x32,0x32,0x39,0x20,0x31,0x30,0x2e,0x39,0x38,0x34,0x39,0x31,
  0x2e,0x38,0x32,0x38,0x39,0x33,0x20,0x31,0x36,0x2e,0x38,0x30,0x30,0x34,0x32,0x63,
  0x2e,0x37,0x35,0x36,0x39,0x34,0x20,0x31,0x35,0x2e,0x33,0x34,0x32,0x33,0x37,0x2e,
  0x36,0x30,0x30,0x35,0x34,0x20,0x31,0x37,0x2e,0x32,0x37,0x37,0x31,0x34,0x2d,0x31,
  0x2e,0x38,0x30,0x32,0x30,0x34,0x20,0x32,0x32,0x2e,0x32,0x39,0x32,0x39,0x31,0x2d,
  0x32,0x2e,0x32,0x33,0x33,0x38,0x31,0x20,0x34,0x2e,0x36,0x36,0x33,0x35,0x35,0x2d,
  0x33,0x2e,0x32,0x35,0x31,0x31,0x31,0x20,0x35,0x2e,0x35,0x32,0x35,0x31,0x32,0x2d,
  0x36,0x2e,0x37,0x34,0x30,0x36,0x37,0x20,0x35,0x2e,0x37,0x30,0x38,0x39,0x32,0x2d,
  0x36,0x2e,0x31,0x39,0x31,0x37,0x2e,0x33,0x32,0x36,0x31,0x35,0x2d,0x31,0x30,0x2e,
  0x32,0x39,0x39,0x33,0x37,0x2e,0x36,0x31,0x38,0x36,0x31,0x2d,0x31,0x32,0x2e,0x30,
  0x37,0x30,0x33,0x33,0x2e,0x38,0x35,0x39,0x33,0x39,0x2d,0x31,0x2e,0x31,0x37,0x36,
  0x35,0x32,0x2e,0x31,0x35,0x39,0x39,0x37,0x2d,0x31,0x2e,0x35,0x39,0x32,0x31,0x33,
  0x20,0x34,0x2e,0x33,0x39,0x33,0x34,0x37,0x2d,0x31,0x2e,0x35,0x39,0x32,0x31,0x33,
  0x20,0x31,0x36,0x2e,0x32,0x31,0x36,0x34,0x76,0x31,0x35,0x2e,0x39,0x39,0x39,0x39,
  0x31,0x6c,0x2d,0x31,0x38,0x2e,0x33,0x31,0x34,0x33,0x36,0x20,0x31,0x33,0x2e,0x36,
  0x39,0x36,0x38,0x38,0x2d,0x31,0x38,0x2e,0x33,0x31,0x34,0x33,0x34,0x20,0x31,0x33,
  0x2e,0x36,0x39,0x36,0x38,0x39,0x2d,0x31,0x35,0x2e,0x33,0x30,0x32,0x33,0x36,0x20,
  0x31,0x2e,0x38,0x30,0x33,0x38,0x32,0x63,0x2d,0x38,0x2e,0x34,0x31,0x36,0x33,0x32,
  0x2e,0x39,0x39,0x32,0x30,0x39,0x2d,0x31,0x35,0x2e,0x39,0x35,0x36,0x36,0x31,0x20,
  0x32,0x2e,0x32,0x31,0x34,0x31,0x2d,0x31,0x36,0x2e,0x37,0x35,0x36,0x32,0x35,0x20,
  0x32,0x2e,0x37,0x31,0x35,0x35,0x31,0x2d,0x2e,0x39,0x38,0x37,0x39,0x34,0x2e,0x36,
  0x31,0x39,0x35,0x34,0x2d,0x31,0x2e,0x32,0x31,0x34,0x37,0x39,0x20,0x33,0x2e,0x38,
  0x38,0x30,0x39,0x33,0x2d,0x2e,0x37,0x30,0x37,0x38,0x34,0x20,0x31,0x30,0x2e,0x31,
  0x37,0x37,0x33,0x38,0x2e,0x34,0x31,0x30,0x32,0x39,0x20,0x35,0x2e,0x30,0x39,0x36,
  0x31,0x35,0x2e,0x32,0x33,0x36,0x35,0x34,0x20,0x31,0x30,0x2e,0x30,0x31,0x39,0x35,
  0x33,0x2d,0x2e,0x33,0x38,0x36,0x31,0x20,0x31,0x30,0x2e,0x39,0x34,0x30,0x38,0x33,
  0x2d,0x2e,0x37,0x34,0x38,0x33,0x34,0x20,0x31,0x2e,0x31,0x30,0x37,0x33,0x31,0x2d,
  0x31,0x32,0x2e,0x31,0x30,0x33,0x35,0x34,0x20,0x32,0x2e,0x39,0x37,0x33,0x32,0x36,
  0x2d,0x33,0x33,0x2e,0x34,0x39,0x39,0x39,0x20,0x35,0x2e,0x35,0x30,0x34,0x38,0x39,
  0x2d,0x31,0x37,0x2e,0x38,0x30,0x32,0x33,0x20,0x32,0x2e,0x31,0x30,0x36,0x33,0x36,
  0x2d,0x33,0x34,0x2e,0x32,0x36,0x33,0x37,0x39,0x20,0x34,0x2e,0x31,0x34,0x37,0x36,
  0x31,0x2d,0x33,0x36,0x2e,0x35,0x38,0x31,0x31,0x20,0x34,0x2e,0x35,0x33,0x36,0x31,
  0x31,0x2d,0x33,0x2e,0x37,0x33,0x36,0x37,0x35,0x2e,0x36,0x32,0x36,0x34,0x37,0x2d,
  0x36,0x2e,0x32,0x36,0x36,0x35,0x35,0x20,0x33,0x2e,0x35,0x31,0x31,0x39,0x2d,0x32,
  0x32,0x2e,0x33,0x36,0x36,0x38,0x39,0x20,0x32,0x35,0x2e,0x35,0x31,0x31,0x33,0x33,
  0x2d,0x39,0x2e,0x39,0x38,0x34,0x34,0x38,0x20,0x31,0x33,0x2e,0x36,0x34,0x32,0x36,
  0x38,0x2d,0x31,0x38,0x2e,0x37,0x36,0x33,0x39,0x38,0x20,0x32,0x35,0x2e,0x39,0x31,
  0x31,0x38,0x2d,0x31,0x39,0x2e,0x35,0x31,0x30,0x30,0x33,0x20,0x32,0x37,0x2e,0x32,
  0x36,0x34,0x37,0x35,0x2d,0x2e,0x39,0x38,0x38,0x34,0x38,0x20,0x31,0x2e,0x37,0x39,
  0x32,0x33,0x34,0x2d,0x2e,0x38,0x35,0x38,0x35,0x33,0x20,0x34,0x2e,0x35,0x39,0x37,
  0x32,0x34,0x2e,0x34,0x37,0x39,0x20,0x31,0x30,0x2e,0x33,0x33,0x38,0x37,0x33,0x20,
  0x31,0x2e,0x30,0x30,0x39,0x34,0x39,0x20,0x34,0x2e,0x33,0x33,0x33,0x33,0x35,0x20,
  0x31,0x30,0x2e,0x39,0x33,0x35,0x31,0x34,0x20,0x35,0x32,0x2e,0x39,0x34,0x39,0x34,
  0x34,0x20,0x32,0x32,0x2e,0x30,0x35,0x37,0x20,0x31,0x30,0x38,0x2e,0x30,0x33,0x35,
  0x35,0x20,0x31,0x35,0x2e,0x39,0x39,0x30,0x36,0x20,0x37,0x39,0x2e,0x32,0x30,0x30,
  0x37,0x37,0x20,0x32,0x30,0x2e,0x37,0x37,0x30,0x30,0x35,0x20,0x31,0x30,0x35,0x2e,
  0x32,0x36,0x35,0x38,0x37,0x20,0x32,0x32,0x2e,0x38,0x34,0x33,0x31,0x35,0x20,0x31,
  0x32,0x34,0x2e,0x35,0x37,0x36,0x35,0x37,0x20,0x33,0x2e,0x36,0x32,0x32,0x30,0x33,
  0x20,0x33,0x33,0x2e,0x37,0x33,0x38,0x39,0x20,0x33,0x2e,0x37,0x34,0x39,0x38,0x37,
  0x20,0x33,0x32,0x2e,0x31,0x37,0x37,0x32,0x34,0x2d,0x33,0x2e,0x30,0x32,0x31,0x30,
  0x39,0x20,0x33,0x36,0x2e,0x39,0x30,0x33,0x39,0x37,0x6c,0x2d,0x35,0x2e,0x36,0x34,
  0x32,0x37,0x31,0x20,0x33,0x2e,0x39,0x33,0x39,0x32,0x2d,0x31,0x39,0x2e,0x35,0x31,
  0x32,0x38,0x36,0x2d,0x2e,0x30,0x36,0x33,0x36,0x63,0x2d,0x31,0x30,0x2e,0x37,0x33,
  0x32,0x30,0x35,0x2d,0x2e,0x30,0x33,0x35,0x30,0x32,0x2d,0x34,0x36,0x2e,0x37,0x33,
  0x38,0x31,0x34,0x2d,0x2e,0x38,0x35,0x31,0x37,0x39,0x2d,0x38,0x30,0x2e,0x30,0x31,
  0x33,0x35,0x32,0x2d,0x31,0x2e,0x38,0x31,0x34,0x39,0x35,0x2d,0x34,0x38,0x2e,0x30,
  0x32,0x33,0x33,0x38,0x2d,0x31,0x2e,0x33,0x39,0x30,0x33,0x2d,0x35,0x36,0x2e,0x30,
  0x32,0x34,0x32,0x37,0x2e,0x34,0x33,0x37,0x30,0x35,0x2d,0x36,0x31,0x2e,0x30,0x37,
  0x39,0x33,0x36,0x2d,0x31,0x2e,0x31,0x38,0x38,0x35,0x37,0x2d,0x31,0x30,0x2e,0x37,
  0x38,0x32,0x33,0x20,0x32,0x2e,0x34,0x32,0x35,0x35,0x39,0x2d,0x2e,0x37,0x33,0x34,
  0x30,0x35,0x20,0x32,0x2e,0x37,0x31,0x31,0x37,0x32,0x2d,0x36,0x2e,0x38,0x39,0x37,
  0x33,0x36,0x20,0x33,0x2e,0x32,0x33,0x30,0x34,0x35,0x2e,0x33,0x34,0x31,0x32,0x20,
  0x34,0x2e,0x33,0x35,0x32,0x36,0x32,0x2d,0x36,0x2e,0x31,0x35,0x35,0x32,0x31,0x20,
  0x33,0x2e,0x35,0x33,0x37,0x32,0x38,0x2d,0x37,0x2e,0x38,0x30,0x34,0x39,0x32,0x20,
  0x34,0x2e,0x31,0x37,0x39,0x35,0x38,0x2d,0x33,0x2e,0x32,0x38,0x36,0x33,0x38,0x20,
  0x31,0x2e,0x32,0x37,0x39,0x36,0x37,0x2d,0x35,0x36,0x2e,0x34,0x37,0x38,0x30,0x31,
  0x20,0x31,0x33,0x2e,0x37,0x34,0x39,0x38,0x36,0x2d,0x35,0x38,0x2e,0x36,0x34,0x39,
  0x35,0x39,0x20,0x31,0x33,0x2e,0x37,0x34,0x39,0x38,0x36,0x2d,0x31,0x2e,0x30,0x35,
  0x34,0x34,0x39,0x20,0x30,0x2d,0x33,0x2e,0x34,0x37,0x39,0x33,0x37,0x2d,0x32,0x2e,
  0x36,0x38,0x37,0x31,0x37,0x2d,0x35,0x2e,0x33,0x38,0x38,0x35,0x39,0x2d,0x35,0x2e,
  0x39,0x37,0x31,0x34,0x2d,0x31,0x2e,0x39,0x30,0x39,0x32,0x32,0x2d,0x33,0x2e,0x32,
  0x38,0x34,0x32,0x2d,0x34,0x2e,0x31,0x38,0x39,0x32,0x37,0x2d,0x36,0x2e,0x37,0x33,
  0x33,0x36,0x31,0x2d,0x35,0x2e,0x30,0x36,0x36,0x37,0x38,0x2d,0x37,0x2e,0x36,0x36,
  0x35,0x31,0x32,0x2d,0x31,0x2e,0x35,0x33,0x35,0x37,0x39,0x2d,0x31,0x2e,0x36,0x33,
  0x30,0x34,0x32,0x2d,0x35,0x34,0x2e,0x37,0x36,0x39,0x34,0x34,0x2d,0x32,0x33,0x2e,
  0x34,0x35,0x38,0x39,0x39,0x2d,0x37,0x38,0x2e,0x38,0x38,0x30,0x32,0x2d,0x33,0x32,
  0x2e,0x33,0x34,0x34,0x38,0x36,0x6c,0x2d,0x31,0x31,0x2e,0x36,0x39,0x35,0x39,0x33,
  0x2d,0x34,0x2e,0x33,0x31,0x30,0x36,0x31,0x2d,0x31,0x36,0x2e,0x39,0x36,0x32,0x33,
  0x20,0x31,0x2e,0x39,0x34,0x39,0x36,0x33,0x63,0x2d,0x39,0x2e,0x33,0x32,0x39,0x32,
  0x36,0x20,0x31,0x2e,0x30,0x37,0x32,0x32,0x35,0x2d,0x32,0x33,0x2e,0x32,0x36,0x37,
  0x31,0x20,0x33,0x2e,0x32,0x32,0x38,0x34,0x2d,0x33,0x30,0x2e,0x39,0x37,0x32,0x39,
  0x39,0x20,0x34,0x2e,0x37,0x39,0x31,0x34,0x38,0x6c,0x2d,0x31,0x34,0x2e,0x30,0x31,
  0x30,0x36,0x38,0x20,0x32,0x2e,0x38,0x34,0x32,0x31,0x32,0x2d,0x34,0x2e,0x31,0x34,
  0x31,0x30,0x31,0x20,0x31,0x32,0x2e,0x32,0x37,0x37,0x32,0x34,0x63,0x2d,0x36,0x2e,
  0x36,0x34,0x35,0x37,0x31,0x20,0x31,0x39,0x2e,0x37,0x30,0x33,0x30,0x34,0x2d,0x38,
  0x2e,0x30,0x39,0x33,0x30,0x34,0x20,0x32,0x33,0x2e,0x32,0x36,0x32,0x31,0x35,0x2d,
  0x39,0x2e,0x34,0x35,0x39,0x39,0x39,0x20,0x32,0x33,0x2e,0x32,0x36,0x32,0x31,0x35,
  0x2d,0x2e,0x37,0x30,0x39,0x35,0x38,0x20,0x30,0x2d,0x31,0x33,0x2e,0x31,0x32,0x38,
  0x34,0x39,0x2d,0x31,0x31,0x2e,0x34,0x33,0x34,0x39,0x2d,0x32,0x37,0x2e,0x35,0x39,
  0x37,0x35,0x38,0x2d,0x32,0x35,0x2e,0x34,0x31,0x30,0x39,0x31,0x2d,0x32,0x38,0x2e,
  0x36,0x31,0x37,0x32,0x36,0x31,0x2d,0x32,0x37,0x2e,0x36,0x34,0x31,0x39,0x31,0x2d,
  0x32,0x38,0x2e,0x30,0x34,0x39,0x30,0x31,0x33,0x2d,0x32,0x36,0x2e,0x39,0x32,0x37,
  0x31,0x31,0x2d,0x38,0x31,0x2e,0x31,0x31,0x30,0x39,0x32,0x37,0x2d,0x31,0x30,0x32,
  0x2e,0x30,0x33,0x38,0x37,0x39,0x2d,0x33,0x33,0x2e,0x32,0x33,0x34,0x35,0x32,0x34,
  0x2d,0x34,0x37,0x2e,0x30,0x34,0x34,0x39,0x38,0x2d,0x36,0x30,0x2e,0x31,0x39,0x37,
  0x35,0x32,0x2d,0x31,0x30,0x30,0x2e,0x31,0x35,0x37,0x36,0x34,0x2d,0x38,0x34,0x2e,
  0x38,0x33,0x34,0x38,0x33,0x2d,0x31,0x36,0x37,0x2e,0x31,0x31,0x30,0x36,0x31,0x2d,
  0x31,0x39,0x2e,0x36,0x39,0x38,0x32,0x37,0x36,0x2d,0x35,0x33,0x2e,0x35,0x33,0x30,
  0x39,0x2d,0x32,0x38,0x2e,0x37,0x32,0x33,0x33,0x31,0x31,0x2d,0x38,0x35,0x2e,0x38,
  0x39,0x34,0x37,0x34,0x2d,0x33,0x38,0x2e,0x30,0x34,0x36,0x37,0x32,0x33,0x2d,0x31,
  0x33,0x36,0x2e,0x34,0x33,0x35,0x36,0x39,0x6c,0x2d,0x37,0x2e,0x38,0x36,0x37,0x32,
  0x34,0x2d,0x34,0x32,0x2e,0x36,0x34,0x37,0x32,0x39,0x2d,0x31,0x2e,0x36,0x35,0x33,
  0x31,0x35,0x2d,0x34,0x30,0x2e,0x30,0x36,0x32,0x35,0x39,0x2d,0x31,0x2e,0x36,0x35,
  0x33,0x31,0x34,0x2d,0x34,0x30,0x2e,0x30,0x36,0x32,0x35,0x38,0x20,0x35,0x2e,0x36,
  0x33,0x33,0x36,0x31,0x2d,0x34,0x33,0x2e,0x39,0x33,0x39,0x36,0x31,0x20,0x35,0x2e,
  0x36,0x33,0x33,0x36,0x32,0x2d,0x34,0x33,0x2e,0x39,0x33,0x39,0x36,0x33,0x20,0x32,
  0x36,0x2e,0x38,0x37,0x32,0x39,0x38,0x39,0x2d,0x36,0x34,0x2e,0x39,0x32,0x35,0x32,
  0x31,0x63,0x31,0x34,0x2e,0x37,0x38,0x30,0x31,0x34,0x31,0x2d,0x33,0x35,0x2e,0x37,
  0x30,0x38,0x38,0x36,0x20,0x32,0x37,0x2e,0x36,0x31,0x37,0x35,0x36,0x31,0x2d,0x36,
  0x35,0x2e,0x35,0x35,0x32,0x31,0x38,0x20,0x32,0x38,0x2e,0x35,0x32,0x37,0x36,0x30,
  0x37,0x2d,0x36,0x36,0x2e,0x33,0x31,0x38,0x35,0x31,0x20,0x31,0x2e,0x32,0x31,0x35,
  0x33,0x37,0x37,0x2d,0x31,0x2e,0x30,0x32,0x33,0x34,0x33,0x20,0x36,0x2e,0x35,0x39,
  0x37,0x37,0x37,0x33,0x2e,0x30,0x31,0x31,0x36,0x20,0x32,0x30,0x2e,0x32,0x37,0x35,
  0x31,0x30,0x38,0x20,0x33,0x2e,0x38,0x39,0x38,0x39,0x34,0x20,0x32,0x33,0x2e,0x32,
  0x37,0x39,0x31,0x32,0x37,0x33,0x20,0x36,0x2e,0x36,0x31,0x36,0x33,0x32,0x20,0x33,
  0x37,0x2e,0x33,0x34,0x30,0x34,0x33,0x34,0x20,0x38,0x2e,0x30,0x38,0x31,0x33,0x38,
  0x20,0x36,0x32,0x2e,0x32,0x31,0x32,0x36,0x30,0x32,0x20,0x36,0x2e,0x34,0x38,0x31,
  0x39,0x34,0x20,0x32,0x33,0x2e,0x38,0x34,0x32,0x31,0x32,0x37,0x2d,0x31,0x2e,0x35,
  0x33,0x33,0x31,0x39,0x20,0x34,0x36,0x2e,0x34,0x32,0x32,0x36,0x30,0x34,0x2d,0x37,
  0x2e,0x33,0x30,0x38,0x32,0x33,0x20,0x36,0x37,0x2e,0x33,0x35,0x31,0x36,0x39,0x34,
  0x2d,0x31,0x37,0x2e,0x32,0x32,0x35,0x34,0x31,0x20,0x37,0x2e,0x39,0x31,0x30,0x38,
  0x37,0x2d,0x33,0x2e,0x37,0x34,0x38,0x35,0x33,0x20,0x31,0x38,0x2e,0x33,0x39,0x35,
  0x35,0x33,0x2d,0x38,0x2e,0x34,0x39,0x30,0x38,0x20,0x32,0x33,0x2e,0x32,0x39,0x39,
  0x32,0x36,0x2d,0x31,0x30,0x2e,0x35,0x33,0x38,0x34,0x32,0x20,0x34,0x2e,0x39,0x30,
  0x33,0x37,0x35,0x2d,0x32,0x2e,0x30,0x34,0x37,0x36,0x20,0x31,0x33,0x2e,0x38,0x33,
  0x35,0x35,0x39,0x2d,0x37,0x2e,0x31,0x33,0x30,0x34,0x31,0x20,0x31,0x39,0x2e,0x38,
  0x34,0x38,0x35,0x32,0x2d,0x31,0x31,0x2e,0x32,0x39,0x35,0x31,0x34,0x20,0x39,0x2e,
  0x36,0x33,0x37,0x35,0x34,0x2d,0x36,0x2e,0x36,0x37,0x35,0x32,0x32,0x20,0x31,0x32,
  0x2e,0x31,0x32,0x37,0x30,0x39,0x2d,0x39,0x2e,0x32,0x38,0x31,0x39,0x31,0x20,0x32,
  0x31,0x2e,0x30,0x31,0x36,0x30,0x33,0x2d,0x32,0x32,0x2e,0x30,0x30,0x35,0x30,0x37,
  0x20,0x35,0x2e,0x35,0x34,0x35,0x38,0x37,0x2d,0x37,0x2e,0x39,0x33,0x38,0x30,0x37,
  0x20,0x31,0x33,0x2e,0x38,0x36,0x38,0x35,0x38,0x2d,0x32,0x31,0x2e,0x31,0x33,0x37,
  0x38,0x37,0x20,0x31,0x38,0x2e,0x34,0x39,0x34,0x38,0x39,0x2d,0x32,0x39,0x2e,0x33,
  0x33,0x32,0x38,0x38,0x6c,0x38,0x2e,0x34,0x31,0x31,0x34,0x36,0x2d,0x31,0x34,0x2e,
  0x39,0x30,0x30,0x30,0x33,0x20,0x32,0x34,0x2e,0x39,0x37,0x34,0x35,0x39,0x2d,0x31,
  0x38,0x2e,0x37,0x33,0x38,0x39,0x35,0x31,0x63,0x31,0x35,0x2e,0x32,0x39,0x34,0x37,
  0x36,0x2d,0x31,0x31,0x2e,0x34,0x37,0x35,0x39,0x35,0x31,0x20,0x33,0x31,0x2e,0x32,
  0x38,0x37,0x37,0x32,0x2d,0x32,0x32,0x2e,0x32,0x30,0x34,0x35,0x34,0x31,0x20,0x34,
  0x31,0x2e,0x32,0x36,0x32,0x38,0x32,0x2d,0x32,0x37,0x2e,0x36,0x38,0x30,0x33,0x37,
  0x34,0x6c,0x31,0x36,0x2e,0x32,0x38,0x38,0x31,0x36,0x2d,0x38,0x2e,0x39,0x34,0x31,
  0x34,0x20,0x31,0x30,0x2e,0x31,0x36,0x38,0x32,0x36,0x2e,0x32,0x39,0x30,0x35,0x39,
  0x36,0x63,0x36,0x2e,0x34,0x31,0x33,0x33,0x39,0x2e,0x31,0x38,0x33,0x32,0x39,0x33,
  0x20,0x31,0x30,0x2e,0x38,0x38,0x31,0x36,0x35,0x2e,0x39,0x33,0x39,0x37,0x34,0x20,
  0x31,0x32,0x2e,0x31,0x30,0x30,0x31,0x35,0x20,0x32,0x2e,0x30,0x34,0x38,0x34,0x39,
  0x31,0x20,0x31,0x2e,0x30,0x36,0x32,0x35,0x33,0x2e,0x39,0x36,0x36,0x38,0x33,0x39,
  0x20,0x33,0x2e,0x34,0x32,0x36,0x36,0x34,0x20,0x31,0x2e,0x39,0x35,0x31,0x39,0x34,
  0x20,0x35,0x2e,0x32,0x35,0x33,0x35,0x36,0x20,0x32,0x2e,0x31,0x38,0x39,0x31,0x31,
  0x20,0x32,0x2e,0x34,0x31,0x33,0x32,0x31,0x2e,0x33,0x31,0x33,0x32,0x37,0x37,0x20,
  0x33,0x31,0x2e,0x35,0x30,0x30,0x32,0x36,0x20,0x32,0x38,0x2e,0x33,0x32,0x30,0x31,
  0x37,0x35,0x20,0x31,0x30,0x36,0x2e,0x33,0x35,0x33,0x38,0x35,0x20,0x31,0x30,0x32,
  0x2e,0x34,0x30,0x34,0x35,0x30,0x38,0x20,0x35,0x36,0x2e,0x36,0x36,0x37,0x37,0x20,
  0x35,0x36,0x2e,0x30,0x38,0x35,0x33,0x31,0x20,0x31,0x30,0x33,0x2e,0x36,0x38,0x35,
  0x33,0x33,0x20,0x31,0x30,0x33,0x2e,0x31,0x39,0x31,0x31,0x35,0x20,0x31,0x30,0x34,
  0x2e,0x34,0x38,0x33,0x36,0x20,0x31,0x30,0x34,0x2e,0x36,0x37,0x39,0x36,0x37,0x20,
  0x31,0x2e,0x37,0x39,0x31,0x35,0x20,0x33,0x2e,0x33,0x34,0x30,0x34,0x35,0x20,0x31,
  0x37,0x2e,0x33,0x36,0x36,0x35,0x33,0x20,0x34,0x37,0x2e,0x37,0x32,0x31,0x38,0x33,
  0x20,0x31,0x30,0x2e,0x33,0x33,0x38,0x39,0x39,0x20,0x35,0x31,0x2e,0x30,0x35,0x37,
  0x37,0x35,0x20,0x31,0x2e,0x37,0x38,0x35,0x37,0x31,0x20,0x35,0x2e,0x36,0x37,0x39,
  0x38,0x33,0x20,0x35,0x2e,0x34,0x37,0x31,0x33,0x33,0x20,0x32,0x34,0x2e,0x35,0x35,
  0x37,0x35,0x20,0x36,0x2e,0x35,0x39,0x33,0x33,0x37,0x20,0x32,0x34,0x2e,0x30,0x32,
  0x31,0x36,0x20,0x36,0x2e,0x33,0x35,0x36,0x30,0x32,0x2d,0x33,0x2e,0x30,0x33,0x35,
  0x37,0x31,0x20,0x34,0x2e,0x39,0x30,0x30,0x31,0x38,0x2d,0x32,0x2e,0x34,0x39,0x39,
  0x37,0x34,0x20,0x33,0x2e,0x38,0x30,0x30,0x33,0x36,0x2d,0x37,0x2e,0x30,0x33,0x36,
  0x30,0x38,0x2d,0x2e,0x30,0x32,0x38,0x33,0x39,0x2d,0x32,0x2e,0x37,0x35,0x30,0x36,
  0x33,0x2d,0x31,0x2e,0x31,0x32,0x39,0x33,0x32,0x2d,0x39,0x2e,0x35,0x30,0x32,0x31,
  0x34,0x2d,0x31,0x2e,0x39,0x32,0x30,0x36,0x37,0x2d,0x31,0x33,0x2e,0x31,0x38,0x34,
  0x32,0x37,0x20,0x32,0x2e,0x34,0x35,0x38,0x34,0x39,0x2d,0x2e,0x32,0x37,0x36,0x33,
  0x31,0x20,0x31,0x34,0x2e,0x32,0x34,0x34,0x38,0x38,0x2d,0x32,0x2e,0x39,0x33,0x36,
  0x32,0x39,0x20,0x32,0x32,0x2e,0x35,0x38,0x38,0x32,0x39,0x2d,0x35,0x2e,0x32,0x35,
  0x36,0x30,0x34,0x6c,0x2d,0x31,0x2e,0x33,0x35,0x36,0x35,0x34,0x2d,0x37,0x2e,0x32,
  0x36,0x36,0x39,0x32,0x63,0x2e,0x37,0x37,0x35,0x34,0x33,0x2d,0x35,0x2e,0x38,0x39,
  0x35,0x33,0x36,0x20,0x32,0x2e,0x35,0x37,0x36,0x33,0x34,0x2d,0x37,0x2e,0x39,0x31,
  0x34,0x37,0x39,0x20,0x37,0x2e,0x30,0x38,0x37,0x35,0x2d,0x37,0x2e,0x39,0x34,0x37,
  0x35,0x20,0x33,0x2e,0x30,0x33,0x34,0x36,0x39,0x2d,0x2e,0x30,0x32,0x32,0x30,0x31,
  0x20,0x32,0x2e,0x38,0x34,0x37,0x32,0x32,0x20,0x36,0x2e,0x35,0x34,0x32,0x35,0x38,
  0x20,0x34,0x2e,0x32,0x37,0x35,0x37,0x39,0x20,0x31,0x32,0x2e,0x30,0x37,0x34,0x37,
  0x38,0x20,0x38,0x2e,0x32,0x31,0x34,0x32,0x39,0x2e,0x38,0x30,0x34,0x33,0x38,0x20,
  0x31,0x33,0x2e,0x36,0x37,0x39,0x36,0x38,0x20,0x31,0x2e,0x34,0x35,0x39,0x33,0x37,
  0x20,0x31,0x39,0x2e,0x31,0x36,0x35,0x35,0x36,0x20,0x32,0x2e,0x36,0x37,0x37,0x36,
  0x39,0x7a,0x22,0x20,0x66,0x69,0x6c,0x6c,0x3d,0x22,0x23,0x62,0x35,0x66,0x64,0x62,
  0x35,0x22,0x2f,0x3e,0xd,0xa,0x20,0x20,0x20,0x20,0x20,0x20,0x20,0x20,0x3c,0x70,
  0x61,0x74,0x68,0x20,0x64,0x3d,0x22,0x6d,0x36,0x36,0x39,0x2e,0x36,0x31,0x36,0x35,
  0x31,0x20,0x31,0x32,0x31,0x2e,0x39,0x30,0x32,0x38,0x35,0x2d,0x31,0x34,0x34,0x2e,
  0x33,0x32,0x36,0x31,0x39,0x2d,0x32,0x37,0x2e,0x34,0x30,0x32,0x33,0x35,0x2d,0x36,
  0x36,0x2e,0x33,0x37,0x36,0x39,0x35,0x2d,0x31,0x34,0x2e,0x30,0x30,0x38,0x37,0x39,
  0x2d,0x34,0x39,0x2e,0x33,0x32,0x36,0x31,0x37,0x2d,0x39,0x2e,0x31,0x33,0x30,0x38,
  0x36,0x2d,0x35,0x34,0x2e,0x31,0x39,0x39,0x32,0x33,0x2d,0x36,0x2e,0x30,0x38,0x38,
  0x38,0x36,0x2d,0x34,0x36,0x2e,0x32,0x37,0x39,0x32,0x38,0x2d,0x34,0x2e,0x32,0x36,
  0x37,0x35,0x38,0x20,0x32,0x30,0x37,0x2e,0x38,0x30,0x37,0x36,0x31,0x20,0x32,0x30,
  0x35,0x2e,0x34,0x37,0x33,0x36,0x33,0x20,0x38,0x2e,0x39,0x38,0x34,0x33,0x37,0x20,
  0x34,0x38,0x2e,0x31,0x35,0x39,0x31,0x38,0x20,0x36,0x34,0x2e,0x38,0x35,0x33,0x35,
  0x32,0x2d,0x32,0x33,0x2e,0x31,0x33,0x34,0x37,0x37,0x20,0x35,0x2e,0x37,0x38,0x36,
  0x31,0x33,0x20,0x37,0x32,0x2e,0x37,0x36,0x38,0x35,0x36,0x20,0x38,0x35,0x2e,0x32,
  0x35,0x33,0x38,0x39,0x2d,0x35,0x2e,0x37,0x38,0x36,0x31,0x34,0x2d,0x33,0x2e,0x39,
  0x35,0x39,0x39,0x2d,0x37,0x37,0x2e,0x36,0x34,0x31,0x36,0x20,0x36,0x35,0x2e,0x31,
  0x36,0x31,0x31,0x2d,0x31,0x2e,0x35,0x32,0x33,0x34,0x33,0x20,0x31,0x2e,0x32,0x31,
  0x35,0x38,0x2d,0x32,0x30,0x2e,0x34,0x30,0x30,0x33,0x39,0x20,0x35,0x34,0x2e,0x31,
  0x39,0x39,0x32,0x2d,0x31,0x30,0x32,0x2e,0x39,0x31,0x35,0x30,0x34,0x2d,0x33,0x35,
  0x2e,0x31,0x34,0x31,0x36,0x2d,0x31,0x36,0x2e,0x30,0x35,0x39,0x35,0x37,0x2d,0x34,
  0x39,0x2e,0x36,0x33,0x33,0x38,0x2d,0x31,0x31,0x2e,0x32,0x36,0x39,0x35,0x34,0x2d,
  0x33,0x38,0x2e,0x34,0x36,0x36,0x38,0x2d,0x35,0x2e,0x39,0x33,0x37,0x35,0x7a,0x22,
  0x20,0x66,0x69,0x6c,0x6c,0x3d,0x22,0x23,0x62,0x35,0x66,0x64,0x62,0x35,0x22,0x2f,
  0x3e,0xd,0xa,0x20,0x20,0x20,0x20,0x20,0x20,0x20,0x20,0x3c,0x70,0x61,0x74,0x68,
  0x20,0x64,0x3d,0x22,0x6d,0x35,0x39,0x31,0x2e,0x37,0x39,0x34,0x32,0x39,0x20,0x33,
  0x31,0x32,0x2e,0x38,0x31,0x32,0x32,0x35,0x20,0x35,0x2e,0x31,0x33,0x31,0x35,0x39,
  0x20,0x35,0x35,0x2e,0x32,0x32,0x33,0x36,0x35,0x63,0x2d,0x31,0x35,0x2e,0x31,0x36,
  0x34,0x32,0x32,0x20,0x31,0x2e,0x31,0x36,0x34,0x33,0x36,0x2d,0x36,0x31,0x2e,0x33,
  0x34,0x31,0x39,0x31,0x20,0x33,0x2e,0x37,0x34,0x36,0x34,0x35,0x2d,0x36,0x32,0x2e,
  0x30,0x32,0x31,0x38,0x34,0x20,0x34,0x2e,0x34,0x32,0x38,0x34,0x33,0x2d,0x2e,0x36,
  0x37,0x39,0x39,0x34,0x2e,0x36,0x38,0x31,0x39,0x39,0x2e,0x30,0x30,0x33,0x36,0x34,
  0x20,0x32,0x30,0x2e,0x39,0x35,0x33,0x33,0x39,0x2e,0x32,0x30,0x39,0x35,0x32,0x20,
  0x32,0x37,0x2e,0x35,0x38,0x37,0x32,0x32,0x2e,0x32,0x39,0x39,0x39,0x37,0x20,0x39,
  0x2e,0x36,0x36,0x35,0x30,0x37,0x20,0x31,0x2e,0x35,0x36,0x31,0x31,0x38,0x20,0x39,
  0x2e,0x38,0x35,0x35,0x30,0x36,0x20,0x33,0x2e,0x36,0x34,0x30,0x30,0x36,0x20,0x39,
  0x2e,0x38,0x37,0x34,0x34,0x31,0x20,0x34,0x2e,0x38,0x39,0x37,0x35,0x32,0x2e,0x30,
  0x34,0x35,0x35,0x38,0x20,0x31,0x30,0x36,0x2e,0x32,0x38,0x32,0x35,0x39,0x2d,0x33,
  0x2e,0x35,0x32,0x38,0x38,0x38,0x20,0x31,0x30,0x38,0x2e,0x39,0x37,0x38,0x31,0x37,
  0x2d,0x36,0x2e,0x30,0x30,0x39,0x30,0x36,0x20,0x32,0x2e,0x31,0x36,0x30,0x34,0x33,
  0x2d,0x31,0x2e,0x39,0x38,0x37,0x38,0x20,0x34,0x2e,0x37,0x34,0x39,0x33,0x31,0x2d,
  0x37,0x2e,0x37,0x39,0x32,0x38,0x20,0x36,0x2e,0x39,0x33,0x31,0x37,0x35,0x2d,0x31,
  0x33,0x2e,0x37,0x35,0x35,0x32,0x33,0x20,0x31,0x2e,0x35,0x30,0x30,0x34,0x36,0x2d,
  0x34,0x2e,0x30,0x39,0x39,0x32,0x34,0x20,0x32,0x2e,0x32,0x32,0x30,0x39,0x38,0x2d,
  0x37,0x2e,0x39,0x31,0x39,0x39,0x38,0x20,0x39,0x2e,0x33,0x36,0x35,0x39,0x33,0x2d,
  0x37,0x2e,0x39,0x31,0x39,0x39,0x38,0x20,0x36,0x2e,0x30,0x32,0x33,0x32,0x36,0x20,
  0x30,0x20,0x36,0x2e,0x31,0x37,0x35,0x30,0x31,0x2e,0x36,0x39,0x36,0x36,0x38,0x20,
  0x36,0x2e,0x31,0x31,0x30,0x35,0x37,0x20,0x31,0x33,0x2e,0x30,0x33,0x36,0x31,0x36,
  0x2d,0x2e,0x30,0x34,0x34,0x38,0x31,0x20,0x38,0x2e,0x35,0x38,0x31,0x36,0x35,0x2d,
  0x2e,0x36,0x34,0x34,0x33,0x36,0x20,0x37,0x2e,0x39,0x39,0x36,0x36,0x36,0x2d,0x34,
  0x2e,0x32,0x30,0x30,0x33,0x36,0x20,0x31,0x32,0x2e,0x35,0x39,0x38,0x39,0x31,0x2d,
  0x31,0x2e,0x39,0x35,0x38,0x36,0x34,0x20,0x32,0x2e,0x35,0x33,0x34,0x39,0x33,0x2d,
  0x35,0x2e,0x37,0x30,0x39,0x33,0x32,0x20,0x32,0x2e,0x37,0x32,0x32,0x33,0x2d,0x31,
  0x38,0x2e,0x31,0x35,0x37,0x36,0x20,0x33,0x2e,0x36,0x30,0x36,0x35,0x37,0x2d,0x32,
  0x33,0x2e,0x39,0x31,0x39,0x36,0x20,0x31,0x2e,0x32,0x33,0x32,0x38,0x37,0x2d,0x31,
  0x39,0x2e,0x34,0x33,0x36,0x35,0x2e,0x38,0x37,0x31,0x36,0x33,0x2d,0x38,0x30,0x2e,
  0x39,0x35,0x32,0x34,0x38,0x20,0x35,0x2e,0x30,0x34,0x32,0x31,0x2d,0x32,0x30,0x2e,
  0x36,0x31,0x34,0x30,0x39,0x2d,0x2e,0x33,0x35,0x32,0x36,0x35,0x2d,0x34,0x33,0x2e,
  0x37,0x39,0x35,0x36,0x32,0x20,0x35,0x2e,0x31,0x37,0x38,0x38,0x39,0x2d,0x35,0x30,
  0x2e,0x32,0x30,0x34,0x39,0x37,0x20,0x35,0x2e,0x36,0x32,0x35,0x36,0x31,0x6c,0x2d,
  0x31,0x31,0x2e,0x36,0x35,0x33,0x33,0x39,0x2e,0x38,0x31,0x32,0x32,0x35,0x2d,0x31,
  0x32,0x2e,0x37,0x37,0x30,0x31,0x35,0x2d,0x37,0x2e,0x38,0x38,0x39,0x33,0x35,0x63,
  0x2d,0x31,0x36,0x2e,0x34,0x31,0x35,0x32,0x34,0x2d,0x31,0x30,0x2e,0x31,0x34,0x31,
  0x32,0x37,0x2d,0x34,0x38,0x2e,0x38,0x31,0x36,0x35,0x32,0x2d,0x32,0x31,0x2e,0x32,
  0x30,0x35,0x39,0x32,0x2d,0x38,0x34,0x2e,0x31,0x31,0x38,0x30,0x36,0x2d,0x32,0x38,
  0x2e,0x37,0x32,0x35,0x33,0x33,0x2d,0x33,0x33,0x2e,0x37,0x35,0x30,0x38,0x37,0x2d,
  0x37,0x2e,0x31,0x38,0x39,0x30,0x38,0x2d,0x35,0x36,0x2e,0x31,0x31,0x30,0x33,0x33,
  0x2d,0x31,0x33,0x2e,0x34,0x31,0x33,0x32,0x38,0x2d,0x37,0x38,0x2e,0x31,0x39,0x31,
  0x33,0x35,0x2d,0x32,0x31,0x2e,0x37,0x36,0x36,0x30,0x39,0x2d,0x31,0x36,0x2e,0x39,
  0x32,0x37,0x39,0x33,0x2d,0x36,0x2e,0x34,0x30,0x33,0x35,0x2d,0x32,0x30,0x2e,0x30,
  0x36,0x36,0x38,0x32,0x2d,0x37,0x2e,0x31,0x37,0x32,0x31,0x31,0x2d,0x33,0x32,0x2e,
  0x34,0x36,0x30,0x33,0x31,0x2d,0x37,0x2e,0x39,0x34,0x38,0x33,0x33,0x2d,0x31,0x33,
  0x2e,0x33,0x37,0x34,0x39,0x32,0x2d,0x2e,0x38,0x33,0x37,0x36,0x39,0x2d,0x31,0x33,
  0x2e,0x39,0x33,0x34,0x36,0x32,0x2d,0x2e,0x39,0x39,0x39,0x34,0x32,0x2d,0x32,0x32,
  0x2e,0x32,0x33,0x37,0x38,0x35,0x2d,0x36,0x2e,0x34,0x32,0x35,0x35,0x31,0x2d,0x37,
  0x2e,0x31,0x35,0x37,0x36,0x39,0x2d,0x34,0x2e,0x36,0x37,0x37,0x35,0x2d,0x39,0x2e,
  0x31,0x36,0x35,0x37,0x35,0x2d,0x35,0x2e,0x34,0x32,0x33,0x34,0x31,0x2d,0x31,0x32,
  0x2e,0x35,0x37,0x37,0x30,0x31,0x2d,0x34,0x2e,0x36,0x37,0x31,0x39,0x31,0x2d,0x34,
  0x2e,0x34,0x31,0x37,0x35,0x34,0x2e,0x39,0x37,0x33,0x31,0x38,0x2d,0x34,0x2e,0x35,
  0x33,0x33,0x30,0x31,0x20,0x32,0x2e,0x31,0x33,0x31,0x36,0x34,0x2d,0x31,0x2e,0x30,
  0x36,0x35,0x36,0x37,0x20,0x31,0x30,0x2e,0x36,0x39,0x32,0x36,0x31,0x20,0x31,0x2e,
  0x36,0x35,0x30,0x34,0x31,0x20,0x34,0x2e,0x30,0x37,0x34,0x39,0x32,0x20,0x31,0x2e,
  0x35,0x34,0x35,0x33,0x36,0x20,0x34,0x2e,0x33,0x39,0x33,0x31,0x37,0x2d,0x32,0x2e,
  0x39,0x33,0x32,0x39,0x35,0x20,0x38,0x2e,0x38,0x38,0x34,0x39,0x38,0x6c,0x2d,0x34,
  0x2e,0x36,0x34,0x34,0x36,0x37,0x20,0x34,0x2e,0x36,0x35,0x38,0x36,0x39,0x2d,0x31,
  0x39,0x2e,0x38,0x37,0x36,0x35,0x32,0x2d,0x34,0x2e,0x36,0x31,0x36,0x36,0x36,0x63,
  0x2d,0x32,0x32,0x2e,0x33,0x37,0x30,0x34,0x33,0x2d,0x35,0x2e,0x31,0x39,0x35,0x39,
  0x32,0x2d,0x35,0x33,0x2e,0x32,0x33,0x39,0x31,0x35,0x2d,0x31,0x30,0x2e,0x34,0x34,
  0x38,0x39,0x37,0x2d,0x37,0x33,0x2e,0x35,0x31,0x31,0x39,0x32,0x2d,0x31,0x32,0x2e,
  0x35,0x30,0x39,0x37,0x39,0x2d,0x37,0x2e,0x34,0x36,0x33,0x37,0x32,0x2d,0x2e,0x37,
  0x35,0x38,0x37,0x32,0x2d,0x32,0x35,0x2e,0x32,0x30,0x32,0x31,0x38,0x2d,0x33,0x2e,
  0x35,0x32,0x35,0x35,0x31,0x2d,0x33,0x39,0x2e,0x34,0x31,0x38,0x37,0x39,0x2d,0x36,
  0x2e,0x31,0x34,0x38,0x34,0x33,0x6c,0x2d,0x32,0x35,0x2e,0x38,0x34,0x38,0x33,0x37,
  0x37,0x2d,0x34,0x2e,0x37,0x36,0x38,0x39,0x33,0x63,0x2d,0x31,0x33,0x2e,0x32,0x37,
  0x38,0x30,0x38,0x31,0x2d,0x31,0x34,0x2e,0x35,0x31,0x34,0x39,0x31,0x2d,0x32,0x38,
  0x2e,0x37,0x34,0x30,0x38,0x38,0x31,0x2d,0x32,0x37,0x2e,0x38,0x33,0x34,0x32,0x31,
  0x2d,0x33,0x39,0x2e,0x35,0x36,0x39,0x34,0x39,0x32,0x2d,0x34,0x34,0x2e,0x34,0x35,
  0x34,0x30,0x32,0x2d,0x31,0x2e,0x35,0x39,0x35,0x32,0x30,0x37,0x2d,0x32,0x2e,0x39,
  0x38,0x39,0x36,0x36,0x2d,0x31,0x2e,0x34,0x31,0x32,0x33,0x35,0x35,0x2d,0x33,0x2e,
  0x35,0x30,0x37,0x35,0x39,0x20,0x32,0x2e,0x34,0x36,0x35,0x32,0x39,0x2d,0x36,0x2e,
  0x39,0x38,0x32,0x37,0x32,0x20,0x33,0x2e,0x39,0x39,0x32,0x33,0x37,0x33,0x2d,0x33,
  0x2e,0x35,0x37,0x37,0x39,0x35,0x20,0x34,0x2e,0x37,0x37,0x36,0x37,0x39,0x34,0x2d,
  0x33,0x2e,0x37,0x35,0x37,0x38,0x20,0x31,0x36,0x2e,0x37,0x36,0x38,0x39,0x39,0x35,
  0x2d,0x33,0x2e,0x38,0x34,0x34,0x36,0x35,0x20,0x36,0x2e,0x39,0x31,0x39,0x33,0x38,
  0x2d,0x2e,0x30,0x35,0x30,0x31,0x31,0x20,0x31,0x33,0x2e,0x35,0x38,0x37,0x36,0x34,
  0x32,0x2d,0x2e,0x34,0x39,0x31,0x34,0x34,0x20,0x31,0x34,0x2e,0x38,0x31,0x38,0x33,
  0x36,0x31,0x2d,0x2e,0x39,0x38,0x30,0x37,0x33,0x20,0x31,0x2e,0x32,0x33,0x30,0x37,
  0x30,0x36,0x2d,0x2e,0x34,0x38,0x39,0x33,0x20,0x35,0x2e,0x35,0x39,0x32,0x36,0x32,
  0x2d,0x35,0x2e,0x36,0x32,0x37,0x33,0x31,0x20,0x39,0x2e,0x36,0x39,0x33,0x31,0x34,
  0x33,0x2d,0x31,0x31,0x2e,0x34,0x31,0x37,0x38,0x31,0x20,0x37,0x2e,0x37,0x39,0x34,
  0x33,0x39,0x2d,0x31,0x31,0x2e,0x30,0x30,0x36,0x38,0x20,0x32,0x37,0x2e,0x39,0x32,
  0x35,0x30,0x38,0x2d,0x33,0x38,0x2e,0x30,0x31,0x37,0x34,0x34,0x20,0x33,0x36,0x2e,
  0x35,0x32,0x36,0x39,0x36,0x2d,0x34,0x39,0x2e,0x30,0x31,0x30,0x35,0x36,0x20,0x32,
  0x2e,0x37,0x35,0x37,0x31,0x38,0x2d,0x33,0x2e,0x35,0x32,0x33,0x36,0x37,0x20,0x31,
  0x32,0x2e,0x32,0x36,0x32,0x33,0x2d,0x32,0x31,0x2e,0x36,0x30,0x37,0x33,0x32,0x20,
  0x32,0x31,0x2e,0x31,0x32,0x32,0x35,0x31,0x2d,0x34,0x30,0x2e,0x31,0x38,0x35,0x38,
  0x39,0x20,0x38,0x2e,0x38,0x36,0x30,0x31,0x39,0x2d,0x31,0x38,0x2e,0x35,0x37,0x38,
  0x35,0x39,0x20,0x32,0x30,0x2e,0x36,0x37,0x34,0x33,0x38,0x2d,0x34,0x31,0x2e,0x36,
  0x32,0x30,0x38,0x34,0x20,0x32,0x36,0x2e,0x32,0x35,0x33,0x37,0x36,0x2d,0x35,0x31,
  0x2e,0x32,0x30,0x35,0x30,0x34,0x20,0x31,0x31,0x2e,0x36,0x38,0x30,0x33,0x2d,0x32,
  0x30,0x2e,0x30,0x36,0x34,0x32,0x37,0x20,0x36,0x2e,0x30,0x33,0x36,0x39,0x34,0x2d,
  0x31,0x35,0x2e,0x34,0x32,0x35,0x32,0x37,0x20,0x36,0x33,0x2e,0x30,0x37,0x30,0x33,
  0x37,0x2d,0x35,0x31,0x2e,0x38,0x34,0x35,0x34,0x33,0x37,0x6c,0x33,0x30,0x2e,0x39,
  0x35,0x34,0x39,0x33,0x2d,0x31,0x39,0x2e,0x37,0x36,0x37,0x30,0x36,0x34,0x20,0x35,
  0x2e,0x38,0x37,0x39,0x30,0x32,0x20,0x31,0x2e,0x32,0x38,0x33,0x34,0x38,0x36,0x63,
  0x32,0x30,0x2e,0x37,0x37,0x33,0x32,0x20,0x34,0x2e,0x35,0x33,0x35,0x31,0x32,0x20,
  0x31,0x38,0x2e,0x31,0x35,0x34,0x32,0x39,0x20,0x32,0x2e,0x38,0x38,0x33,0x36,0x32,
  0x33,0x20,0x34,0x32,0x2e,0x35,0x34,0x32,0x35,0x33,0x20,0x32,0x36,0x2e,0x38,0x32,
  0x37,0x34,0x31,0x34,0x20,0x31,0x32,0x2e,0x33,0x34,0x35,0x38,0x31,0x20,0x31,0x32,
  0x2e,0x31,0x32,0x30,0x38,0x30,0x31,0x20,0x32,0x38,0x2e,0x32,0x39,0x32,0x39,0x32,
  0x20,0x32,0x37,0x2e,0x36,0x32,0x34,0x39,0x37,0x31,0x20,0x33,0x35,0x2e,0x34,0x33,
  0x38,0x30,0x33,0x20,0x33,0x34,0x2e,0x34,0x35,0x33,0x37,0x32,0x31,0x20,0x32,0x37,
  0x2e,0x30,0x33,0x35,0x37,0x34,0x20,0x32,0x36,0x2e,0x37,0x38,0x36,0x36,0x35,0x20,
  0x37,0x33,0x2e,0x34,0x36,0x33,0x30,0x39,0x20,0x37,0x32,0x2e,0x31,0x37,0x30,0x31,
  0x33,0x20,0x31,0x31,0x33,0x2e,0x34,0x35,0x31,0x35,0x31,0x20,0x31,0x31,0x31,0x2e,
  0x34,0x30,0x32,0x30,0x33,0x6c,0x2d,0x34,0x2e,0x39,0x34,0x37,0x37,0x34,0x20,0x34,
  0x2e,0x30,0x38,0x38,0x37,0x35,0x20,0x35,0x2e,0x38,0x39,0x34,0x33,0x37,0x20,0x39,
  0x2e,0x31,0x33,0x39,0x36,0x33,0x63,0x2d,0x34,0x2e,0x36,0x38,0x35,0x33,0x31,0x20,
  0x33,0x2e,0x33,0x35,0x34,0x33,0x35,0x2d,0x31,0x32,0x2e,0x30,0x36,0x30,0x39,0x35,
  0x20,0x38,0x2e,0x39,0x31,0x33,0x31,0x36,0x2d,0x31,0x37,0x2e,0x38,0x35,0x35,0x37,
  0x33,0x20,0x31,0x31,0x2e,0x37,0x30,0x34,0x33,0x35,0x2d,0x2e,0x33,0x37,0x34,0x30,
  0x35,0x20,0x39,0x2e,0x30,0x33,0x30,0x35,0x35,0x2d,0x33,0x2e,0x32,0x36,0x31,0x36,
  0x34,0x20,0x31,0x34,0x2e,0x36,0x35,0x35,0x39,0x33,0x20,0x31,0x2e,0x38,0x37,0x39,
  0x34,0x39,0x20,0x31,0x39,0x2e,0x38,0x31,0x32,0x35,0x37,0x20,0x32,0x2e,0x35,0x35,
  0x32,0x35,0x34,0x20,0x32,0x2e,0x35,0x36,0x30,0x32,0x34,0x20,0x33,0x2e,0x39,0x31,
  0x30,0x31,0x36,0x20,0x32,0x2e,0x34,0x31,0x37,0x37,0x39,0x20,0x37,0x2e,0x34,0x33,
  0x31,0x34,0x31,0x20,0x32,0x2e,0x33,0x34,0x38,0x35,0x37,0x20,0x36,0x2e,0x32,0x35,
  0x38,0x37,0x33,0x2d,0x2e,0x31,0x32,0x33,0x30,0x34,0x20,0x31,0x32,0x2e,0x32,0x33,
  0x32,0x38,0x35,0x2d,0x2e,0x31,0x34,0x39,0x34,0x38,0x20,0x32,0x35,0x2e,0x30,0x36,
  0x35,0x32,0x36,0x2d,0x2e,0x31,0x36,0x30,0x30,0x37,0x2d,0x2e,0x36,0x32,0x30,0x30,
  0x34,0x20,0x32,0x32,0x2e,0x35,0x34,0x39,0x32,0x34,0x2d,0x2e,0x33,0x30,0x31,0x37,
  0x33,0x20,0x33,0x31,0x2e,0x37,0x39,0x36,0x35,0x37,0x2d,0x2e,0x32,0x30,0x32,0x33,
  0x39,0x20,0x35,0x34,0x2e,0x39,0x30,0x31,0x33,0x35,0x2e,0x36,0x31,0x35,0x39,0x33,
  0x20,0x32,0x2e,0x34,0x36,0x31,0x34,0x36,0x20,0x31,0x2e,0x36,0x33,0x36,0x35,0x33,
  0x20,0x33,0x2e,0x31,0x34,0x37,0x32,0x35,0x20,0x34,0x2e,0x36,0x38,0x33,0x37,0x36,
  0x20,0x33,0x2e,0x31,0x34,0x37,0x32,0x35,0x20,0x33,0x2e,0x30,0x38,0x38,0x32,0x38,
  0x20,0x30,0x20,0x35,0x2e,0x31,0x31,0x37,0x20,0x32,0x2e,0x38,0x38,0x36,0x31,0x39,
  0x20,0x35,0x2e,0x35,0x31,0x33,0x34,0x20,0x37,0x2e,0x30,0x37,0x30,0x36,0x31,0x2e,
  0x34,0x30,0x37,0x33,0x31,0x20,0x34,0x2e,0x32,0x39,0x39,0x35,0x35,0x20,0x34,0x2e,
  0x37,0x33,0x38,0x36,0x20,0x32,0x2e,0x35,0x39,0x35,0x39,0x20,0x35,0x2e,0x39,0x33,
  0x34,0x35,0x39,0x20,0x33,0x2e,0x32,0x33,0x37,0x39,0x31,0x20,0x31,0x2e,0x37,0x38,
  0x32,0x34,0x34,0x2e,0x39,0x35,0x36,0x38,0x20,0x31,0x35,0x2e,0x32,0x31,0x31,0x32,
  0x20,0x31,0x2e,0x38,0x35,0x35,0x36,0x34,0x20,0x32,0x31,0x2e,0x37,0x36,0x33,0x35,
  0x39,0x20,0x31,0x2e,0x34,0x35,0x36,0x37,0x31,0x20,0x31,0x2e,0x31,0x30,0x39,0x39,
  0x31,0x2d,0x2e,0x30,0x36,0x37,0x35,0x37,0x20,0x31,0x2e,0x36,0x31,0x35,0x35,0x32,
  0x2d,0x32,0x2e,0x36,0x33,0x37,0x38,0x38,0x20,0x31,0x2e,0x36,0x31,0x35,0x35,0x32,
  0x2d,0x38,0x2e,0x32,0x31,0x32,0x36,0x31,0x20,0x30,0x2d,0x36,0x2e,0x36,0x31,0x32,
  0x34,0x39,0x20,0x33,0x2e,0x36,0x37,0x35,0x39,0x38,0x2d,0x35,0x2e,0x35,0x34,0x36,
  0x33,0x31,0x20,0x35,0x2e,0x37,0x30,0x38,0x39,0x2d,0x36,0x2e,0x38,0x31,0x39,0x37,
  0x32,0x20,0x31,0x2e,0x33,0x37,0x32,0x30,0x34,0x2d,0x2e,0x38,0x35,0x39,0x34,0x34,
  0x2d,0x32,0x2e,0x31,0x37,0x31,0x37,0x33,0x2d,0x31,0x35,0x2e,0x36,0x37,0x35,0x39,
  0x31,0x2d,0x32,0x2e,0x30,0x39,0x32,0x30,0x35,0x2d,0x31,0x37,0x2e,0x36,0x37,0x33,
  0x30,0x32,0x2e,0x30,0x38,0x37,0x34,0x38,0x2d,0x32,0x2e,0x31,0x39,0x32,0x36,0x37,
  0x20,0x31,0x38,0x2e,0x35,0x31,0x36,0x34,0x2d,0x34,0x2e,0x38,0x32,0x34,0x38,0x39,
  0x20,0x32,0x31,0x2e,0x35,0x34,0x34,0x36,0x34,0x2d,0x35,0x2e,0x36,0x38,0x36,0x33,
  0x33,0x20,0x33,0x2e,0x30,0x32,0x38,0x32,0x35,0x2d,0x2e,0x38,0x36,0x31,0x34,0x33,
  0x2d,0x2e,0x37,0x37,0x32,0x37,0x35,0x2d,0x37,0x2e,0x34,0x35,0x32,0x30,0x39,0x2e,
  0x32,0x31,0x32,0x30,0x32,0x2d,0x31,0x30,0x2e,0x37,0x37,0x35,0x39,0x35,0x20,0x32,
  0x2e,0x35,0x36,0x33,0x34,0x36,0x2d,0x2e,0x36,0x32,0x37,0x34,0x36,0x20,0x34,0x2e,
  0x39,0x36,0x39,0x36,0x33,0x2d,0x31,0x2e,0x39,0x35,0x32,0x33,0x33,0x20,0x38,0x2e,
  0x35,0x36,0x39,0x35,0x36,0x2d,0x32,0x2e,0x36,0x30,0x33,0x36,0x39,0x2e,0x30,0x32,
  0x38,0x35,0x32,0x20,0x32,0x2e,0x39,0x32,0x30,0x30,0x37,0x2e,0x37,0x34,0x33,0x35,
  0x35,0x20,0x37,0x2e,0x37,0x34,0x35,0x38,0x35,0x20,0x31,0x2e,0x32,0x36,0x30,0x31,
  0x33,0x20,0x31,0x30,0x2e,0x32,0x35,0x39,0x30,0x36,0x22,0x20,0x66,0x69,0x6c,0x6c,
  0x3d,0x22,0x23,0x35,0x30,0x62,0x39,0x35,0x38,0x22,0x2f,0x3e,0xd,0xa,0x20,0x20,
  0x20,0x20,0x20,0x20,0x20,0x20,0x3c,0x70,0x61,0x74,0x68,0x20,0x64,0x3d,0x22,0x6d,
  0x36,0x39,0x35,0x2e,0x36,0x30,0x33,0x39,0x37,0x20,0x35,0x33,0x32,0x2e,0x35,0x38,
  0x38,0x32,0x35,0x63,0x2d,0x31,0x2e,0x32,0x39,0x30,0x36,0x39,0x2d,0x2e,0x30,0x35,
  0x36,0x32,0x39,0x2d,0x37,0x2e,0x37,0x31,0x34,0x36,0x36,0x20,0x33,0x2e,0x34,0x34,
  0x37,0x38,0x35,0x2d,0x39,0x2e,0x30,0x38,0x39,0x35,0x38,0x20,0x34,0x2e,0x31,0x38,
  0x35,0x39,0x31,0x2d,0x32,0x2e,0x32,0x35,0x36,0x35,0x31,0x20,0x31,0x2e,0x32,0x31,
  0x31,0x32,0x39,0x2d,0x32,0x2e,0x34,0x39,0x39,0x38,0x38,0x20,0x32,0x2e,0x38,0x34,
  0x33,0x33,0x39,0x2d,0x32,0x2e,0x34,0x39,0x39,0x38,0x38,0x20,0x31,0x36,0x2e,0x37,
  0x36,0x35,0x33,0x36,0x76,0x31,0x35,0x2e,0x34,0x32,0x33,0x34,0x33,0x6c,0x2d,0x35,
  0x2e,0x34,0x39,0x32,0x37,0x38,0x20,0x34,0x2e,0x34,0x33,0x30,0x32,0x63,0x2d,0x33,
  0x2e,0x30,0x32,0x31,0x30,0x33,0x20,0x32,0x2e,0x34,0x33,0x36,0x36,0x2d,0x31,0x30,
  0x2e,0x38,0x38,0x38,0x39,0x33,0x20,0x38,0x2e,0x33,0x36,0x37,0x38,0x37,0x2d,0x31,
  0x37,0x2e,0x34,0x38,0x34,0x32,0x31,0x20,0x31,0x33,0x2e,0x31,0x38,0x30,0x35,0x39,
  0x6c,0x2d,0x31,0x31,0x2e,0x39,0x39,0x31,0x34,0x32,0x20,0x38,0x2e,0x37,0x35,0x30,
  0x34,0x2d,0x31,0x34,0x2e,0x31,0x38,0x36,0x33,0x32,0x20,0x31,0x2e,0x38,0x35,0x37,
  0x39,0x37,0x63,0x2d,0x32,0x30,0x2e,0x36,0x30,0x39,0x33,0x39,0x20,0x32,0x2e,0x36,
  0x39,0x39,0x31,0x37,0x2d,0x31,0x39,0x2e,0x37,0x35,0x33,0x37,0x31,0x20,0x32,0x2e,
  0x31,0x32,0x37,0x32,0x32,0x2d,0x32,0x31,0x2e,0x32,0x38,0x32,0x31,0x31,0x20,0x31,
  0x34,0x2e,0x32,0x32,0x35,0x32,0x33,0x6c,0x2d,0x31,0x2e,0x32,0x39,0x32,0x34,0x32,
  0x20,0x31,0x30,0x2e,0x32,0x33,0x30,0x31,0x31,0x2d,0x32,0x31,0x2e,0x39,0x37,0x31,
  0x31,0x32,0x20,0x32,0x2e,0x38,0x31,0x37,0x33,0x38,0x63,0x2d,0x31,0x32,0x2e,0x30,
  0x38,0x34,0x31,0x32,0x20,0x31,0x2e,0x35,0x34,0x39,0x35,0x37,0x2d,0x32,0x37,0x2e,
  0x37,0x38,0x37,0x30,0x31,0x20,0x33,0x2e,0x34,0x38,0x37,0x32,0x37,0x2d,0x33,0x34,
  0x2e,0x38,0x39,0x35,0x33,0x32,0x20,0x34,0x2e,0x33,0x30,0x35,0x39,0x39,0x2d,0x39,
  0x2e,0x37,0x33,0x32,0x31,0x35,0x20,0x31,0x2e,0x31,0x32,0x30,0x39,0x35,0x2d,0x31,
  0x33,0x2e,0x36,0x30,0x38,0x37,0x32,0x20,0x32,0x2e,0x31,0x33,0x30,0x30,0x36,0x2d,
  0x31,0x35,0x2e,0x36,0x39,0x35,0x37,0x38,0x20,0x34,0x2e,0x30,0x38,0x35,0x37,0x39,
  0x2d,0x37,0x2e,0x39,0x34,0x34,0x35,0x38,0x20,0x38,0x2e,0x38,0x38,0x35,0x33,0x38,
  0x2d,0x2e,0x34,0x39,0x35,0x32,0x33,0x2d,0x2e,0x33,0x39,0x30,0x32,0x35,0x2d,0x32,
  0x30,0x2e,0x35,0x36,0x33,0x34,0x39,0x20,0x32,0x36,0x2e,0x33,0x35,0x39,0x32,0x36,
  0x2d,0x39,0x2e,0x36,0x31,0x35,0x39,0x37,0x20,0x31,0x32,0x2e,0x36,0x33,0x31,0x33,
  0x37,0x2d,0x31,0x38,0x2e,0x33,0x35,0x37,0x20,0x32,0x34,0x2e,0x33,0x30,0x33,0x31,
  0x37,0x2d,0x31,0x39,0x2e,0x34,0x32,0x34,0x35,0x31,0x20,0x32,0x35,0x2e,0x39,0x33,
  0x37,0x33,0x32,0x2d,0x31,0x2e,0x37,0x37,0x34,0x38,0x34,0x20,0x32,0x2e,0x37,0x31,
  0x36,0x39,0x33,0x2d,0x31,0x2e,0x34,0x33,0x35,0x33,0x38,0x20,0x35,0x2e,0x33,0x37,
  0x38,0x33,0x38,0x20,0x33,0x2e,0x39,0x36,0x36,0x37,0x38,0x20,0x33,0x31,0x2e,0x30,
  0x39,0x39,0x34,0x36,0x20,0x36,0x2e,0x38,0x33,0x37,0x31,0x35,0x20,0x33,0x31,0x2e,
  0x37,0x33,0x38,0x38,0x32,0x20,0x31,0x33,0x2e,0x35,0x31,0x32,0x35,0x36,0x20,0x36,
  0x33,0x2e,0x35,0x31,0x30,0x30,0x37,0x20,0x32,0x30,0x2e,0x30,0x38,0x34,0x34,0x31,
  0x20,0x39,0x35,0x2e,0x33,0x30,0x35,0x35,0x35,0x20,0x39,0x2e,0x34,0x31,0x31,0x37,
  0x36,0x20,0x34,0x38,0x2e,0x39,0x32,0x33,0x35,0x20,0x31,0x30,0x2e,0x39,0x38,0x33,
  0x37,0x34,0x20,0x35,0x34,0x2e,0x38,0x30,0x37,0x35,0x20,0x31,0x36,0x2e,0x31,0x37,
  0x32,0x36,0x39,0x20,0x37,0x38,0x2e,0x34,0x33,0x37,0x32,0x32,0x20,0x31,0x2e,0x38,
  0x31,0x31,0x37,0x34,0x20,0x37,0x2e,0x38,0x33,0x35,0x36,0x34,0x20,0x38,0x2e,0x33,
  0x35,0x31,0x36,0x20,0x36,0x31,0x2e,0x35,0x36,0x35,0x38,0x31,0x20,0x38,0x2e,0x33,
  0x35,0x31,0x36,0x20,0x36,0x38,0x2e,0x36,0x31,0x35,0x30,0x35,0x20,0x30,0x20,0x32,
  0x2e,0x30,0x34,0x35,0x31,0x38,0x2d,0x31,0x2e,0x36,0x34,0x37,0x32,0x34,0x20,0x34,
  0x2e,0x30,0x36,0x39,0x36,0x2d,0x35,0x2e,0x32,0x36,0x35,0x36,0x34,0x20,0x36,0x2e,
  0x34,0x37,0x31,0x33,0x37,0x6c,0x2d,0x35,0x2e,0x32,0x36,0x35,0x36,0x34,0x20,0x33,
  0x2e,0x34,0x39,0x35,0x31,0x35,0x2d,0x38,0x30,0x2e,0x33,0x35,0x37,0x31,0x33,0x2d,
  0x31,0x2e,0x39,0x35,0x37,0x33,0x31,0x2d,0x38,0x30,0x2e,0x33,0x35,0x37,0x31,0x32,
  0x2d,0x31,0x2e,0x39,0x35,0x37,0x33,0x2d,0x31,0x30,0x2e,0x33,0x33,0x39,0x33,0x36,
  0x2d,0x33,0x2e,0x34,0x38,0x35,0x34,0x63,0x2d,0x35,0x2e,0x36,0x38,0x36,0x36,0x34,
  0x2d,0x31,0x2e,0x39,0x31,0x36,0x39,0x37,0x2d,0x31,0x31,0x2e,0x33,0x35,0x33,0x35,
  0x36,0x2d,0x34,0x2e,0x33,0x36,0x38,0x36,0x37,0x2d,0x31,0x32,0x2e,0x35,0x39,0x33,
  0x31,0x35,0x2d,0x35,0x2e,0x34,0x34,0x38,0x32,0x35,0x2d,0x34,0x2e,0x38,0x30,0x38,
  0x33,0x38,0x2d,0x34,0x2e,0x31,0x38,0x37,0x36,0x35,0x2d,0x33,0x31,0x2e,0x32,0x33,
  0x30,0x34,0x33,0x2d,0x33,0x39,0x2e,0x38,0x30,0x39,0x33,0x32,0x2d,0x33,0x32,0x2e,
  0x38,0x30,0x34,0x33,0x36,0x2d,0x34,0x34,0x2e,0x32,0x32,0x36,0x31,0x38,0x2d,0x32,
  0x2e,0x33,0x39,0x38,0x37,0x38,0x2d,0x36,0x2e,0x37,0x33,0x31,0x35,0x37,0x2d,0x32,
  0x2e,0x33,0x31,0x33,0x33,0x2d,0x33,0x34,0x2e,0x39,0x38,0x39,0x39,0x39,0x2e,0x31,
  0x32,0x34,0x38,0x2d,0x34,0x31,0x2e,0x32,0x35,0x39,0x36,0x37,0x20,0x31,0x2e,0x30,
  0x34,0x35,0x33,0x32,0x2d,0x32,0x2e,0x36,0x38,0x38,0x30,0x39,0x20,0x33,0x2e,0x39,
  0x36,0x39,0x31,0x34,0x2d,0x31,0x32,0x2e,0x38,0x35,0x31,0x38,0x37,0x20,0x36,0x2e,
  0x34,0x39,0x37,0x34,0x2d,0x32,0x32,0x2e,0x35,0x38,0x36,0x31,0x39,0x20,0x33,0x2e,
  0x34,0x36,0x36,0x35,0x2d,0x31,0x33,0x2e,0x33,0x34,0x36,0x37,0x38,0x20,0x34,0x2e,
  0x33,0x38,0x35,0x39,0x33,0x2d,0x31,0x39,0x2e,0x30,0x32,0x31,0x35,0x33,0x20,0x33,
  0x2e,0x37,0x33,0x39,0x31,0x36,0x2d,0x32,0x33,0x2e,0x30,0x37,0x38,0x33,0x39,0x2d,
  0x2e,0x37,0x34,0x38,0x33,0x35,0x2d,0x34,0x2e,0x36,0x39,0x34,0x30,0x36,0x2d,0x2e,
  0x34,0x31,0x37,0x30,0x33,0x2d,0x35,0x2e,0x38,0x34,0x30,0x39,0x36,0x20,0x32,0x2e,
  0x35,0x39,0x39,0x36,0x39,0x2d,0x38,0x2e,0x39,0x39,0x39,0x32,0x34,0x6c,0x33,0x2e,
  0x34,0x35,0x37,0x33,0x34,0x2d,0x33,0x2e,0x36,0x31,0x39,0x35,0x37,0x2d,0x31,0x2e,
  0x35,0x35,0x30,0x39,0x37,0x2d,0x31,0x31,0x2e,0x36,0x38,0x34,0x32,0x33,0x63,0x2d,
  0x2e,0x38,0x35,0x33,0x30,0x33,0x2d,0x36,0x2e,0x34,0x32,0x36,0x33,0x32,0x2d,0x31,
  0x2e,0x32,0x30,0x35,0x37,0x2d,0x31,0x32,0x2e,0x35,0x38,0x36,0x37,0x2d,0x2e,0x37,
  0x38,0x33,0x37,0x2d,0x31,0x33,0x2e,0x36,0x38,0x39,0x37,0x35,0x2e,0x34,0x32,0x32,
  0x30,0x32,0x2d,0x31,0x2e,0x31,0x30,0x33,0x30,0x34,0x20,0x32,0x2e,0x35,0x35,0x36,
  0x31,0x39,0x2d,0x32,0x2e,0x33,0x39,0x39,0x36,0x33,0x20,0x34,0x2e,0x37,0x34,0x32,
  0x36,0x33,0x2d,0x32,0x2e,0x38,0x38,0x31,0x33,0x31,0x20,0x34,0x2e,0x37,0x33,0x39,
  0x37,0x31,0x2d,0x31,0x2e,0x30,0x34,0x34,0x31,0x34,0x20,0x36,0x2e,0x35,0x33,0x38,
  0x36,0x37,0x2d,0x33,0x2e,0x39,0x35,0x35,0x37,0x39,0x20,0x36,0x2e,0x35,0x33,0x38,
  0x36,0x37,0x2d,0x31,0x30,0x2e,0x35,0x38,0x32,0x39,0x34,0x20,0x30,0x2d,0x32,0x2e,
  0x36,0x39,0x36,0x36,0x39,0x2e,0x39,0x31,0x37,0x31,0x32,0x2d,0x37,0x2e,0x33,0x31,
  0x31,0x37,0x38,0x20,0x32,0x2e,0x30,0x33,0x38,0x30,0x37,0x2d,0x31,0x30,0x2e,0x32,
  0x35,0x35,0x37,0x36,0x6c,0x32,0x2e,0x30,0x33,0x38,0x30,0x35,0x2d,0x35,0x2e,0x33,
  0x35,0x32,0x37,0x2d,0x36,0x2e,0x37,0x31,0x38,0x30,0x32,0x2d,0x31,0x30,0x2e,0x36,
  0x31,0x33,0x34,0x33,0x63,0x2d,0x36,0x2e,0x34,0x30,0x36,0x36,0x36,0x2d,0x31,0x30,
  0x2e,0x31,0x32,0x31,0x35,0x33,0x2d,0x36,0x2e,0x36,0x39,0x30,0x36,0x36,0x2d,0x31,
  0x30,0x2e,0x39,0x34,0x34,0x33,0x39,0x2d,0x36,0x2e,0x31,0x32,0x37,0x36,0x36,0x2d,
  0x31,0x37,0x2e,0x37,0x35,0x34,0x30,0x37,0x2e,0x36,0x37,0x34,0x33,0x32,0x2d,0x38,
  0x2e,0x31,0x35,0x35,0x39,0x34,0x20,0x33,0x2e,0x38,0x38,0x32,0x32,0x36,0x2d,0x31,
  0x33,0x2e,0x33,0x39,0x33,0x30,0x37,0x20,0x39,0x2e,0x33,0x31,0x36,0x37,0x2d,0x31,
  0x35,0x2e,0x32,0x31,0x30,0x30,0x31,0x20,0x33,0x2e,0x31,0x38,0x31,0x35,0x38,0x2d,
  0x31,0x2e,0x30,0x36,0x33,0x37,0x34,0x20,0x34,0x2e,0x31,0x34,0x30,0x30,0x39,0x2d,
  0x2e,0x36,0x38,0x30,0x34,0x33,0x20,0x37,0x2e,0x38,0x39,0x39,0x38,0x39,0x20,0x33,
  0x2e,0x31,0x35,0x39,0x30,0x36,0x20,0x33,0x2e,0x34,0x34,0x34,0x38,0x36,0x20,0x33,
  0x2e,0x35,0x31,0x37,0x38,0x39,0x20,0x36,0x2e,0x31,0x36,0x30,0x31,0x36,0x20,0x39,
  0x2e,0x36,0x37,0x36,0x32,0x35,0x20,0x31,0x33,0x2e,0x39,0x32,0x39,0x34,0x37,0x20,
  0x33,0x31,0x2e,0x35,0x39,0x32,0x33,0x37,0x20,0x31,0x35,0x2e,0x39,0x37,0x37,0x36,
  0x36,0x20,0x34,0x35,0x2e,0x30,0x37,0x30,0x37,0x36,0x20,0x31,0x37,0x2e,0x36,0x34,
  0x30,0x39,0x20,0x35,0x30,0x2e,0x39,0x34,0x32,0x33,0x34,0x20,0x31,0x36,0x2e,0x33,
  0x34,0x30,0x38,0x31,0x20,0x35,0x37,0x2e,0x36,0x38,0x36,0x32,0x2d,0x33,0x2e,0x31,
  0x35,0x38,0x33,0x33,0x20,0x31,0x36,0x2e,0x33,0x38,0x32,0x38,0x37,0x2d,0x2e,0x37,
  0x30,0x33,0x31,0x36,0x20,0x32,0x30,0x2e,0x32,0x35,0x37,0x38,0x39,0x20,0x31,0x35,
  0x2e,0x31,0x33,0x32,0x36,0x39,0x20,0x32,0x33,0x2e,0x38,0x38,0x34,0x30,0x37,0x20,
  0x31,0x30,0x2e,0x33,0x32,0x35,0x30,0x36,0x20,0x32,0x2e,0x33,0x36,0x34,0x32,0x38,
  0x20,0x31,0x30,0x2e,0x37,0x31,0x37,0x35,0x31,0x20,0x32,0x2e,0x33,0x36,0x33,0x34,
  0x34,0x20,0x31,0x38,0x2e,0x30,0x39,0x33,0x38,0x36,0x2d,0x2e,0x30,0x33,0x39,0x30,
  0x35,0x20,0x36,0x2e,0x36,0x34,0x37,0x32,0x35,0x2d,0x32,0x2e,0x31,0x36,0x35,0x30,
  0x31,0x20,0x37,0x2e,0x35,0x39,0x30,0x31,0x31,0x2d,0x32,0x2e,0x38,0x39,0x36,0x33,
  0x34,0x20,0x37,0x2e,0x39,0x36,0x33,0x39,0x33,0x2d,0x36,0x2e,0x31,0x37,0x37,0x32,
  0x36,0x2e,0x37,0x33,0x34,0x30,0x38,0x2d,0x36,0x2e,0x34,0x34,0x32,0x38,0x38,0x2d,
  0x2e,0x37,0x37,0x31,0x34,0x37,0x2d,0x39,0x2e,0x32,0x39,0x36,0x35,0x34,0x2d,0x31,
  0x31,0x2e,0x39,0x35,0x32,0x33,0x36,0x2d,0x32,0x32,0x2e,0x36,0x35,0x34,0x37,0x31,
  0x2d,0x31,0x34,0x2e,0x35,0x31,0x33,0x34,0x32,0x2d,0x31,0x36,0x2e,0x39,0x30,0x38,
  0x37,0x34,0x2d,0x32,0x35,0x2e,0x30,0x30,0x31,0x33,0x33,0x2d,0x33,0x36,0x2e,0x37,
  0x31,0x37,0x31,0x39,0x2d,0x33,0x36,0x2e,0x35,0x36,0x36,0x38,0x32,0x2d,0x35,0x35,
  0x2e,0x36,0x36,0x32,0x37,0x35,0x2d,0x31,0x30,0x2e,0x31,0x35,0x32,0x37,0x31,0x2d,
  0x31,0x36,0x2e,0x36,0x30,0x32,0x34,0x2d,0x31,0x39,0x2e,0x36,0x38,0x36,0x34,0x36,
  0x2d,0x33,0x32,0x2e,0x36,0x34,0x34,0x33,0x35,0x2d,0x32,0x31,0x2e,0x31,0x38,0x36,
  0x31,0x2d,0x33,0x35,0x2e,0x36,0x34,0x38,0x37,0x37,0x2d,0x31,0x2e,0x34,0x39,0x39,
  0x36,0x36,0x2d,0x33,0x2e,0x30,0x30,0x34,0x34,0x32,0x2d,0x34,0x2e,0x33,0x36,0x32,
  0x39,0x39,0x2d,0x37,0x2e,0x32,0x31,0x32,0x36,0x31,0x2d,0x36,0x2e,0x33,0x36,0x32,
  0x39,0x38,0x2d,0x39,0x2e,0x33,0x35,0x31,0x35,0x33,0x2d,0x35,0x2e,0x34,0x38,0x36,
  0x39,0x34,0x2d,0x35,0x2e,0x38,0x36,0x38,0x31,0x32,0x2d,0x31,0x38,0x2e,0x30,0x35,
  0x36,0x31,0x34,0x2d,0x32,0x33,0x2e,0x38,0x39,0x36,0x39,0x37,0x2d,0x31,0x38,0x2e,
  0x30,0x35,0x36,0x31,0x34,0x2d,0x32,0x35,0x2e,0x38,0x39,0x39,0x31,0x34,0x20,0x30,
  0x2d,0x33,0x2e,0x35,0x31,0x37,0x33,0x39,0x20,0x31,0x2e,0x36,0x38,0x33,0x32,0x32,
  0x2d,0x35,0x2e,0x39,0x39,0x36,0x37,0x39,0x20,0x35,0x2e,0x33,0x36,0x38,0x39,0x33,
  0x2d,0x37,0x2e,0x39,0x30,0x38,0x35,0x6c,0x33,0x2e,0x37,0x36,0x33,0x32,0x36,0x2d,
  0x31,0x2e,0x39,0x35,0x31,0x39,0x33,0x2d,0x2e,0x38,0x35,0x39,0x32,0x31,0x2d,0x32,
  0x34,0x2e,0x32,0x35,0x30,0x36,0x63,0x2d,0x2e,0x38,0x33,0x34,0x33,0x39,0x2d,0x32,
  0x33,0x2e,0x35,0x35,0x30,0x31,0x2d,0x2e,0x39,0x38,0x34,0x39,0x35,0x2d,0x32,0x34,
  0x2e,0x35,0x36,0x36,0x37,0x37,0x2d,0x35,0x2e,0x32,0x31,0x32,0x33,0x2d,0x33,0x35,
  0x2e,0x31,0x39,0x37,0x31,0x32,0x2d,0x33,0x2e,0x36,0x31,0x37,0x38,0x34,0x2d,0x39,
  0x2e,0x30,0x39,0x37,0x36,0x31,0x2d,0x34,0x2e,0x33,0x35,0x33,0x31,0x2d,0x31,0x32,
  0x2e,0x36,0x32,0x38,0x38,0x32,0x2d,0x34,0x2e,0x33,0x35,0x33,0x31,0x2d,0x32,0x30,
  0x2e,0x39,0x30,0x36,0x34,0x35,0x20,0x30,0x2d,0x36,0x2e,0x34,0x33,0x39,0x37,0x37,
  0x2e,0x35,0x37,0x30,0x39,0x38,0x2d,0x31,0x30,0x2e,0x33,0x39,0x39,0x39,0x32,0x20,
  0x31,0x2e,0x36,0x31,0x35,0x35,0x32,0x2d,0x31,0x31,0x2e,0x32,0x30,0x34,0x38,0x35,
  0x20,0x32,0x2e,0x38,0x34,0x30,0x35,0x32,0x2d,0x32,0x2e,0x31,0x38,0x38,0x39,0x32,
  0x20,0x33,0x37,0x2e,0x37,0x32,0x31,0x33,0x32,0x2d,0x31,0x37,0x2e,0x32,0x35,0x35,
  0x38,0x35,0x20,0x33,0x39,0x2e,0x39,0x30,0x37,0x31,0x36,0x2d,0x31,0x37,0x2e,0x32,
  0x33,0x38,0x30,0x39,0x20,0x31,0x2e,0x31,0x35,0x37,0x31,0x35,0x2e,0x30,0x30,0x39,
  0x34,0x31,0x20,0x34,0x2e,0x31,0x39,0x31,0x38,0x2e,0x38,0x39,0x32,0x31,0x31,0x20,
  0x36,0x2e,0x37,0x34,0x33,0x36,0x39,0x20,0x31,0x2e,0x39,0x36,0x31,0x35,0x38,0x20,
  0x37,0x2e,0x36,0x36,0x33,0x37,0x31,0x20,0x33,0x2e,0x32,0x31,0x31,0x37,0x36,0x20,
  0x39,0x2e,0x33,0x38,0x30,0x34,0x33,0x20,0x32,0x2e,0x36,0x30,0x38,0x37,0x36,0x20,
  0x31,0x33,0x2e,0x33,0x37,0x32,0x30,0x38,0x2d,0x34,0x2e,0x36,0x39,0x37,0x20,0x33,
  0x2e,0x33,0x30,0x30,0x32,0x32,0x2d,0x36,0x2e,0x30,0x34,0x30,0x32,0x35,0x20,0x34,
  0x2e,0x35,0x39,0x31,0x32,0x2d,0x37,0x2e,0x30,0x38,0x39,0x37,0x37,0x20,0x31,0x34,
  0x2e,0x32,0x36,0x30,0x39,0x39,0x2d,0x31,0x31,0x2e,0x35,0x39,0x33,0x36,0x6c,0x31,
  0x30,0x2e,0x36,0x33,0x32,0x32,0x37,0x2d,0x34,0x2e,0x39,0x35,0x32,0x31,0x33,0x2d,
  0x2e,0x32,0x39,0x32,0x39,0x31,0x2d,0x34,0x2e,0x38,0x38,0x36,0x36,0x39,0x63,0x2d,
  0x2e,0x32,0x39,0x31,0x39,0x34,0x2d,0x34,0x2e,0x38,0x37,0x30,0x31,0x32,0x2d,0x2e,
  0x32,0x37,0x32,0x38,0x35,0x2d,0x34,0x2e,0x38,0x38,0x39,0x36,0x37,0x20,0x35,0x2e,
  0x36,0x33,0x33,0x39,0x31,0x2d,0x35,0x2e,0x37,0x36,0x38,0x38,0x31,0x20,0x34,0x2e,
  0x34,0x38,0x37,0x32,0x36,0x2d,0x2e,0x36,0x36,0x37,0x38,0x35,0x20,0x38,0x2e,0x37,
  0x38,0x32,0x33,0x36,0x2d,0x32,0x2e,0x39,0x37,0x36,0x33,0x39,0x20,0x31,0x37,0x2e,
  0x36,0x38,0x33,0x31,0x2d,0x39,0x2e,0x35,0x30,0x34,0x33,0x37,0x6c,0x31,0x31,0x2e,
  0x37,0x35,0x36,0x32,0x35,0x2d,0x38,0x2e,0x36,0x32,0x32,0x32,0x34,0x20,0x37,0x2e,
  0x39,0x38,0x34,0x30,0x38,0x20,0x32,0x2e,0x30,0x37,0x35,0x31,0x32,0x63,0x34,0x2e,
  0x33,0x39,0x31,0x32,0x34,0x20,0x31,0x2e,0x31,0x34,0x31,0x33,0x32,0x20,0x39,0x2e,
  0x35,0x31,0x39,0x36,0x20,0x31,0x2e,0x38,0x39,0x36,0x37,0x32,0x20,0x31,0x31,0x2e,
  0x33,0x39,0x36,0x33,0x33,0x20,0x31,0x2e,0x36,0x37,0x38,0x36,0x38,0x20,0x33,0x2e,
  0x32,0x33,0x33,0x36,0x32,0x2d,0x2e,0x33,0x37,0x35,0x37,0x20,0x33,0x2e,0x34,0x33,
  0x32,0x34,0x31,0x2d,0x2e,0x38,0x32,0x30,0x35,0x39,0x20,0x33,0x2e,0x37,0x39,0x37,
  0x30,0x34,0x2d,0x38,0x2e,0x34,0x39,0x38,0x34,0x35,0x2e,0x34,0x35,0x31,0x32,0x32,
  0x2d,0x39,0x2e,0x35,0x30,0x31,0x31,0x35,0x20,0x31,0x2e,0x36,0x33,0x35,0x30,0x32,
  0x2d,0x39,0x2e,0x30,0x38,0x30,0x35,0x38,0x2d,0x31,0x37,0x2e,0x35,0x31,0x37,0x38,
  0x34,0x2d,0x36,0x2e,0x32,0x32,0x33,0x35,0x37,0x2d,0x36,0x2e,0x39,0x32,0x35,0x39,
  0x32,0x20,0x31,0x2e,0x30,0x33,0x33,0x31,0x33,0x2d,0x32,0x33,0x2e,0x33,0x35,0x31,
  0x39,0x37,0x20,0x32,0x2e,0x38,0x31,0x34,0x32,0x32,0x2d,0x33,0x36,0x2e,0x35,0x30,
  0x32,0x33,0x33,0x20,0x33,0x2e,0x39,0x35,0x37,0x39,0x38,0x2d,0x31,0x33,0x2e,0x31,
  0x35,0x30,0x33,0x37,0x20,0x31,0x2e,0x31,0x34,0x33,0x37,0x39,0x2d,0x32,0x35,0x2e,
  0x31,0x35,0x31,0x32,0x38,0x20,0x32,0x2e,0x33,0x33,0x34,0x34,0x33,0x2d,0x32,0x36,
  0x2e,0x36,0x36,0x38,0x37,0x31,0x20,0x32,0x2e,0x36,0x34,0x35,0x39,0x31,0x2d,0x31,
  0x2e,0x35,0x31,0x37,0x34,0x32,0x2e,0x33,0x31,0x31,0x34,0x36,0x2d,0x38,0x2e,0x33,
  0x35,0x39,0x31,0x31,0x20,0x34,0x2e,0x37,0x30,0x37,0x30,0x31,0x2d,0x31,0x35,0x2e,
  0x32,0x30,0x33,0x37,0x35,0x20,0x39,0x2e,0x37,0x36,0x37,0x38,0x38,0x6c,0x2d,0x31,
  0x32,0x2e,0x34,0x34,0x34,0x38,0x20,0x39,0x2e,0x32,0x30,0x31,0x35,0x37,0x2d,0x32,
  0x30,0x2e,0x39,0x38,0x33,0x39,0x39,0x2d,0x2e,0x38,0x38,0x38,0x31,0x33,0x63,0x2d,
  0x31,0x39,0x2e,0x32,0x33,0x38,0x30,0x35,0x2d,0x2e,0x38,0x31,0x34,0x32,0x33,0x2d,
  0x32,0x32,0x2e,0x34,0x33,0x35,0x36,0x37,0x2d,0x2e,0x36,0x31,0x33,0x36,0x34,0x2d,
  0x33,0x38,0x2e,0x34,0x33,0x31,0x36,0x34,0x20,0x32,0x2e,0x34,0x31,0x30,0x39,0x34,
  0x2d,0x39,0x2e,0x35,0x39,0x36,0x32,0x31,0x20,0x31,0x2e,0x38,0x31,0x34,0x34,0x39,
  0x2d,0x32,0x31,0x2e,0x38,0x30,0x39,0x35,0x37,0x20,0x34,0x2e,0x38,0x35,0x39,0x30,
  0x36,0x2d,0x32,0x37,0x2e,0x31,0x34,0x30,0x38,0x20,0x36,0x2e,0x37,0x36,0x35,0x37,
  0x33,0x2d,0x35,0x2e,0x33,0x33,0x31,0x32,0x33,0x20,0x31,0x2e,0x39,0x30,0x36,0x36,
  0x36,0x2d,0x31,0x33,0x2e,0x37,0x36,0x34,0x32,0x36,0x20,0x34,0x2e,0x39,0x32,0x38,
  0x37,0x37,0x2d,0x31,0x38,0x2e,0x37,0x34,0x30,0x30,0x37,0x20,0x36,0x2e,0x37,0x31,
  0x35,0x37,0x37,0x6c,0x2d,0x33,0x37,0x2e,0x38,0x39,0x36,0x35,0x36,0x20,0x33,0x2e,
  0x32,0x39,0x38,0x36,0x39,0x2d,0x31,0x35,0x2e,0x35,0x37,0x30,0x38,0x37,0x2d,0x37,
  0x2e,0x39,0x36,0x39,0x37,0x63,0x2d,0x38,0x2e,0x35,0x36,0x33,0x39,0x37,0x2d,0x34,
  0x2e,0x33,0x38,0x33,0x33,0x35,0x2d,0x31,0x36,0x2e,0x31,0x38,0x30,0x31,0x35,0x2d,
  0x37,0x2e,0x39,0x36,0x39,0x37,0x32,0x2d,0x31,0x36,0x2e,0x39,0x32,0x34,0x38,0x33,
  0x2d,0x37,0x2e,0x39,0x36,0x39,0x37,0x32,0x2d,0x2e,0x37,0x34,0x34,0x36,0x37,0x20,
  0x30,0x2d,0x34,0x2e,0x30,0x30,0x32,0x36,0x20,0x34,0x2e,0x31,0x34,0x34,0x36,0x34,
  0x2d,0x37,0x2e,0x32,0x33,0x39,0x38,0x34,0x20,0x39,0x2e,0x32,0x31,0x30,0x33,0x31,
  0x2d,0x36,0x2e,0x35,0x31,0x35,0x32,0x34,0x20,0x31,0x30,0x2e,0x31,0x39,0x35,0x31,
  0x31,0x2d,0x34,0x2e,0x38,0x39,0x35,0x30,0x38,0x20,0x39,0x2e,0x37,0x32,0x36,0x37,
  0x35,0x2d,0x31,0x39,0x2e,0x38,0x30,0x35,0x39,0x36,0x20,0x35,0x2e,0x37,0x32,0x35,
  0x34,0x39,0x2d,0x39,0x2e,0x33,0x36,0x39,0x32,0x32,0x2d,0x32,0x2e,0x35,0x31,0x34,
  0x31,0x37,0x2d,0x32,0x39,0x2e,0x39,0x37,0x35,0x32,0x32,0x2d,0x32,0x2e,0x33,0x38,
  0x34,0x38,0x31,0x2d,0x33,0x32,0x2e,0x35,0x35,0x34,0x31,0x32,0x2e,0x32,0x30,0x34,
  0x33,0x38,0x2d,0x31,0x2e,0x31,0x37,0x30,0x30,0x37,0x20,0x31,0x2e,0x31,0x37,0x34,
  0x37,0x34,0x20,0x31,0x2e,0x36,0x39,0x36,0x32,0x34,0x20,0x37,0x2e,0x34,0x32,0x39,
  0x38,0x33,0x20,0x37,0x2e,0x38,0x30,0x31,0x38,0x33,0x20,0x31,0x32,0x2e,0x35,0x37,
  0x30,0x33,0x33,0x20,0x30,0x20,0x30,0x20,0x33,0x31,0x2e,0x33,0x32,0x37,0x34,0x39,
  0x2d,0x38,0x2e,0x37,0x35,0x32,0x37,0x31,0x20,0x33,0x32,0x2e,0x31,0x38,0x31,0x37,
  0x34,0x2d,0x31,0x2e,0x31,0x30,0x31,0x33,0x34,0x20,0x31,0x2e,0x34,0x38,0x37,0x31,
  0x35,0x20,0x31,0x33,0x2e,0x33,0x32,0x30,0x32,0x36,0x2d,0x32,0x36,0x2e,0x34,0x31,
  0x39,0x31,0x33,0x20,0x31,0x34,0x2e,0x31,0x38,0x35,0x38,0x35,0x2d,0x32,0x36,0x2e,
  0x34,0x31,0x39,0x31,0x33,0x20,0x31,0x34,0x2e,0x31,0x38,0x35,0x38,0x35,0x2d,0x32,
  0x2e,0x37,0x34,0x34,0x38,0x31,0x20,0x34,0x2e,0x32,0x36,0x36,0x35,0x2d,0x32,0x30,
  0x2e,0x31,0x34,0x38,0x36,0x35,0x20,0x31,0x35,0x2e,0x32,0x34,0x37,0x38,0x36,0x2d,
  0x32,0x31,0x2e,0x32,0x31,0x34,0x39,0x20,0x31,0x35,0x2e,0x36,0x37,0x32,0x38,0x37,
  0x2d,0x31,0x2e,0x30,0x36,0x36,0x32,0x34,0x2e,0x34,0x32,0x35,0x30,0x31,0x2d,0x31,
  0x36,0x2e,0x37,0x36,0x39,0x31,0x34,0x20,0x34,0x2e,0x35,0x33,0x37,0x30,0x33,0x2d,
  0x33,0x34,0x2e,0x38,0x39,0x35,0x33,0x31,0x33,0x20,0x39,0x2e,0x31,0x33,0x37,0x38,
  0x32,0x2d,0x31,0x38,0x2e,0x31,0x32,0x36,0x31,0x37,0x38,0x20,0x34,0x2e,0x36,0x30,
  0x30,0x38,0x31,0x2d,0x33,0x37,0x2e,0x33,0x31,0x38,0x36,0x30,0x32,0x20,0x39,0x2e,
  0x34,0x38,0x36,0x35,0x38,0x2d,0x34,0x32,0x2e,0x36,0x34,0x39,0x38,0x33,0x20,0x31,
  0x30,0x2e,0x38,0x35,0x37,0x32,0x38,0x2d,0x35,0x2e,0x33,0x33,0x31,0x32,0x32,0x39,
  0x20,0x31,0x2e,0x33,0x37,0x30,0x37,0x2d,0x32,0x32,0x2e,0x37,0x35,0x36,0x39,0x34,
  0x32,0x20,0x37,0x2e,0x37,0x36,0x39,0x33,0x35,0x2d,0x33,0x38,0x2e,0x37,0x32,0x33,
  0x37,0x39,0x37,0x36,0x20,0x31,0x34,0x2e,0x32,0x31,0x39,0x32,0x31,0x2d,0x31,0x30,
  0x2e,0x33,0x30,0x34,0x34,0x32,0x35,0x36,0x20,0x31,0x2e,0x36,0x31,0x32,0x39,0x38,
  0x2d,0x32,0x34,0x2e,0x30,0x33,0x36,0x38,0x35,0x32,0x34,0x20,0x39,0x2e,0x39,0x33,
  0x31,0x32,0x33,0x2d,0x33,0x35,0x2e,0x30,0x35,0x36,0x30,0x35,0x33,0x34,0x20,0x37,
  0x2e,0x36,0x38,0x30,0x33,0x34,0x6c,0x2d,0x32,0x2e,0x38,0x37,0x32,0x38,0x30,0x33,
  0x2d,0x34,0x2e,0x30,0x34,0x36,0x36,0x37,0x20,0x31,0x31,0x2e,0x36,0x39,0x32,0x31,
  0x39,0x33,0x2d,0x33,0x36,0x2e,0x34,0x36,0x33,0x33,0x63,0x31,0x31,0x2e,0x32,0x39,
  0x30,0x30,0x34,0x33,0x33,0x2d,0x33,0x35,0x2e,0x32,0x30,0x39,0x31,0x38,0x20,0x31,
  0x31,0x2e,0x37,0x31,0x37,0x33,0x38,0x31,0x37,0x2d,0x33,0x36,0x2e,0x39,0x38,0x33,
  0x32,0x36,0x20,0x31,0x32,0x2e,0x34,0x32,0x34,0x34,0x35,0x31,0x32,0x2d,0x35,0x31,
  0x2e,0x35,0x38,0x30,0x38,0x36,0x2e,0x35,0x34,0x33,0x36,0x39,0x34,0x39,0x2d,0x31,
  0x31,0x2e,0x32,0x32,0x34,0x36,0x39,0x2e,0x33,0x31,0x38,0x33,0x38,0x37,0x35,0x2d,
  0x31,0x35,0x2e,0x34,0x36,0x32,0x30,0x37,0x2d,0x2e,0x38,0x37,0x34,0x39,0x34,0x31,
  0x38,0x2d,0x31,0x36,0x2e,0x34,0x35,0x35,0x34,0x34,0x2d,0x31,0x2e,0x31,0x30,0x39,
  0x39,0x34,0x32,0x35,0x2d,0x2e,0x39,0x32,0x33,0x39,0x35,0x2d,0x31,0x36,0x2e,0x33,
  0x34,0x38,0x35,0x34,0x36,0x34,0x2d,0x2e,0x35,0x33,0x38,0x37,0x31,0x2d,0x34,0x39,
  0x2e,0x32,0x35,0x34,0x30,0x35,0x35,0x34,0x20,0x31,0x2e,0x32,0x34,0x35,0x31,0x38,
  0x2d,0x33,0x34,0x2e,0x31,0x33,0x39,0x39,0x34,0x31,0x20,0x31,0x2e,0x38,0x35,0x30,
  0x37,0x39,0x2d,0x34,0x38,0x2e,0x30,0x34,0x32,0x38,0x36,0x20,0x32,0x2e,0x31,0x38,
  0x35,0x38,0x35,0x2d,0x34,0x39,0x2e,0x30,0x34,0x33,0x37,0x35,0x20,0x31,0x2e,0x31,
  0x38,0x31,0x39,0x35,0x2d,0x2e,0x37,0x36,0x38,0x32,0x38,0x2d,0x2e,0x37,0x37,0x30,
  0x36,0x2d,0x31,0x2e,0x36,0x31,0x34,0x32,0x38,0x2d,0x35,0x2e,0x37,0x31,0x39,0x33,
  0x36,0x2d,0x31,0x2e,0x38,0x38,0x2d,0x31,0x30,0x2e,0x39,0x39,0x37,0x32,0x34,0x6c,
  0x2d,0x2e,0x34,0x38,0x33,0x31,0x32,0x2d,0x31,0x34,0x2e,0x35,0x39,0x36,0x31,0x34,
  0x63,0x31,0x35,0x2e,0x39,0x33,0x36,0x32,0x37,0x38,0x2d,0x31,0x2e,0x34,0x33,0x39,
  0x33,0x39,0x20,0x33,0x32,0x2e,0x39,0x33,0x34,0x35,0x35,0x35,0x2d,0x31,0x2e,0x36,
  0x39,0x31,0x37,0x32,0x20,0x35,0x30,0x2e,0x30,0x33,0x32,0x31,0x34,0x33,0x2d,0x32,
  0x2e,0x37,0x30,0x37,0x38,0x20,0x32,0x32,0x2e,0x37,0x34,0x36,0x35,0x37,0x32,0x2d,
  0x31,0x2e,0x31,0x33,0x34,0x36,0x33,0x20,0x34,0x39,0x2e,0x39,0x32,0x31,0x37,0x39,
  0x30,0x33,0x2d,0x33,0x2e,0x33,0x32,0x32,0x38,0x37,0x20,0x36,0x30,0x2e,0x33,0x38,
  0x39,0x33,0x36,0x34,0x2d,0x33,0x2e,0x39,0x38,0x39,0x37,0x35,0x6c,0x31,0x37,0x2e,
  0x36,0x30,0x33,0x33,0x38,0x36,0x2d,0x31,0x2e,0x32,0x31,0x32,0x35,0x20,0x31,0x34,
  0x2e,0x32,0x37,0x30,0x35,0x33,0x2d,0x2e,0x34,0x33,0x36,0x30,0x34,0x63,0x38,0x2e,
  0x38,0x32,0x34,0x35,0x37,0x33,0x20,0x34,0x2e,0x30,0x33,0x33,0x36,0x33,0x20,0x38,
  0x2e,0x37,0x38,0x35,0x36,0x31,0x35,0x20,0x31,0x31,0x2e,0x30,0x38,0x37,0x36,0x39,
  0x20,0x32,0x31,0x2e,0x33,0x39,0x35,0x32,0x39,0x36,0x20,0x31,0x31,0x2e,0x38,0x31,
  0x31,0x33,0x33,0x20,0x31,0x33,0x2e,0x33,0x34,0x38,0x35,0x34,0x33,0x2e,0x37,0x36,
  0x36,0x30,0x36,0x20,0x31,0x34,0x2e,0x37,0x30,0x39,0x39,0x31,0x33,0x2d,0x33,0x2e,
  0x38,0x39,0x37,0x34,0x20,0x32,0x31,0x2e,0x31,0x33,0x34,0x31,0x34,0x31,0x2e,0x32,
  0x32,0x34,0x35,0x33,0x20,0x36,0x2e,0x33,0x38,0x39,0x36,0x32,0x39,0x20,0x34,0x2e,
  0x30,0x39,0x39,0x37,0x33,0x20,0x37,0x2e,0x33,0x37,0x37,0x38,0x33,0x39,0x20,0x39,
  0x2e,0x33,0x34,0x37,0x37,0x34,0x20,0x31,0x34,0x2e,0x32,0x32,0x38,0x32,0x36,0x37,
  0x20,0x38,0x2e,0x35,0x37,0x30,0x38,0x35,0x20,0x31,0x32,0x2e,0x34,0x38,0x33,0x37,
  0x34,0x33,0x2d,0x31,0x2e,0x34,0x31,0x35,0x37,0x34,0x20,0x31,0x35,0x2e,0x34,0x32,
  0x31,0x30,0x38,0x33,0x2e,0x37,0x30,0x31,0x30,0x33,0x20,0x32,0x30,0x2e,0x39,0x34,
  0x37,0x34,0x36,0x33,0x2d,0x36,0x2e,0x38,0x30,0x32,0x33,0x32,0x20,0x32,0x2e,0x38,
  0x30,0x33,0x33,0x35,0x2d,0x33,0x2e,0x38,0x30,0x36,0x32,0x31,0x20,0x35,0x2e,0x36,
  0x38,0x36,0x35,0x36,0x2d,0x37,0x2e,0x32,0x38,0x35,0x38,0x35,0x20,0x36,0x2e,0x34,
  0x30,0x37,0x31,0x33,0x2d,0x37,0x2e,0x37,0x33,0x32,0x35,0x33,0x2e,0x37,0x32,0x30,
  0x35,0x36,0x2d,0x2e,0x34,0x34,0x36,0x36,0x37,0x20,0x34,0x2e,0x34,0x30,0x36,0x36,
  0x36,0x2e,0x31,0x36,0x36,0x39,0x20,0x38,0x2e,0x31,0x39,0x31,0x33,0x33,0x20,0x31,
  0x2e,0x33,0x36,0x33,0x35,0x32,0x20,0x36,0x2e,0x36,0x33,0x36,0x38,0x35,0x20,0x32,
  0x2e,0x30,0x39,0x38,0x33,0x39,0x20,0x31,0x31,0x2e,0x30,0x35,0x34,0x38,0x36,0x20,
  0x31,0x2e,0x39,0x33,0x35,0x37,0x31,0x20,0x31,0x32,0x34,0x2e,0x34,0x30,0x36,0x33,
  0x31,0x2d,0x34,0x2e,0x35,0x38,0x30,0x37,0x34,0x20,0x36,0x34,0x2e,0x36,0x33,0x38,
  0x37,0x39,0x2d,0x33,0x2e,0x37,0x31,0x36,0x30,0x31,0x20,0x31,0x33,0x37,0x2e,0x35,
  0x38,0x39,0x38,0x39,0x2d,0x37,0x2e,0x38,0x33,0x36,0x32,0x32,0x20,0x31,0x36,0x32,
  0x2e,0x31,0x31,0x33,0x35,0x34,0x2d,0x39,0x2e,0x31,0x35,0x36,0x20,0x32,0x37,0x2e,
  0x31,0x38,0x30,0x38,0x2d,0x31,0x2e,0x39,0x33,0x39,0x35,0x32,0x20,0x35,0x32,0x2e,
  0x36,0x31,0x30,0x38,0x32,0x2d,0x33,0x2e,0x31,0x34,0x31,0x31,0x34,0x20,0x37,0x37,
  0x2e,0x32,0x36,0x39,0x36,0x2d,0x34,0x2e,0x33,0x31,0x31,0x32,0x38,0x20,0x31,0x34,
  0x2e,0x38,0x31,0x30,0x30,0x33,0x2d,0x31,0x2e,0x34,0x30,0x33,0x30,0x32,0x20,0x31,
  0x36,0x2e,0x37,0x35,0x39,0x38,0x2d,0x31,0x2e,0x30,0x36,0x33,0x37,0x38,0x20,0x32,
  0x39,0x2e,0x37,0x35,0x32,0x30,0x35,0x20,0x35,0x2e,0x31,0x37,0x36,0x35,0x32,0x6c,
  0x31,0x32,0x2e,0x35,0x32,0x37,0x31,0x32,0x20,0x36,0x2e,0x30,0x31,0x36,0x39,0x20,
  0x32,0x37,0x2e,0x31,0x34,0x30,0x38,0x2d,0x31,0x2e,0x34,0x36,0x38,0x35,0x63,0x36,
  0x38,0x2e,0x33,0x34,0x30,0x32,0x2d,0x33,0x2e,0x36,0x39,0x37,0x36,0x34,0x20,0x31,
  0x30,0x38,0x2e,0x33,0x39,0x31,0x37,0x35,0x2d,0x35,0x2e,0x34,0x37,0x34,0x36,0x37,
  0x20,0x31,0x30,0x39,0x2e,0x39,0x34,0x32,0x30,0x32,0x2d,0x34,0x2e,0x38,0x37,0x37,
  0x39,0x38,0x2e,0x39,0x32,0x38,0x31,0x38,0x2e,0x33,0x35,0x37,0x32,0x35,0x20,0x31,
  0x2e,0x38,0x37,0x30,0x30,0x34,0x20,0x32,0x2e,0x38,0x31,0x30,0x35,0x36,0x20,0x32,
  0x2e,0x30,0x39,0x33,0x30,0x32,0x20,0x35,0x2e,0x34,0x35,0x31,0x38,0x33,0x2e,0x32,
  0x32,0x32,0x39,0x38,0x20,0x32,0x2e,0x36,0x34,0x31,0x32,0x35,0x20,0x31,0x2e,0x32,
  0x37,0x37,0x38,0x20,0x35,0x2e,0x32,0x36,0x30,0x36,0x38,0x20,0x32,0x2e,0x33,0x34,
  0x34,0x30,0x35,0x20,0x35,0x2e,0x38,0x32,0x30,0x39,0x36,0x20,0x31,0x2e,0x30,0x36,
  0x36,0x32,0x34,0x2e,0x35,0x36,0x30,0x32,0x38,0x20,0x37,0x2e,0x31,0x37,0x32,0x39,
  0x33,0x20,0x31,0x2e,0x34,0x39,0x34,0x33,0x37,0x20,0x31,0x33,0x2e,0x35,0x37,0x30,
  0x34,0x20,0x32,0x2e,0x30,0x37,0x35,0x37,0x37,0x6c,0x31,0x31,0x2e,0x36,0x33,0x31,
  0x37,0x37,0x20,0x31,0x2e,0x30,0x35,0x37,0x30,0x37,0x2e,0x36,0x34,0x36,0x32,0x31,
  0x20,0x31,0x31,0x2e,0x34,0x32,0x30,0x39,0x39,0x63,0x2e,0x35,0x37,0x31,0x30,0x33,
  0x20,0x31,0x30,0x2e,0x30,0x39,0x32,0x33,0x36,0x20,0x31,0x2e,0x30,0x30,0x31,0x38,
  0x38,0x20,0x31,0x31,0x2e,0x36,0x38,0x39,0x35,0x39,0x20,0x33,0x2e,0x37,0x30,0x33,
  0x36,0x20,0x31,0x33,0x2e,0x37,0x33,0x20,0x32,0x2e,0x37,0x35,0x33,0x30,0x37,0x20,
  0x32,0x2e,0x30,0x37,0x39,0x31,0x37,0x2d,0x2e,0x32,0x38,0x30,0x38,0x39,0x20,0x33,
  0x2e,0x39,0x38,0x38,0x39,0x38,0x2d,0x2e,0x39,0x35,0x34,0x32,0x35,0x20,0x31,0x30,
  0x2e,0x33,0x30,0x32,0x32,0x31,0x22,0x20,0x66,0x69,0x6c,0x6c,0x3d,0x22,0x23,0x35,
  0x30,0x62,0x39,0x35,0x38,0x22,0x2f,0x3e,0xd,0xa,0x20,0x20,0x20,0x20,0x20,0x20,
  0x20,0x20,0x3c,0x70,0x61,0x74,0x68,0x20,0x64,0x3d,0x22,0x6d,0x35,0x36,0x34,0x2e,
  0x33,0x30,0x30,0x35,0x32,0x20,0x35,0x34,0x33,0x2e,0x37,0x39,0x30,0x39,0x35,0x20,
  0x34,0x2e,0x30,0x34,0x30,0x36,0x32,0x20,0x32,0x30,0x2e,0x31,0x38,0x35,0x31,0x31,
  0x63,0x37,0x2e,0x32,0x35,0x37,0x38,0x2e,0x35,0x39,0x35,0x32,0x33,0x20,0x33,0x2e,
  0x35,0x34,0x37,0x30,0x39,0x2d,0x2e,0x31,0x35,0x33,0x32,0x35,0x20,0x38,0x2e,0x36,
  0x34,0x31,0x34,0x31,0x2e,0x32,0x37,0x30,0x34,0x37,0x6c,0x32,0x2e,0x37,0x31,0x36,
  0x36,0x35,0x2d,0x32,0x32,0x2e,0x30,0x35,0x37,0x34,0x36,0x7a,0x22,0x20,0x66,0x69,
  0x6c,0x6c,0x3d,0x22,0x23,0x62,0x35,0x66,0x64,0x62,0x35,0x22,0x20,0x66,0x69,0x6c,
  0x6c,0x2d,0x72,0x75,0x6c,0x65,0x3d,0x22,0x65,0x76,0x65,0x6e,0x6f,0x64,0x64,0x22,
  0x2f,0x3e,0xd,0xa,0x20,0x20,0x20,0x20,0x20,0x20,0x20,0x20,0x3c,0x70,0x61,0x74,
  0x68,0x20,0x64,0x3d,0x22,0x6d,0x35,0x33,0x30,0x2e,0x32,0x35,0x35,0x34,0x39,0x20,
  0x33,0x30,0x34,0x2e,0x37,0x31,0x31,0x35,0x32,0x63,0x2d,0x2e,0x38,0x32,0x32,0x38,
  0x31,0x2d,0x2e,0x35,0x31,0x30,0x30,0x35,0x2d,0x33,0x2e,0x30,0x39,0x31,0x36,0x31,
  0x2d,0x39,0x2e,0x30,0x39,0x30,0x35,0x34,0x2d,0x35,0x2e,0x30,0x34,0x31,0x37,0x39,
  0x2d,0x31,0x39,0x2e,0x30,0x36,0x37,0x37,0x34,0x6c,0x2d,0x33,0x2e,0x35,0x34,0x35,
  0x37,0x39,0x2d,0x31,0x38,0x2e,0x31,0x34,0x30,0x33,0x38,0x2d,0x31,0x30,0x2e,0x36,
  0x30,0x31,0x38,0x31,0x2d,0x31,0x33,0x2e,0x30,0x30,0x35,0x33,0x33,0x63,0x2d,0x36,
  0x2e,0x34,0x35,0x30,0x31,0x31,0x2d,0x37,0x2e,0x39,0x31,0x32,0x34,0x31,0x2d,0x32,
  0x34,0x2e,0x36,0x34,0x31,0x32,0x35,0x2d,0x32,0x36,0x2e,0x31,0x33,0x38,0x38,0x33,
  0x2d,0x34,0x36,0x2e,0x34,0x35,0x33,0x30,0x38,0x2d,0x34,0x36,0x2e,0x35,0x34,0x33,
  0x31,0x36,0x2d,0x31,0x39,0x2e,0x37,0x31,0x38,0x32,0x31,0x2d,0x31,0x38,0x2e,0x34,
  0x34,0x35,0x38,0x32,0x2d,0x34,0x31,0x2e,0x33,0x37,0x36,0x33,0x37,0x2d,0x33,0x38,
  0x2e,0x38,0x35,0x38,0x32,0x36,0x2d,0x34,0x38,0x2e,0x31,0x32,0x39,0x32,0x36,0x2d,
  0x34,0x35,0x2e,0x33,0x36,0x30,0x39,0x38,0x2d,0x36,0x2e,0x37,0x35,0x32,0x38,0x39,
  0x2d,0x36,0x2e,0x35,0x30,0x32,0x37,0x33,0x2d,0x33,0x33,0x2e,0x32,0x31,0x35,0x31,
  0x37,0x2d,0x33,0x31,0x2e,0x34,0x39,0x33,0x31,0x34,0x2d,0x35,0x38,0x2e,0x38,0x30,
  0x35,0x30,0x37,0x2d,0x35,0x35,0x2e,0x35,0x33,0x34,0x32,0x35,0x2d,0x32,0x35,0x2e,
  0x35,0x38,0x39,0x39,0x2d,0x32,0x34,0x2e,0x30,0x34,0x31,0x30,0x39,0x2d,0x34,0x36,
  0x2e,0x35,0x32,0x37,0x30,0x39,0x2d,0x34,0x34,0x2e,0x36,0x38,0x31,0x36,0x35,0x33,
  0x2d,0x34,0x36,0x2e,0x35,0x32,0x37,0x30,0x39,0x2d,0x34,0x35,0x2e,0x38,0x36,0x37,
  0x39,0x30,0x32,0x20,0x30,0x2d,0x31,0x2e,0x36,0x30,0x38,0x31,0x34,0x38,0x2e,0x39,
  0x38,0x36,0x33,0x33,0x2d,0x32,0x2e,0x30,0x36,0x39,0x39,0x33,0x36,0x20,0x33,0x2e,
  0x38,0x37,0x37,0x32,0x36,0x2d,0x31,0x2e,0x38,0x31,0x35,0x32,0x37,0x34,0x20,0x32,
  0x2e,0x31,0x33,0x32,0x34,0x39,0x2e,0x31,0x38,0x37,0x38,0x34,0x39,0x20,0x32,0x35,
  0x2e,0x36,0x38,0x36,0x38,0x33,0x20,0x32,0x2e,0x36,0x33,0x36,0x36,0x33,0x35,0x20,
  0x35,0x32,0x2e,0x33,0x34,0x32,0x39,0x37,0x20,0x35,0x2e,0x34,0x34,0x31,0x37,0x35,
  0x33,0x20,0x35,0x34,0x2e,0x39,0x39,0x39,0x33,0x38,0x20,0x39,0x2e,0x37,0x38,0x37,
  0x36,0x37,0x36,0x20,0x31,0x34,0x37,0x2e,0x39,0x35,0x37,0x39,0x34,0x20,0x31,0x34,
  0x2e,0x34,0x32,0x31,0x35,0x35,0x20,0x31,0x38,0x36,0x2e,0x38,0x35,0x38,0x36,0x38,
  0x20,0x33,0x35,0x2e,0x36,0x35,0x35,0x39,0x37,0x33,0x20,0x31,0x2e,0x30,0x32,0x37,
  0x34,0x31,0x20,0x31,0x2e,0x33,0x38,0x34,0x36,0x39,0x2e,0x32,0x31,0x30,0x34,0x36,
  0x20,0x39,0x2e,0x32,0x38,0x34,0x36,0x32,0x2d,0x33,0x2e,0x30,0x39,0x30,0x37,0x20,
  0x32,0x39,0x2e,0x38,0x38,0x37,0x33,0x36,0x6c,0x2d,0x34,0x2e,0x34,0x38,0x37,0x32,
  0x36,0x20,0x32,0x38,0x2e,0x30,0x30,0x35,0x31,0x36,0x20,0x34,0x2e,0x37,0x30,0x36,
  0x32,0x33,0x20,0x34,0x2e,0x38,0x33,0x34,0x31,0x37,0x63,0x35,0x2e,0x32,0x30,0x39,
  0x33,0x37,0x20,0x35,0x2e,0x33,0x35,0x30,0x39,0x36,0x20,0x35,0x2e,0x33,0x39,0x32,
  0x35,0x38,0x20,0x36,0x2e,0x34,0x39,0x35,0x36,0x36,0x20,0x33,0x2e,0x31,0x34,0x34,
  0x34,0x32,0x20,0x31,0x39,0x2e,0x36,0x34,0x35,0x35,0x31,0x2d,0x31,0x2e,0x32,0x31,
  0x30,0x31,0x37,0x20,0x37,0x2e,0x30,0x37,0x38,0x34,0x34,0x2d,0x31,0x2e,0x39,0x30,
  0x37,0x38,0x35,0x20,0x31,0x30,0x2e,0x32,0x38,0x37,0x31,0x36,0x2d,0x2e,0x30,0x32,
  0x33,0x36,0x31,0x20,0x31,0x33,0x2e,0x32,0x32,0x32,0x38,0x33,0x20,0x32,0x2e,0x37,
  0x30,0x31,0x32,0x32,0x20,0x37,0x2e,0x32,0x30,0x33,0x37,0x36,0x20,0x37,0x2e,0x33,
  0x39,0x31,0x37,0x35,0x20,0x31,0x33,0x2e,0x39,0x36,0x34,0x31,0x20,0x38,0x2e,0x30,
  0x34,0x37,0x35,0x33,0x20,0x32,0x31,0x2e,0x36,0x33,0x32,0x33,0x36,0x6c,0x2e,0x36,
  0x34,0x36,0x32,0x31,0x20,0x31,0x33,0x2e,0x37,0x34,0x33,0x37,0x38,0x20,0x39,0x2e,
  0x36,0x39,0x33,0x31,0x34,0x20,0x33,0x2e,0x32,0x39,0x36,0x36,0x35,0x63,0x35,0x2e,
  0x33,0x33,0x31,0x32,0x33,0x20,0x31,0x2e,0x38,0x31,0x33,0x31,0x36,0x20,0x31,0x31,
  0x2e,0x31,0x34,0x37,0x31,0x31,0x20,0x34,0x2e,0x30,0x37,0x31,0x39,0x37,0x20,0x31,
  0x32,0x2e,0x39,0x32,0x34,0x31,0x39,0x20,0x35,0x2e,0x30,0x31,0x39,0x35,0x39,0x20,
  0x38,0x2e,0x31,0x36,0x36,0x32,0x37,0x20,0x35,0x2e,0x34,0x35,0x30,0x38,0x35,0x20,
  0x38,0x2e,0x35,0x35,0x37,0x35,0x36,0x20,0x39,0x2e,0x35,0x32,0x30,0x37,0x32,0x20,
  0x31,0x33,0x2e,0x32,0x31,0x36,0x30,0x36,0x20,0x31,0x31,0x2e,0x34,0x30,0x37,0x34,
  0x39,0x2e,0x39,0x30,0x35,0x37,0x33,0x2e,0x37,0x31,0x33,0x31,0x31,0x20,0x35,0x2e,
  0x35,0x37,0x33,0x30,0x34,0x20,0x32,0x2e,0x33,0x34,0x31,0x33,0x32,0x20,0x31,0x30,
  0x2e,0x33,0x37,0x31,0x38,0x32,0x20,0x33,0x2e,0x36,0x31,0x38,0x32,0x36,0x20,0x38,
  0x2e,0x39,0x31,0x34,0x33,0x33,0x20,0x32,0x2e,0x33,0x37,0x32,0x30,0x37,0x20,0x31,
  0x33,0x2e,0x32,0x33,0x31,0x32,0x33,0x20,0x35,0x2e,0x31,0x39,0x37,0x34,0x34,0x20,
  0x39,0x2e,0x38,0x33,0x37,0x34,0x37,0x20,0x36,0x2e,0x34,0x33,0x38,0x35,0x35,0x2d,
  0x2e,0x39,0x36,0x38,0x36,0x2e,0x33,0x35,0x34,0x32,0x32,0x2d,0x37,0x2e,0x38,0x36,
  0x37,0x37,0x36,0x2e,0x37,0x39,0x38,0x36,0x33,0x2d,0x31,0x35,0x2e,0x33,0x33,0x31,
  0x34,0x38,0x2e,0x39,0x38,0x37,0x35,0x37,0x6c,0x2d,0x31,0x33,0x2e,0x35,0x37,0x30,
  0x34,0x2e,0x33,0x34,0x33,0x35,0x35,0x2d,0x2e,0x31,0x30,0x35,0x31,0x31,0x20,0x31,
  0x30,0x2e,0x33,0x37,0x30,0x35,0x35,0x63,0x2d,0x2e,0x30,0x35,0x37,0x38,0x31,0x20,
  0x35,0x2e,0x37,0x30,0x33,0x38,0x31,0x2d,0x2e,0x32,0x30,0x33,0x32,0x31,0x20,0x31,
  0x31,0x2e,0x30,0x35,0x31,0x35,0x2d,0x2e,0x33,0x32,0x33,0x31,0x31,0x20,0x31,0x31,
  0x2e,0x38,0x38,0x33,0x37,0x38,0x2d,0x2e,0x33,0x33,0x33,0x30,0x38,0x20,0x32,0x2e,
  0x33,0x31,0x32,0x31,0x36,0x2d,0x35,0x37,0x2e,0x33,0x32,0x32,0x33,0x37,0x20,0x32,
  0x31,0x2e,0x33,0x33,0x30,0x38,0x39,0x2d,0x35,0x39,0x2e,0x36,0x33,0x30,0x34,0x32,
  0x20,0x31,0x39,0x2e,0x39,0x30,0x30,0x31,0x33,0x7a,0x22,0x20,0x66,0x69,0x6c,0x6c,
  0x3d,0x22,0x23,0x35,0x30,0x62,0x39,0x35,0x38,0x22,0x2f,0x3e,0xd,0xa,0x20,0x20,
  0x20,0x20,0x20,0x20,0x20,0x20,0x3c,0x70,0x61,0x74,0x68,0x20,0x64,0x3d,0x22,0x6d,
  0x33,0x36,0x30,0x2e,0x38,0x32,0x33,0x33,0x36,0x20,0x33,0x37,0x35,0x2e,0x34,0x36,
  0x30,0x33,0x39,0x20,0x31,0x32,0x2e,0x36,0x34,0x37,0x39,0x34,0x20,0x32,0x2e,0x39,
  0x38,0x34,0x30,0x36,0x63,0x37,0x2e,0x32,0x35,0x37,0x38,0x2e,0x35,0x39,0x35,0x32,
  0x33,0x20,0x34,0x36,0x2e,0x39,0x37,0x34,0x39,0x34,0x2d,0x32,0x38,0x2e,0x37,0x37,
  0x35,0x34,0x34,0x20,0x35,0x32,0x2e,0x30,0x36,0x39,0x32,0x36,0x2d,0x32,0x38,0x2e,
  0x33,0x35,0x31,0x37,0x32,0x6c,0x2d,0x39,0x2e,0x31,0x39,0x39,0x30,0x35,0x2d,0x37,
  0x2e,0x38,0x39,0x37,0x33,0x38,0x7a,0x22,0x20,0x66,0x69,0x6c,0x6c,0x3d,0x22,0x23,
  0x62,0x35,0x66,0x64,0x62,0x35,0x22,0x20,0x66,0x69,0x6c,0x6c,0x2d,0x72,0x75,0x6c,
  0x65,0x3d,0x22,0x65,0x76,0x65,0x6e,0x6f,0x64,0x64,0x22,0x2f,0x3e,0xd,0xa,0x20,
  0x20,0x20,0x20,0x20,0x20,0x20,0x20,0x3c,0x70,0x61,0x74,0x68,0x20,0x64,0x3d,0x22,
  0x6d,0x35,0x30,0x35,0x2e,0x33,0x32,0x39,0x33,0x39,0x20,0x34,0x32,0x37,0x2e,0x36,
  0x35,0x34,0x38,0x2d,0x33,0x31,0x2e,0x33,0x30,0x33,0x37,0x32,0x2d,0x31,0x31,0x2e,
  0x33,0x30,0x38,0x36,0x2d,0x34,0x35,0x2e,0x36,0x37,0x38,0x37,0x31,0x2d,0x37,0x2e,
  0x36,0x30,0x37,0x34,0x31,0x68,0x2d,0x34,0x32,0x2e,0x36,0x32,0x32,0x30,0x36,0x6c,
  0x2d,0x33,0x31,0x2e,0x39,0x37,0x32,0x36,0x36,0x2d,0x33,0x2e,0x30,0x34,0x36,0x38,
  0x38,0x2d,0x32,0x38,0x2e,0x39,0x32,0x35,0x37,0x39,0x20,0x31,0x32,0x2e,0x31,0x38,
  0x32,0x36,0x31,0x68,0x2d,0x32,0x38,0x2e,0x39,0x32,0x35,0x37,0x38,0x6c,0x2d,0x32,
  0x34,0x2e,0x33,0x36,0x30,0x33,0x35,0x2d,0x31,0x2e,0x35,0x32,0x38,0x33,0x32,0x2d,
  0x31,0x33,0x2e,0x30,0x39,0x30,0x38,0x32,0x2e,0x33,0x31,0x32,0x35,0x2d,0x31,0x31,
  0x2e,0x32,0x36,0x34,0x36,0x35,0x2d,0x2e,0x33,0x31,0x32,0x35,0x2d,0x34,0x34,0x2e,
  0x31,0x35,0x30,0x33,0x39,0x2d,0x33,0x38,0x2e,0x30,0x35,0x36,0x36,0x34,0x2d,0x33,
  0x31,0x2e,0x39,0x36,0x37,0x37,0x37,0x2d,0x37,0x2e,0x36,0x31,0x32,0x33,0x2d,0x33,
  0x30,0x2e,0x34,0x35,0x34,0x31,0x2d,0x33,0x2e,0x30,0x34,0x32,0x2d,0x35,0x31,0x2e,
  0x37,0x35,0x37,0x38,0x31,0x36,0x2d,0x39,0x2e,0x31,0x33,0x35,0x37,0x34,0x2d,0x34,
  0x31,0x2e,0x31,0x30,0x33,0x35,0x31,0x2d,0x37,0x2e,0x36,0x31,0x32,0x33,0x2d,0x32,
  0x32,0x2e,0x38,0x34,0x31,0x38,0x20,0x33,0x36,0x2e,0x35,0x33,0x38,0x30,0x38,0x2d,
  0x32,0x35,0x2e,0x38,0x37,0x38,0x38,0x39,0x39,0x37,0x31,0x20,0x32,0x35,0x2e,0x38,
  0x38,0x33,0x38,0x2d,0x31,0x38,0x2e,0x32,0x36,0x36,0x36,0x31,0x30,0x32,0x39,0x20,
  0x33,0x35,0x2e,0x30,0x30,0x39,0x37,0x36,0x2d,0x31,0x38,0x2e,0x32,0x37,0x31,0x34,
  0x38,0x20,0x31,0x30,0x2e,0x36,0x35,0x39,0x31,0x38,0x2d,0x31,0x36,0x2e,0x37,0x34,
  0x38,0x30,0x35,0x20,0x31,0x2e,0x35,0x31,0x38,0x35,0x36,0x20,0x34,0x2e,0x35,0x37,
  0x30,0x33,0x32,0x2d,0x31,0x39,0x2e,0x37,0x38,0x35,0x31,0x36,0x76,0x2d,0x31,0x33,
  0x2e,0x37,0x30,0x36,0x30,0x35,0x6c,0x31,0x36,0x2e,0x37,0x34,0x38,0x30,0x35,0x2d,
  0x31,0x35,0x2e,0x32,0x31,0x39,0x37,0x33,0x20,0x31,0x32,0x2e,0x31,0x37,0x37,0x37,
  0x33,0x2d,0x32,0x32,0x2e,0x38,0x34,0x31,0x38,0x2d,0x31,0x32,0x2e,0x31,0x37,0x37,
  0x37,0x33,0x2d,0x31,0x39,0x2e,0x37,0x39,0x30,0x30,0x34,0x2d,0x31,0x30,0x2e,0x36,
  0x35,0x39,0x31,0x39,0x2d,0x31,0x36,0x2e,0x37,0x34,0x33,0x31,0x36,0x2d,0x31,0x36,
  0x2e,0x37,0x34,0x33,0x31,0x36,0x2d,0x33,0x38,0x2e,0x30,0x36,0x36,0x34,0x31,0x20,
  0x31,0x36,0x2e,0x37,0x34,0x33,0x31,0x36,0x2d,0x33,0x36,0x2e,0x35,0x33,0x33,0x32,
  0x20,0x31,0x36,0x2e,0x37,0x34,0x33,0x31,0x37,0x2d,0x31,0x39,0x2e,0x37,0x39,0x30,
  0x30,0x34,0x20,0x31,0x35,0x2e,0x32,0x32,0x39,0x34,0x39,0x2d,0x31,0x39,0x2e,0x37,
  0x39,0x34,0x39,0x32,0x20,0x32,0x31,0x2e,0x33,0x31,0x33,0x34,0x38,0x30,0x33,0x20,
  0x31,0x36,0x2e,0x37,0x34,0x38,0x30,0x35,0x20,0x31,0x35,0x2e,0x32,0x31,0x39,0x37,
  0x31,0x39,0x37,0x20,0x31,0x33,0x2e,0x37,0x30,0x31,0x31,0x36,0x20,0x31,0x33,0x2e,
  0x37,0x30,0x36,0x30,0x36,0x2d,0x31,0x33,0x2e,0x37,0x30,0x31,0x31,0x36,0x20,0x32,
  0x37,0x2e,0x34,0x30,0x32,0x33,0x34,0x20,0x31,0x32,0x2e,0x31,0x37,0x37,0x37,0x33,
  0x20,0x31,0x30,0x2e,0x36,0x35,0x39,0x31,0x38,0x2d,0x31,0x38,0x2e,0x32,0x36,0x36,
  0x36,0x31,0x76,0x2d,0x31,0x35,0x2e,0x32,0x32,0x39,0x34,0x39,0x6c,0x37,0x36,0x2e,
  0x31,0x31,0x38,0x31,0x35,0x36,0x2d,0x32,0x35,0x2e,0x38,0x37,0x38,0x39,0x20,0x39,
  0x2e,0x31,0x33,0x30,0x38,0x36,0x2d,0x31,0x30,0x2e,0x36,0x35,0x34,0x33,0x20,0x31,
  0x33,0x2e,0x37,0x30,0x36,0x30,0x36,0x2d,0x33,0x33,0x2e,0x34,0x39,0x31,0x32,0x31,
  0x2d,0x32,0x38,0x2e,0x39,0x32,0x35,0x37,0x38,0x20,0x32,0x38,0x2e,0x39,0x32,0x35,
  0x37,0x38,0x2d,0x35,0x37,0x2e,0x38,0x35,0x31,0x35,0x36,0x36,0x20,0x32,0x34,0x2e,
  0x33,0x36,0x30,0x33,0x36,0x2d,0x33,0x30,0x2e,0x34,0x34,0x39,0x32,0x31,0x20,0x37,
  0x2e,0x36,0x31,0x32,0x33,0x2d,0x36,0x32,0x2e,0x34,0x31,0x36,0x39,0x39,0x39,0x37,
  0x20,0x31,0x2e,0x35,0x31,0x38,0x35,0x35,0x2d,0x33,0x30,0x2e,0x34,0x35,0x34,0x31,
  0x30,0x30,0x33,0x2d,0x37,0x2e,0x36,0x31,0x32,0x33,0x2d,0x34,0x35,0x2e,0x36,0x36,
  0x38,0x39,0x34,0x20,0x39,0x31,0x2e,0x33,0x34,0x32,0x37,0x37,0x2d,0x31,0x33,0x2e,
  0x37,0x30,0x31,0x31,0x37,0x20,0x33,0x30,0x2e,0x34,0x35,0x34,0x31,0x2d,0x33,0x2e,
  0x30,0x34,0x32,0x20,0x36,0x32,0x2e,0x34,0x31,0x32,0x31,0x32,0x20,0x31,0x38,0x2e,
  0x32,0x36,0x36,0x36,0x20,0x32,0x37,0x2e,0x34,0x30,0x37,0x32,0x32,0x2d,0x31,0x36,
  0x2e,0x37,0x34,0x38,0x30,0x34,0x20,0x32,0x35,0x2e,0x38,0x38,0x33,0x37,0x39,0x2e,
  0x33,0x30,0x37,0x36,0x31,0x20,0x31,0x33,0x2e,0x39,0x39,0x39,0x30,0x32,0x20,0x31,
  0x33,0x32,0x2e,0x31,0x34,0x33,0x35,0x35,0x2d,0x36,0x2e,0x33,0x39,0x31,0x36,0x20,
  0x35,0x2e,0x34,0x38,0x33,0x34,0x2d,0x36,0x2e,0x33,0x39,0x31,0x36,0x20,0x31,0x30,
  0x2e,0x33,0x35,0x31,0x35,0x37,0x2d,0x33,0x2e,0x39,0x36,0x34,0x38,0x35,0x20,0x31,
  0x30,0x2e,0x33,0x34,0x36,0x36,0x38,0x2d,0x2e,0x36,0x30,0x35,0x34,0x37,0x20,0x31,
  0x30,0x2e,0x33,0x35,0x36,0x34,0x34,0x2d,0x31,0x2e,0x32,0x31,0x35,0x38,0x31,0x20,
  0x31,0x2e,0x35,0x31,0x38,0x35,0x36,0x2d,0x31,0x36,0x2e,0x37,0x34,0x38,0x30,0x35,
  0x20,0x31,0x36,0x2e,0x37,0x34,0x38,0x30,0x35,0x2d,0x34,0x2e,0x35,0x36,0x35,0x34,
  0x33,0x68,0x31,0x38,0x2e,0x32,0x36,0x36,0x35,0x39,0x36,0x6c,0x31,0x39,0x2e,0x37,
  0x39,0x34,0x39,0x32,0x20,0x32,0x31,0x2e,0x33,0x31,0x33,0x34,0x38,0x20,0x33,0x37,
  0x31,0x2e,0x34,0x36,0x34,0x38,0x35,0x2d,0x31,0x39,0x2e,0x34,0x38,0x37,0x33,0x32,
  0x7a,0x22,0x20,0x66,0x69,0x6c,0x6c,0x3d,0x22,0x23,0x35,0x30,0x62,0x39,0x35,0x38,
  0x22,0x2f,0x3e,0xd,0xa,0x20,0x20,0x20,0x20,0x20,0x20,0x20,0x20,0x3c,0x70,0x61,
  0x74,0x68,0x20,0x64,0x3d,0x22,0x6d,0x33,0x31,0x34,0x2e,0x31,0x37,0x32,0x31,0x36,
  0x20,0x37,0x34,0x38,0x2e,0x32,0x33,0x30,0x39,0x37,0x2d,0x37,0x33,0x2e,0x32,0x38,
  0x32,0x35,0x20,0x33,0x32,0x2e,0x33,0x39,0x37,0x31,0x39,0x20,0x33,0x2e,0x36,0x36,
  0x38,0x32,0x34,0x20,0x34,0x2e,0x36,0x37,0x36,0x36,0x20,0x36,0x32,0x2e,0x30,0x30,
  0x31,0x39,0x35,0x2d,0x31,0x38,0x2e,0x38,0x30,0x32,0x33,0x31,0x20,0x36,0x2e,0x30,
  0x38,0x33,0x39,0x39,0x20,0x32,0x34,0x2e,0x33,0x36,0x30,0x33,0x35,0x2d,0x31,0x2e,
  0x35,0x31,0x38,0x35,0x35,0x20,0x32,0x31,0x2e,0x33,0x30,0x38,0x36,0x20,0x33,0x2e,
  0x33,0x34,0x39,0x36,0x31,0x20,0x37,0x2e,0x36,0x31,0x37,0x31,0x39,0x2d,0x32,0x2e,
  0x37,0x33,0x39,0x32,0x36,0x20,0x34,0x34,0x2e,0x37,0x35,0x35,0x38,0x36,0x2d,0x34,
  0x2e,0x35,0x37,0x30,0x33,0x32,0x20,0x31,0x32,0x2e,0x31,0x37,0x37,0x37,0x32,0x2d,
  0x37,0x38,0x2e,0x32,0x35,0x31,0x39,0x35,0x2d,0x31,0x31,0x33,0x2e,0x38,0x37,0x32,
  0x30,0x36,0x2d,0x34,0x34,0x2e,0x31,0x34,0x35,0x35,0x31,0x2d,0x33,0x36,0x2e,0x38,
  0x34,0x35,0x37,0x2d,0x35,0x2e,0x37,0x38,0x36,0x31,0x34,0x2d,0x38,0x2e,0x35,0x32,
  0x35,0x34,0x2d,0x39,0x2e,0x37,0x34,0x36,0x30,0x38,0x20,0x33,0x2e,0x39,0x35,0x39,
  0x39,0x36,0x2d,0x36,0x2e,0x36,0x39,0x34,0x33,0x34,0x2d,0x32,0x2e,0x37,0x33,0x39,
  0x32,0x35,0x2d,0x36,0x2e,0x30,0x39,0x33,0x37,0x35,0x2d,0x38,0x2e,0x32,0x31,0x37,
  0x37,0x37,0x20,0x33,0x2e,0x39,0x35,0x35,0x30,0x37,0x2d,0x31,0x34,0x2e,0x36,0x31,
  0x39,0x31,0x35,0x2d,0x31,0x34,0x2e,0x39,0x31,0x36,0x39,0x38,0x2d,0x31,0x35,0x2e,
  0x38,0x33,0x30,0x30,0x38,0x2d,0x32,0x32,0x2e,0x32,0x32,0x36,0x35,0x37,0x20,0x32,
  0x2e,0x31,0x32,0x38,0x39,0x32,0x2d,0x35,0x32,0x2e,0x36,0x37,0x35,0x37,0x37,0x36,
  0x2d,0x38,0x2e,0x35,0x32,0x35,0x33,0x39,0x2d,0x32,0x32,0x2e,0x35,0x32,0x39,0x32,
  0x39,0x20,0x33,0x2e,0x36,0x35,0x32,0x33,0x34,0x2d,0x35,0x37,0x2e,0x38,0x35,0x31,
  0x35,0x35,0x39,0x37,0x2d,0x33,0x34,0x2e,0x31,0x30,0x31,0x35,0x37,0x2d,0x31,0x33,
  0x2e,0x30,0x39,0x30,0x38,0x33,0x30,0x33,0x2d,0x38,0x2e,0x35,0x32,0x30,0x35,0x31,
  0x20,0x31,0x32,0x2e,0x39,0x36,0x35,0x38,0x30,0x32,0x37,0x2d,0x36,0x2e,0x37,0x31,
  0x35,0x36,0x33,0x20,0x32,0x35,0x2e,0x37,0x30,0x31,0x31,0x38,0x37,0x33,0x2d,0x39,
  0x2e,0x31,0x32,0x34,0x32,0x31,0x20,0x31,0x32,0x2e,0x31,0x37,0x37,0x37,0x34,0x20,
  0x33,0x2e,0x30,0x34,0x36,0x38,0x38,0x20,0x32,0x37,0x2e,0x34,0x30,0x32,0x33,0x35,
  0x2d,0x31,0x30,0x2e,0x36,0x35,0x34,0x33,0x20,0x34,0x31,0x2e,0x34,0x31,0x31,0x31,
  0x32,0x2d,0x37,0x2e,0x30,0x30,0x31,0x39,0x35,0x20,0x34,0x2e,0x32,0x36,0x32,0x36,
  0x39,0x36,0x2d,0x36,0x2e,0x30,0x39,0x33,0x37,0x35,0x20,0x31,0x30,0x2e,0x36,0x35,
  0x34,0x33,0x20,0x35,0x2e,0x34,0x37,0x38,0x35,0x31,0x20,0x31,0x39,0x2e,0x31,0x38,
  0x34,0x35,0x36,0x2d,0x2e,0x38,0x34,0x38,0x32,0x31,0x20,0x31,0x31,0x2e,0x39,0x34,
  0x36,0x38,0x35,0x20,0x38,0x2e,0x39,0x32,0x30,0x32,0x20,0x31,0x33,0x2e,0x39,0x33,
  0x32,0x30,0x37,0x2d,0x2e,0x34,0x35,0x34,0x38,0x2d,0x35,0x2e,0x31,0x37,0x30,0x39,
  0x20,0x31,0x30,0x2e,0x30,0x34,0x33,0x39,0x35,0x2d,0x37,0x2e,0x39,0x31,0x39,0x39,
  0x33,0x20,0x33,0x2e,0x39,0x35,0x39,0x39,0x36,0x2d,0x32,0x2e,0x34,0x33,0x36,0x35,
  0x32,0x20,0x31,0x30,0x2e,0x36,0x35,0x39,0x31,0x38,0x20,0x32,0x36,0x2e,0x34,0x39,
  0x34,0x31,0x33,0x20,0x35,0x2e,0x37,0x38,0x31,0x32,0x35,0x20,0x32,0x34,0x2e,0x39,
  0x36,0x30,0x39,0x35,0x20,0x37,0x2e,0x39,0x31,0x39,0x39,0x32,0x20,0x31,0x36,0x2e,
  0x34,0x34,0x35,0x33,0x20,0x37,0x2e,0x30,0x30,0x31,0x39,0x35,0x20,0x33,0x32,0x2e,
  0x32,0x37,0x35,0x34,0x20,0x31,0x36,0x2e,0x31,0x33,0x32,0x38,0x31,0x20,0x32,0x35,
  0x2e,0x35,0x37,0x36,0x31,0x38,0x2d,0x34,0x2e,0x38,0x36,0x38,0x31,0x36,0x20,0x37,
  0x2e,0x36,0x31,0x32,0x33,0x20,0x35,0x2e,0x31,0x38,0x30,0x36,0x36,0x20,0x33,0x2e,
  0x39,0x35,0x35,0x30,0x37,0x2d,0x37,0x2e,0x33,0x30,0x39,0x35,0x37,0x20,0x35,0x2e,
  0x34,0x38,0x33,0x34,0x2d,0x34,0x2e,0x32,0x36,0x32,0x36,0x39,0x20,0x37,0x2e,0x39,
  0x31,0x39,0x39,0x33,0x2d,0x32,0x2e,0x34,0x33,0x36,0x35,0x32,0x20,0x35,0x2e,0x34,
  0x37,0x38,0x35,0x31,0x20,0x35,0x2e,0x34,0x37,0x38,0x35,0x31,0x20,0x39,0x2e,0x34,
  0x33,0x38,0x34,0x38,0x20,0x33,0x2e,0x36,0x35,0x32,0x33,0x35,0x20,0x31,0x30,0x2e,
  0x33,0x35,0x31,0x35,0x36,0x20,0x31,0x39,0x2e,0x31,0x38,0x34,0x35,0x36,0x7a,0x22,
  0x20,0x66,0x69,0x6c,0x6c,0x3d,0x22,0x23,0x35,0x30,0x62,0x39,0x35,0x38,0x22,0x2f,
  0x3e,0xd,0xa,0x20,0x20,0x20,0x20,0x20,0x20,0x20,0x20,0x3c,0x70,0x61,0x74,0x68,
  0x20,0x64,0x3d,0x22,0x6d,0x2d,0x38,0x36,0x2e,0x38,0x33,0x33,0x36,0x39,0x36,0x20,
  0x35,0x38,0x38,0x2e,0x33,0x38,0x32,0x33,0x34,0x20,0x31,0x37,0x2e,0x33,0x35,0x38,
  0x34,0x20,0x33,0x2e,0x30,0x34,0x31,0x39,0x38,0x20,0x33,0x33,0x2e,0x34,0x39,0x31,
  0x32,0x31,0x20,0x34,0x34,0x2e,0x31,0x35,0x35,0x32,0x38,0x20,0x31,0x39,0x2e,0x37,
  0x39,0x30,0x30,0x34,0x20,0x31,0x38,0x2e,0x32,0x36,0x31,0x37,0x32,0x20,0x32,0x31,
  0x2e,0x33,0x31,0x33,0x34,0x37,0x30,0x33,0x20,0x35,0x31,0x2e,0x34,0x35,0x39,0x39,
  0x37,0x20,0x33,0x36,0x2e,0x35,0x33,0x38,0x30,0x38,0x39,0x37,0x20,0x36,0x31,0x2e,
  0x32,0x30,0x31,0x31,0x36,0x20,0x31,0x31,0x34,0x2e,0x31,0x38,0x34,0x35,0x35,0x36,
  0x20,0x36,0x33,0x2e,0x39,0x34,0x30,0x34,0x34,0x20,0x34,0x2e,0x35,0x36,0x30,0x35,
  0x35,0x20,0x31,0x36,0x2e,0x37,0x34,0x38,0x30,0x33,0x2d,0x34,0x37,0x2e,0x31,0x39,
  0x32,0x33,0x37,0x20,0x33,0x36,0x2e,0x35,0x33,0x38,0x30,0x39,0x20,0x31,0x2e,0x35,
  0x32,0x33,0x34,0x34,0x20,0x31,0x30,0x2e,0x36,0x35,0x39,0x31,0x39,0x20,0x39,0x2e,
  0x31,0x33,0x35,0x37,0x33,0x20,0x32,0x35,0x2e,0x38,0x37,0x34,0x30,0x37,0x2d,0x36,
  0x2e,0x30,0x38,0x38,0x38,0x36,0x20,0x31,0x39,0x2e,0x37,0x39,0x34,0x38,0x38,0x2d,
  0x33,0x38,0x2e,0x30,0x36,0x31,0x35,0x31,0x36,0x2d,0x36,0x35,0x2e,0x34,0x36,0x38,
  0x37,0x36,0x2d,0x34,0x32,0x2e,0x36,0x32,0x36,0x39,0x37,0x2d,0x33,0x36,0x2e,0x35,
  0x32,0x38,0x33,0x32,0x2d,0x34,0x31,0x2e,0x31,0x30,0x33,0x35,0x30,0x39,0x37,0x2d,
  0x37,0x30,0x2e,0x30,0x33,0x39,0x30,0x36,0x2d,0x33,0x33,0x2e,0x34,0x39,0x36,0x30,
  0x39,0x30,0x33,0x2d,0x37,0x31,0x2e,0x35,0x34,0x37,0x38,0x35,0x2d,0x33,0x30,0x2e,
  0x34,0x34,0x34,0x33,0x33,0x2d,0x34,0x33,0x2e,0x35,0x34,0x34,0x39,0x32,0x7a,0x22,
  0x20,0x66,0x69,0x6c,0x6c,0x3d,0x22,0x23,0x35,0x30,0x62,0x39,0x35,0x38,0x22,0x2f,
  0x3e,0xd,0xa,0x20,0x20,0x20,0x20,0x20,0x20,0x20,0x20,0x3c,0x70,0x61,0x74,0x68,
  0x20,0x64,0x3d,0x22,0x6d,0x33,0x37,0x38,0x2e,0x37,0x33,0x37,0x35,0x39,0x20,0x39,
  0x35,0x32,0x2e,0x35,0x39,0x31,0x32,0x37,0x2d,0x31,0x32,0x2e,0x31,0x38,0x37,0x35,
  0x2d,0x33,0x2e,0x33,0x39,0x38,0x33,0x37,0x76,0x38,0x2e,0x35,0x32,0x35,0x33,0x37,
  0x6c,0x38,0x2e,0x39,0x36,0x39,0x37,0x32,0x20,0x31,0x38,0x2e,0x36,0x33,0x32,0x38,
  0x38,0x20,0x37,0x2e,0x30,0x31,0x31,0x37,0x33,0x20,0x32,0x35,0x2e,0x34,0x30,0x35,
  0x32,0x35,0x20,0x32,0x2e,0x33,0x30,0x34,0x36,0x38,0x20,0x31,0x38,0x2e,0x31,0x30,
  0x35,0x34,0x20,0x31,0x34,0x31,0x2e,0x34,0x31,0x36,0x30,0x32,0x2e,0x30,0x34,0x38,
  0x39,0x20,0x32,0x33,0x2e,0x37,0x30,0x31,0x31,0x37,0x2d,0x35,0x39,0x2e,0x39,0x35,
  0x33,0x33,0x36,0x2d,0x31,0x32,0x2e,0x39,0x35,0x34,0x31,0x2d,0x32,0x2e,0x32,0x34,
  0x38,0x38,0x32,0x7a,0x22,0x20,0x66,0x69,0x6c,0x6c,0x3d,0x22,0x23,0x62,0x35,0x66,
  0x64,0x62,0x35,0x22,0x2f,0x3e,0xd,0xa,0x20,0x20,0x20,0x20,0x20,0x20,0x20,0x20,
  0x3c,0x70,0x61,0x74,0x68,0x20,0x64,0x3d,0x22,0x6d,0x32,0x34,0x32,0x2e,0x33,0x31,
  0x31,0x38,0x31,0x20,0x35,0x35,0x38,0x2e,0x38,0x34,0x36,0x32,0x20,0x32,0x2e,0x37,
  0x33,0x39,0x32,0x35,0x2d,0x34,0x2e,0x32,0x36,0x32,0x36,0x39,0x20,0x31,0x31,0x2e,
  0x32,0x36,0x39,0x35,0x34,0x2d,0x2e,0x39,0x31,0x33,0x30,0x39,0x20,0x39,0x2e,0x34,
  0x33,0x33,0x35,0x39,0x2d,0x32,0x2e,0x37,0x33,0x39,0x32,0x36,0x20,0x31,0x34,0x2e,
  0x39,0x32,0x31,0x38,0x37,0x2d,0x32,0x2e,0x31,0x32,0x38,0x39,0x20,0x31,0x34,0x2e,
  0x33,0x31,0x31,0x35,0x33,0x2d,0x2e,0x33,0x30,0x37,0x36,0x32,0x20,0x39,0x2e,0x37,
  0x34,0x36,0x31,0x20,0x33,0x2e,0x33,0x34,0x34,0x37,0x33,0x20,0x35,0x2e,0x34,0x37,
  0x38,0x35,0x31,0x20,0x35,0x2e,0x37,0x39,0x31,0x30,0x32,0x20,0x37,0x2e,0x30,0x30,
  0x31,0x39,0x35,0x20,0x35,0x2e,0x31,0x37,0x35,0x37,0x37,0x2d,0x32,0x2e,0x31,0x33,
  0x33,0x37,0x39,0x20,0x37,0x2e,0x36,0x31,0x32,0x33,0x31,0x2d,0x31,0x2e,0x32,0x31,
  0x35,0x38,0x32,0x20,0x31,0x32,0x2e,0x31,0x38,0x32,0x36,0x32,0x20,0x31,0x2e,0x35,
  0x32,0x33,0x34,0x33,0x20,0x37,0x2e,0x39,0x31,0x30,0x31,0x36,0x2d,0x2e,0x39,0x31,
  0x33,0x30,0x37,0x20,0x32,0x2e,0x31,0x33,0x33,0x37,0x39,0x2d,0x32,0x30,0x2e,0x30,
  0x39,0x37,0x36,0x36,0x20,0x34,0x2e,0x38,0x36,0x38,0x31,0x36,0x2d,0x31,0x35,0x2e,
  0x35,0x32,0x37,0x33,0x34,0x2d,0x37,0x2e,0x36,0x30,0x37,0x34,0x33,0x2d,0x31,0x34,
  0x2e,0x36,0x31,0x39,0x31,0x35,0x2d,0x39,0x2e,0x34,0x33,0x38,0x34,0x37,0x2d,0x31,
  0x32,0x2e,0x37,0x38,0x38,0x30,0x39,0x2d,0x31,0x32,0x2e,0x34,0x38,0x35,0x33,0x35,
  0x7a,0x22,0x20,0x66,0x69,0x6c,0x6c,0x3d,0x22,0x23,0x35,0x30,0x62,0x39,0x35,0x38,
  0x22,0x2f,0x3e,0xd,0xa,0x20,0x20,0x20,0x20,0x20,0x20,0x20,0x20,0x3c,0x70,0x61,
  0x74,0x68,0x20,0x64,0x3d,0x22,0x6d,0x36,0x37,0x30,0x2e,0x39,0x31,0x35,0x33,0x31,
  0x20,0x34,0x33,0x31,0x2e,0x35,0x35,0x31,0x32,0x39,0x2d,0x2e,0x31,0x39,0x30,0x34,
  0x2d,0x31,0x30,0x2e,0x39,0x36,0x36,0x38,0x2d,0x31,0x2e,0x39,0x33,0x33,0x36,0x2e,
  0x30,0x38,0x37,0x38,0x38,0x2d,0x2e,0x31,0x34,0x31,0x36,0x2d,0x38,0x2e,0x34,0x33,
  0x37,0x35,0x20,0x31,0x30,0x2e,0x30,0x32,0x34,0x34,0x2d,0x2e,0x32,0x30,0x30,0x32,
  0x2d,0x2e,0x31,0x33,0x36,0x37,0x2d,0x34,0x2e,0x38,0x30,0x39,0x35,0x36,0x20,0x35,
  0x2e,0x39,0x39,0x31,0x32,0x2d,0x2e,0x30,0x39,0x32,0x37,0x37,0x2d,0x2e,0x31,0x30,
  0x37,0x34,0x2d,0x36,0x2e,0x37,0x36,0x37,0x35,0x38,0x20,0x39,0x2e,0x36,0x32,0x34,
  0x2d,0x2e,0x34,0x35,0x38,0x39,0x39,0x2e,0x35,0x30,0x37,0x38,0x20,0x31,0x33,0x2e,
  0x38,0x30,0x33,0x37,0x32,0x2d,0x34,0x2e,0x32,0x33,0x33,0x34,0x2e,0x31,0x33,0x31,
  0x38,0x33,0x2e,0x33,0x34,0x31,0x38,0x20,0x31,0x30,0x2e,0x31,0x34,0x36,0x34,0x38,
  0x2d,0x38,0x2e,0x37,0x38,0x34,0x32,0x2e,0x30,0x37,0x38,0x31,0x32,0x2e,0x38,0x35,
  0x39,0x34,0x20,0x33,0x31,0x2e,0x39,0x31,0x38,0x39,0x35,0x20,0x39,0x2e,0x32,0x31,
  0x33,0x39,0x2d,0x2e,0x31,0x39,0x30,0x34,0x32,0x2e,0x34,0x34,0x39,0x32,0x20,0x31,
  0x32,0x2e,0x30,0x37,0x30,0x33,0x31,0x20,0x34,0x2e,0x36,0x30,0x34,0x35,0x2d,0x2e,
  0x32,0x31,0x39,0x37,0x32,0x2e,0x35,0x35,0x36,0x36,0x20,0x31,0x33,0x2e,0x35,0x32,
  0x35,0x33,0x38,0x2d,0x31,0x31,0x2e,0x33,0x37,0x36,0x39,0x2e,0x35,0x38,0x35,0x39,
  0x34,0x2d,0x2e,0x31,0x35,0x31,0x34,0x2d,0x37,0x2e,0x30,0x32,0x31,0x34,0x39,0x2d,
  0x35,0x2e,0x35,0x36,0x36,0x34,0x2e,0x34,0x37,0x38,0x35,0x32,0x2d,0x2e,0x31,0x32,
  0x32,0x31,0x2d,0x35,0x2e,0x31,0x32,0x36,0x39,0x35,0x2d,0x31,0x30,0x2e,0x33,0x33,
  0x36,0x39,0x2e,0x33,0x31,0x37,0x33,0x38,0x2d,0x2e,0x31,0x36,0x36,0x2d,0x31,0x30,
  0x2e,0x36,0x33,0x34,0x37,0x37,0x20,0x31,0x2e,0x38,0x37,0x39,0x39,0x2d,0x2e,0x32,
  0x31,0x34,0x38,0x34,0x2d,0x2e,0x34,0x30,0x30,0x34,0x2d,0x31,0x32,0x2e,0x30,0x39,
  0x39,0x36,0x31,0x2d,0x34,0x2e,0x37,0x39,0x39,0x38,0x2e,0x31,0x33,0x36,0x37,0x32,
  0x2d,0x2e,0x34,0x32,0x39,0x37,0x2d,0x31,0x35,0x2e,0x36,0x35,0x39,0x31,0x38,0x7a,
  0x22,0x20,0x66,0x69,0x6c,0x6c,0x3d,0x22,0x23,0x63,0x39,0x39,0x22,0x2f,0x3e,0xd,
  0xa,0x20,0x20,0x20,0x20,0x20,0x20,0x20,0x20,0x3c,0x70,0x61,0x74,0x68,0x20,0x64,
  0x3d,0x22,0x6d,0x35,0x39,0x36,0x2e,0x34,0x32,0x33,0x31,0x34,0x20,0x34,0x32,0x31,
  0x2e,0x32,0x31,0x39,0x32,0x35,0x20,0x36,0x30,0x2e,0x35,0x39,0x30,0x37,0x37,0x2d,
  0x32,0x2e,0x37,0x33,0x39,0x32,0x35,0x2e,0x39,0x31,0x33,0x31,0x20,0x31,0x37,0x2e,
  0x33,0x35,0x38,0x33,0x39,0x2d,0x35,0x31,0x2e,0x31,0x34,0x37,0x34,0x34,0x20,0x33,
  0x2e,0x30,0x34,0x32,0x2d,0x31,0x2e,0x35,0x32,0x33,0x34,0x32,0x2d,0x33,0x2e,0x39,
  0x35,0x39,0x39,0x37,0x2d,0x33,0x2e,0x39,0x35,0x39,0x39,0x36,0x2d,0x32,0x2e,0x37,
  0x33,0x34,0x33,0x37,0x2d,0x33,0x2e,0x36,0x35,0x37,0x32,0x34,0x2d,0x32,0x2e,0x31,
  0x33,0x33,0x37,0x39,0x7a,0x22,0x20,0x66,0x69,0x6c,0x6c,0x3d,0x22,0x23,0x62,0x35,
  0x66,0x64,0x62,0x35,0x22,0x2f,0x3e,0xd,0xa,0x20,0x20,0x20,0x20,0x20,0x20,0x20,
  0x20,0x3c,0x70,0x61,0x74,0x68,0x20,0x64,0x3d,0x22,0x6d,0x37,0x34,0x34,0x2e,0x33,
  0x37,0x37,0x32,0x31,0x20,0x34,0x30,0x37,0x2e,0x31,0x32,0x32,0x35,0x37,0x2d,0x33,
  0x35,0x2e,0x36,0x30,0x30,0x36,0x20,0x31,0x2e,0x36,0x31,0x36,0x32,0x32,0x2d,0x35,
  0x2e,0x31,0x37,0x35,0x37,0x20,0x35,0x2e,0x31,0x37,0x35,0x37,0x37,0x2e,0x34,0x31,
  0x35,0x20,0x31,0x33,0x2e,0x30,0x31,0x37,0x35,0x38,0x20,0x35,0x2e,0x37,0x39,0x35,
  0x39,0x20,0x37,0x2e,0x30,0x33,0x36,0x31,0x33,0x20,0x32,0x36,0x2e,0x36,0x36,0x39,
  0x39,0x2d,0x2e,0x38,0x37,0x34,0x30,0x32,0x2e,0x36,0x31,0x30,0x34,0x2d,0x33,0x2e,
  0x33,0x34,0x34,0x37,0x33,0x20,0x31,0x2e,0x32,0x32,0x30,0x37,0x2d,0x33,0x2e,0x36,
  0x36,0x32,0x31,0x31,0x20,0x31,0x2e,0x38,0x32,0x36,0x31,0x2d,0x33,0x2e,0x30,0x33,
  0x37,0x31,0x31,0x20,0x32,0x2e,0x37,0x33,0x39,0x33,0x2d,0x32,0x2e,0x31,0x33,0x33,
  0x37,0x39,0x20,0x31,0x2e,0x38,0x32,0x36,0x32,0x2d,0x2e,0x36,0x31,0x30,0x33,0x35,
  0x7a,0x22,0x20,0x66,0x69,0x6c,0x6c,0x3d,0x22,0x23,0x62,0x35,0x66,0x64,0x62,0x35,
  0x22,0x2f,0x3e,0xd,0xa,0x20,0x20,0x20,0x20,0x20,0x20,0x20,0x20,0x3c,0x70,0x61,
  0x74,0x68,0x20,0x64,0x3d,0x22,0x6d,0x36,0x30,0x37,0x2e,0x33,0x38,0x35,0x30,0x35,
  0x20,0x34,0x34,0x38,0x2e,0x30,0x31,0x36,0x31,0x32,0x20,0x35,0x30,0x2e,0x35,0x34,
  0x31,0x39,0x36,0x2d,0x32,0x2e,0x31,0x32,0x38,0x39,0x2e,0x39,0x31,0x33,0x31,0x20,
  0x31,0x36,0x2e,0x34,0x34,0x30,0x34,0x33,0x2d,0x35,0x39,0x2e,0x39,0x38,0x30,0x34,
  0x35,0x20,0x31,0x2e,0x38,0x32,0x36,0x31,0x37,0x2d,0x2e,0x36,0x30,0x35,0x34,0x37,
  0x2d,0x37,0x2e,0x30,0x30,0x31,0x39,0x35,0x20,0x33,0x2e,0x39,0x35,0x35,0x30,0x38,
  0x2d,0x31,0x2e,0x32,0x31,0x35,0x38,0x32,0x20,0x33,0x2e,0x39,0x35,0x35,0x30,0x38,
  0x2d,0x33,0x2e,0x36,0x36,0x32,0x31,0x31,0x7a,0x22,0x20,0x66,0x69,0x6c,0x6c,0x3d,
  0x22,0x23,0x62,0x35,0x66,0x64,0x62,0x35,0x22,0x2f,0x3e,0xd,0xa,0x20,0x20,0x20,
  0x20,0x20,0x20,0x20,0x20,0x3c,0x70,0x61,0x74,0x68,0x20,0x64,0x3d,0x22,0x6d,0x37,
  0x33,0x36,0x2e,0x37,0x38,0x39,0x33,0x31,0x20,0x34,0x34,0x31,0x2e,0x39,0x32,0x37,
  0x32,0x36,0x2d,0x32,0x36,0x2e,0x35,0x38,0x32,0x20,0x31,0x2e,0x34,0x39,0x39,0x30,
  0x33,0x2d,0x35,0x2e,0x34,0x38,0x33,0x34,0x20,0x35,0x2e,0x38,0x33,0x34,0x39,0x36,
  0x2e,0x34,0x30,0x30,0x34,0x20,0x31,0x32,0x2e,0x34,0x35,0x31,0x31,0x36,0x20,0x36,
  0x2e,0x30,0x38,0x38,0x39,0x20,0x35,0x2e,0x31,0x38,0x35,0x35,0x35,0x20,0x33,0x36,
  0x2e,0x32,0x31,0x35,0x38,0x2d,0x31,0x2e,0x35,0x33,0x38,0x30,0x39,0x2e,0x30,0x31,
  0x39,0x35,0x2d,0x31,0x31,0x2e,0x32,0x35,0x34,0x38,0x37,0x2d,0x32,0x2e,0x37,0x34,
  0x34,0x31,0x2d,0x31,0x2e,0x38,0x33,0x31,0x30,0x36,0x2d,0x32,0x2e,0x31,0x32,0x38,
  0x39,0x2d,0x31,0x2e,0x38,0x32,0x31,0x32,0x39,0x2d,0x32,0x2e,0x31,0x32,0x38,0x39,
  0x2d,0x32,0x2e,0x31,0x33,0x33,0x37,0x39,0x2d,0x32,0x2e,0x31,0x33,0x33,0x38,0x2d,
  0x33,0x2e,0x33,0x34,0x39,0x36,0x31,0x7a,0x22,0x20,0x66,0x69,0x6c,0x6c,0x3d,0x22,
  0x23,0x62,0x35,0x66,0x64,0x62,0x35,0x22,0x2f,0x3e,0xd,0xa,0x20,0x20,0x20,0x20,
  0x20,0x20,0x20,0x20,0x3c,0x70,0x61,0x74,0x68,0x20,0x64,0x3d,0x22,0x6d,0x37,0x35,
  0x36,0x2e,0x33,0x31,0x34,0x37,0x31,0x20,0x35,0x34,0x35,0x2e,0x37,0x34,0x30,0x37,
  0x34,0x2d,0x2e,0x39,0x32,0x32,0x38,0x2d,0x32,0x33,0x2e,0x37,0x38,0x39,0x30,0x37,
  0x2d,0x35,0x37,0x2e,0x30,0x37,0x30,0x33,0x20,0x31,0x2e,0x39,0x39,0x37,0x30,0x38,
  0x20,0x31,0x2e,0x38,0x37,0x30,0x31,0x20,0x33,0x38,0x2e,0x35,0x39,0x38,0x36,0x32,
  0x20,0x37,0x2e,0x31,0x35,0x33,0x33,0x2d,0x2e,0x33,0x39,0x30,0x36,0x32,0x2d,0x31,
  0x2e,0x35,0x39,0x36,0x37,0x2d,0x33,0x30,0x2e,0x39,0x30,0x33,0x33,0x33,0x20,0x34,
  0x32,0x2e,0x39,0x35,0x39,0x2d,0x31,0x2e,0x37,0x30,0x34,0x31,0x20,0x31,0x2e,0x31,
  0x31,0x33,0x33,0x20,0x33,0x30,0x2e,0x33,0x33,0x36,0x39,0x33,0x20,0x36,0x2e,0x39,
  0x37,0x32,0x36,0x2d,0x2e,0x33,0x37,0x35,0x39,0x39,0x7a,0x22,0x20,0x66,0x69,0x6c,
  0x6c,0x3d,0x22,0x23,0x63,0x39,0x39,0x22,0x2f,0x3e,0xd,0xa,0x20,0x20,0x20,0x20,
  0x20,0x20,0x20,0x20,0x3c,0x70,0x61,0x74,0x68,0x20,0x64,0x3d,0x22,0x6d,0x35,0x35,
  0x36,0x2e,0x35,0x34,0x30,0x33,0x32,0x20,0x31,0x31,0x30,0x2e,0x35,0x37,0x34,0x37,
  0x32,0x20,0x31,0x39,0x2e,0x34,0x37,0x37,0x35,0x34,0x20,0x33,0x2e,0x34,0x39,0x36,
  0x30,0x39,0x2d,0x2e,0x32,0x39,0x37,0x38,0x35,0x20,0x32,0x2e,0x39,0x37,0x33,0x36,
  0x34,0x20,0x31,0x34,0x2e,0x30,0x30,0x33,0x39,0x20,0x32,0x2e,0x36,0x36,0x36,0x30,
  0x31,0x2e,0x32,0x38,0x38,0x30,0x39,0x2d,0x33,0x2e,0x30,0x34,0x31,0x39,0x39,0x20,
  0x31,0x39,0x2e,0x36,0x36,0x37,0x39,0x37,0x20,0x33,0x2e,0x36,0x35,0x32,0x33,0x34,
  0x2d,0x31,0x2e,0x39,0x38,0x37,0x33,0x31,0x20,0x32,0x30,0x2e,0x35,0x34,0x36,0x38,
  0x38,0x2d,0x38,0x2e,0x39,0x39,0x39,0x30,0x31,0x2d,0x31,0x2e,0x37,0x34,0x33,0x31,
  0x37,0x2e,0x37,0x37,0x31,0x34,0x37,0x2d,0x31,0x30,0x2e,0x35,0x31,0x32,0x37,0x2d,
  0x35,0x2e,0x31,0x37,0x35,0x37,0x37,0x2d,0x2e,0x38,0x35,0x34,0x34,0x38,0x2d,0x2e,
  0x33,0x30,0x32,0x37,0x34,0x20,0x31,0x2e,0x36,0x31,0x31,0x33,0x32,0x2d,0x37,0x2e,
  0x37,0x32,0x39,0x34,0x39,0x2d,0x31,0x2e,0x33,0x35,0x32,0x35,0x34,0x2d,0x31,0x2e,
  0x31,0x36,0x32,0x31,0x31,0x20,0x31,0x31,0x2e,0x30,0x35,0x39,0x35,0x38,0x2d,0x38,
  0x2e,0x38,0x34,0x32,0x37,0x37,0x2d,0x31,0x2e,0x39,0x30,0x39,0x31,0x39,0x2e,0x38,
  0x38,0x33,0x37,0x38,0x2d,0x31,0x30,0x2e,0x37,0x34,0x37,0x30,0x36,0x2d,0x36,0x2e,
  0x35,0x39,0x36,0x36,0x37,0x2d,0x31,0x2e,0x31,0x35,0x37,0x32,0x33,0x2e,0x30,0x31,
  0x39,0x35,0x32,0x2d,0x31,0x2e,0x34,0x34,0x30,0x34,0x33,0x2d,0x36,0x2e,0x38,0x36,
  0x35,0x32,0x32,0x2d,0x31,0x2e,0x31,0x33,0x37,0x36,0x39,0x2d,0x2e,0x39,0x34,0x37,
  0x32,0x38,0x20,0x39,0x2e,0x34,0x36,0x37,0x37,0x37,0x2d,0x38,0x2e,0x38,0x30,0x33,
  0x37,0x31,0x2d,0x31,0x2e,0x37,0x30,0x38,0x39,0x38,0x7a,0x22,0x20,0x66,0x69,0x6c,
  0x6c,0x3d,0x22,0x23,0x63,0x39,0x39,0x22,0x2f,0x3e,0xd,0xa,0x20,0x20,0x20,0x20,
  0x20,0x20,0x20,0x20,0x3c,0x70,0x61,0x74,0x68,0x20,0x64,0x3d,0x22,0x6d,0x35,0x34,
  0x32,0x2e,0x38,0x33,0x34,0x32,0x37,0x20,0x34,0x32,0x34,0x2e,0x35,0x36,0x38,0x38,
  0x36,0x20,0x34,0x36,0x2e,0x32,0x38,0x34,0x31,0x38,0x2d,0x32,0x2e,0x37,0x33,0x39,
  0x32,0x36,0x76,0x39,0x2e,0x31,0x34,0x30,0x36,0x32,0x6c,0x2d,0x34,0x2e,0x32,0x36,
  0x37,0x35,0x38,0x20,0x31,0x2e,0x38,0x32,0x31,0x32,0x39,0x2d,0x33,0x2e,0x36,0x35,
  0x32,0x33,0x35,0x20,0x33,0x2e,0x39,0x35,0x35,0x30,0x39,0x2d,0x31,0x2e,0x32,0x31,
  0x35,0x38,0x32,0x20,0x34,0x2e,0x32,0x36,0x37,0x35,0x37,0x2d,0x33,0x35,0x2e,0x36,
  0x32,0x35,0x2e,0x36,0x31,0x30,0x33,0x35,0x7a,0x22,0x20,0x66,0x69,0x6c,0x6c,0x3d,
  0x22,0x23,0x62,0x35,0x66,0x64,0x62,0x35,0x22,0x2f,0x3e,0xd,0xa,0x20,0x20,0x20,
  0x20,0x20,0x20,0x20,0x20,0x3c,0x70,0x61,0x74,0x68,0x20,0x64,0x3d,0x22,0x6d,0x37,
  0x35,0x37,0x2e,0x39,0x33,0x30,0x39,0x31,0x20,0x35,0x39,0x30,0x2e,0x32,0x34,0x32,
  0x36,0x39,0x2d,0x2e,0x38,0x38,0x38,0x36,0x2d,0x32,0x34,0x2e,0x30,0x34,0x37,0x38,
  0x35,0x2d,0x36,0x2e,0x39,0x37,0x32,0x37,0x2e,0x33,0x39,0x35,0x35,0x31,0x2e,0x36,
  0x30,0x30,0x36,0x20,0x31,0x36,0x2e,0x32,0x36,0x34,0x36,0x35,0x2d,0x34,0x32,0x2e,
  0x31,0x34,0x38,0x34,0x20,0x32,0x2e,0x31,0x35,0x38,0x32,0x2d,0x2e,0x38,0x32,0x35,
  0x32,0x2d,0x31,0x36,0x2e,0x30,0x32,0x30,0x35,0x31,0x2d,0x37,0x2e,0x31,0x37,0x32,
  0x39,0x2e,0x34,0x30,0x35,0x32,0x37,0x20,0x31,0x2e,0x31,0x33,0x37,0x37,0x20,0x32,
  0x33,0x2e,0x35,0x34,0x39,0x38,0x7a,0x22,0x20,0x66,0x69,0x6c,0x6c,0x3d,0x22,0x23,
  0x63,0x39,0x39,0x22,0x2f,0x3e,0xd,0xa,0x20,0x20,0x20,0x20,0x20,0x20,0x20,0x20,
  0x3c,0x70,0x61,0x74,0x68,0x20,0x64,0x3d,0x22,0x6d,0x35,0x34,0x34,0x2e,0x36,0x36,
  0x30,0x34,0x34,0x20,0x34,0x35,0x31,0x2e,0x33,0x36,0x35,0x37,0x34,0x20,0x33,0x35,
  0x2e,0x33,0x32,0x32,0x32,0x36,0x2d,0x31,0x2e,0x35,0x32,0x38,0x33,0x33,0x20,0x31,
  0x2e,0x38,0x32,0x36,0x31,0x37,0x20,0x32,0x2e,0x34,0x33,0x36,0x35,0x33,0x20,0x33,
  0x2e,0x30,0x34,0x32,0x20,0x32,0x2e,0x34,0x34,0x31,0x34,0x31,0x20,0x34,0x2e,0x38,
  0x37,0x33,0x30,0x34,0x20,0x32,0x2e,0x34,0x33,0x36,0x35,0x32,0x2e,0x36,0x31,0x30,
  0x33,0x36,0x20,0x37,0x2e,0x33,0x30,0x39,0x35,0x37,0x2d,0x34,0x35,0x2e,0x30,0x36,
  0x33,0x34,0x38,0x20,0x32,0x2e,0x34,0x33,0x31,0x36,0x33,0x7a,0x22,0x20,0x66,0x69,
  0x6c,0x6c,0x3d,0x22,0x23,0x62,0x35,0x66,0x64,0x62,0x35,0x22,0x2f,0x3e,0xd,0xa,
  0x20,0x20,0x20,0x20,0x20,0x20,0x20,0x20,0x3c,0x70,0x61,0x74,0x68,0x20,0x64,0x3d,
  0x22,0x6d,0x37,0x31,0x30,0x2e,0x39,0x30,0x35,0x36,0x31,0x20,0x34,0x37,0x35,0x2e,
  0x34,0x31,0x38,0x34,0x37,0x20,0x33,0x38,0x2e,0x30,0x36,0x31,0x35,0x2d,0x31,0x2e,
  0x35,0x31,0x38,0x35,0x36,0x2d,0x31,0x38,0x2e,0x35,0x37,0x34,0x32,0x20,0x33,0x30,
  0x2e,0x37,0x35,0x31,0x39,0x36,0x7a,0x22,0x20,0x66,0x69,0x6c,0x6c,0x3d,0x22,0x23,
  0x62,0x35,0x66,0x64,0x62,0x35,0x22,0x2f,0x3e,0xd,0xa,0x20,0x20,0x20,0x20,0x20,
  0x20,0x20,0x20,0x3c,0x70,0x61,0x74,0x68,0x20,0x64,0x3d,0x22,0x6d,0x37,0x30,0x35,
  0x2e,0x34,0x32,0x37,0x30,0x31,0x20,0x34,0x30,0x30,0x2e,0x35,0x31,0x36,0x31,0x32,
  0x20,0x31,0x35,0x2e,0x38,0x33,0x35,0x2d,0x32,0x39,0x2e,0x35,0x33,0x36,0x31,0x32,
  0x20,0x32,0x33,0x2e,0x31,0x33,0x39,0x36,0x20,0x32,0x37,0x2e,0x37,0x31,0x34,0x38,
  0x34,0x7a,0x22,0x20,0x66,0x69,0x6c,0x6c,0x3d,0x22,0x23,0x62,0x35,0x66,0x64,0x62,
  0x35,0x22,0x2f,0x3e,0xd,0xa,0x20,0x20,0x20,0x20,0x20,0x20,0x20,0x20,0x3c,0x70,
  0x61,0x74,0x68,0x20,0x64,0x3d,0x22,0x6d,0x37,0x33,0x33,0x2e,0x31,0x33,0x32,0x31,
  0x31,0x20,0x35,0x30,0x38,0x2e,0x34,0x34,0x35,0x38,0x31,0x20,0x32,0x31,0x2e,0x39,
  0x32,0x33,0x38,0x2d,0x33,0x34,0x2e,0x38,0x35,0x33,0x35,0x31,0x20,0x31,0x2e,0x38,
  0x32,0x36,0x32,0x20,0x33,0x33,0x2e,0x37,0x39,0x38,0x38,0x32,0x7a,0x22,0x20,0x66,
  0x69,0x6c,0x6c,0x3d,0x22,0x23,0x62,0x35,0x66,0x64,0x62,0x35,0x22,0x2f,0x3e,0xd,
  0xa,0x20,0x20,0x20,0x20,0x20,0x20,0x20,0x20,0x3c,0x70,0x61,0x74,0x68,0x20,0x64,
  0x3d,0x22,0x6d,0x37,0x35,0x37,0x2e,0x30,0x34,0x32,0x33,0x31,0x20,0x35,0x36,0x36,
  0x2e,0x31,0x39,0x34,0x38,0x34,0x2d,0x35,0x36,0x2e,0x35,0x31,0x38,0x36,0x20,0x33,
  0x2e,0x32,0x30,0x33,0x31,0x32,0x2d,0x2e,0x33,0x33,0x32,0x2d,0x36,0x2e,0x38,0x35,
  0x30,0x35,0x39,0x20,0x35,0x36,0x2e,0x36,0x30,0x31,0x35,0x2d,0x33,0x2e,0x30,0x33,
  0x37,0x31,0x31,0x7a,0x22,0x20,0x66,0x69,0x6c,0x6c,0x3d,0x22,0x23,0x63,0x39,0x39,
  0x22,0x2f,0x3e,0xd,0xa,0x20,0x20,0x20,0x20,0x20,0x20,0x20,0x20,0x3c,0x70,0x61,
  0x74,0x68,0x20,0x64,0x3d,0x22,0x6d,0x37,0x32,0x35,0x2e,0x31,0x37,0x33,0x31,0x31,
  0x20,0x33,0x36,0x36,0x2e,0x36,0x39,0x32,0x38,0x39,0x20,0x32,0x32,0x2e,0x35,0x32,
  0x39,0x33,0x2d,0x2e,0x36,0x31,0x30,0x33,0x35,0x20,0x32,0x2e,0x37,0x38,0x38,0x31,
  0x20,0x33,0x31,0x2e,0x33,0x39,0x31,0x36,0x7a,0x22,0x20,0x66,0x69,0x6c,0x6c,0x3d,
  0x22,0x23,0x62,0x35,0x66,0x64,0x62,0x35,0x22,0x2f,0x3e,0xd,0xa,0x20,0x20,0x20,
  0x20,0x20,0x20,0x20,0x20,0x3c,0x70,0x61,0x74,0x68,0x20,0x64,0x3d,0x22,0x6d,0x37,
  0x30,0x35,0x2e,0x35,0x33,0x35,0x36,0x20,0x34,0x38,0x32,0x2e,0x38,0x31,0x36,0x38,
  0x39,0x20,0x32,0x30,0x2e,0x38,0x38,0x37,0x35,0x31,0x20,0x32,0x35,0x2e,0x39,0x32,
  0x31,0x39,0x2d,0x31,0x37,0x2e,0x36,0x34,0x36,0x35,0x2e,0x37,0x38,0x31,0x32,0x35,
  0x22,0x20,0x66,0x69,0x6c,0x6c,0x3d,0x22,0x23,0x62,0x35,0x66,0x64,0x62,0x35,0x22,
  0x2f,0x3e,0xd,0xa,0x20,0x20,0x20,0x20,0x20,0x20,0x20,0x20,0x3c,0x70,0x61,0x74,
  0x68,0x20,0x64,0x3d,0x22,0x6d,0x36,0x30,0x38,0x2e,0x33,0x31,0x37,0x36,0x36,0x20,
  0x33,0x37,0x38,0x2e,0x36,0x32,0x36,0x34,0x37,0x2d,0x2e,0x33,0x36,0x31,0x33,0x32,
  0x20,0x36,0x2e,0x30,0x37,0x39,0x31,0x20,0x33,0x36,0x2e,0x31,0x33,0x37,0x36,0x37,
  0x2d,0x32,0x2e,0x33,0x37,0x37,0x39,0x32,0x2e,0x32,0x32,0x39,0x35,0x2d,0x36,0x2e,
  0x32,0x39,0x33,0x39,0x35,0x7a,0x22,0x20,0x66,0x69,0x6c,0x6c,0x3d,0x22,0x23,0x63,
  0x39,0x39,0x22,0x2f,0x3e,0xd,0xa,0x20,0x20,0x20,0x20,0x20,0x20,0x20,0x20,0x3c,
  0x70,0x61,0x74,0x68,0x20,0x64,0x3d,0x22,0x6d,0x37,0x30,0x30,0x2e,0x35,0x35,0x38,
  0x39,0x31,0x20,0x33,0x36,0x37,0x2e,0x36,0x33,0x35,0x32,0x36,0x20,0x31,0x37,0x2e,
  0x33,0x39,0x33,0x34,0x38,0x2d,0x31,0x2e,0x39,0x36,0x32,0x32,0x39,0x2d,0x31,0x37,
  0x2e,0x33,0x39,0x30,0x32,0x31,0x20,0x33,0x30,0x2e,0x39,0x38,0x38,0x34,0x36,0x7a,
  0x22,0x20,0x66,0x69,0x6c,0x6c,0x3d,0x22,0x23,0x62,0x35,0x66,0x64,0x62,0x35,0x22,
  0x2f,0x3e,0xd,0xa,0x20,0x20,0x20,0x20,0x20,0x20,0x20,0x20,0x3c,0x70,0x61,0x74,
  0x68,0x20,0x64,0x3d,0x22,0x6d,0x35,0x36,0x35,0x2e,0x35,0x38,0x33,0x32,0x39,0x20,
  0x33,0x38,0x31,0x2e,0x37,0x30,0x32,0x36,0x35,0x2d,0x2e,0x34,0x35,0x34,0x31,0x20,
  0x35,0x2e,0x38,0x31,0x35,0x34,0x32,0x20,0x33,0x36,0x2e,0x36,0x35,0x30,0x33,0x38,
  0x2d,0x32,0x2e,0x34,0x30,0x37,0x32,0x32,0x2e,0x33,0x30,0x37,0x36,0x33,0x2d,0x36,
  0x2e,0x30,0x33,0x35,0x31,0x35,0x7a,0x22,0x20,0x66,0x69,0x6c,0x6c,0x3d,0x22,0x23,
  0x63,0x39,0x39,0x22,0x2f,0x3e,0xd,0xa,0x20,0x20,0x20,0x20,0x20,0x20,0x20,0x20,
  0x3c,0x70,0x61,0x74,0x68,0x20,0x64,0x3d,0x22,0x6d,0x36,0x39,0x37,0x2e,0x35,0x36,
  0x30,0x38,0x31,0x20,0x34,0x38,0x31,0x2e,0x31,0x37,0x30,0x34,0x32,0x20,0x37,0x2e,
  0x30,0x30,0x36,0x39,0x2d,0x2e,0x33,0x31,0x37,0x33,0x38,0x2e,0x37,0x38,0x36,0x31,
  0x20,0x32,0x36,0x2e,0x30,0x32,0x35,0x33,0x38,0x2d,0x36,0x2e,0x35,0x35,0x37,0x36,
  0x2e,0x31,0x35,0x31,0x33,0x38,0x7a,0x22,0x20,0x66,0x69,0x6c,0x6c,0x3d,0x22,0x23,
  0x63,0x39,0x39,0x22,0x2f,0x3e,0xd,0xa,0x20,0x20,0x20,0x20,0x20,0x20,0x20,0x20,
  0x3c,0x70,0x61,0x74,0x68,0x20,0x64,0x3d,0x22,0x6d,0x36,0x39,0x33,0x2e,0x32,0x35,
  0x34,0x32,0x31,0x20,0x33,0x37,0x33,0x2e,0x35,0x36,0x37,0x38,0x39,0x20,0x35,0x2e,
  0x34,0x38,0x33,0x34,0x2d,0x2e,0x31,0x37,0x35,0x37,0x39,0x20,0x31,0x2e,0x32,0x32,
  0x30,0x37,0x20,0x32,0x36,0x2e,0x33,0x35,0x37,0x34,0x32,0x2d,0x35,0x2e,0x39,0x31,
  0x33,0x31,0x2e,0x31,0x35,0x36,0x32,0x35,0x7a,0x22,0x20,0x66,0x69,0x6c,0x6c,0x3d,
  0x22,0x23,0x63,0x39,0x39,0x22,0x2f,0x3e,0xd,0xa,0x20,0x20,0x20,0x20,0x20,0x20,
  0x20,0x20,0x3c,0x70,0x61,0x74,0x68,0x20,0x64,0x3d,0x22,0x6d,0x35,0x34,0x31,0x2e,
  0x31,0x37,0x39,0x20,0x33,0x38,0x33,0x2e,0x34,0x36,0x30,0x34,0x36,0x2d,0x2e,0x34,
  0x37,0x38,0x35,0x33,0x20,0x35,0x2e,0x36,0x36,0x34,0x30,0x36,0x20,0x32,0x31,0x2e,
  0x39,0x30,0x34,0x33,0x2d,0x31,0x2e,0x34,0x34,0x30,0x34,0x32,0x2e,0x34,0x35,0x38,
  0x39,0x39,0x2d,0x35,0x2e,0x37,0x39,0x35,0x39,0x7a,0x22,0x20,0x66,0x69,0x6c,0x6c,
  0x3d,0x22,0x23,0x63,0x39,0x39,0x22,0x2f,0x3e,0xd,0xa,0x20,0x20,0x20,0x20,0x20,
  0x20,0x20,0x20,0x3c,0x70,0x61,0x74,0x68,0x20,0x64,0x3d,0x22,0x6d,0x35,0x36,0x36,
  0x2e,0x31,0x36,0x34,0x33,0x35,0x20,0x31,0x39,0x36,0x2e,0x31,0x31,0x31,0x38,0x32,
  0x20,0x35,0x2e,0x35,0x39,0x30,0x38,0x31,0x2e,0x39,0x30,0x38,0x32,0x32,0x20,0x32,
  0x2e,0x35,0x38,0x37,0x39,0x2e,0x34,0x35,0x34,0x31,0x2d,0x2e,0x36,0x31,0x35,0x32,
  0x34,0x20,0x37,0x2e,0x32,0x33,0x31,0x34,0x33,0x2d,0x2e,0x34,0x37,0x33,0x36,0x33,
  0x20,0x35,0x2e,0x35,0x38,0x35,0x39,0x34,0x2d,0x31,0x30,0x2e,0x30,0x34,0x38,0x38,
  0x33,0x2d,0x32,0x2e,0x30,0x34,0x35,0x38,0x39,0x2e,0x33,0x38,0x35,0x37,0x34,0x2d,
  0x33,0x2e,0x30,0x35,0x36,0x36,0x35,0x68,0x32,0x2e,0x31,0x31,0x34,0x32,0x36,0x7a,
  0x22,0x20,0x66,0x69,0x6c,0x6c,0x3d,0x22,0x23,0x63,0x39,0x39,0x22,0x2f,0x3e,0xd,
  0xa,0x20,0x20,0x20,0x20,0x20,0x20,0x20,0x20,0x3c,0x70,0x61,0x74,0x68,0x20,0x64,
  0x3d,0x22,0x6d,0x33,0x32,0x36,0x2e,0x35,0x35,0x39,0x38,0x35,0x20,0x36,0x34,0x34,
  0x2e,0x33,0x32,0x34,0x37,0x32,0x20,0x35,0x2e,0x31,0x33,0x31,0x38,0x34,0x2e,0x30,
  0x38,0x33,0x2e,0x30,0x38,0x37,0x38,0x38,0x20,0x36,0x2e,0x31,0x30,0x38,0x34,0x68,
  0x2d,0x35,0x2e,0x32,0x31,0x39,0x37,0x32,0x7a,0x22,0x20,0x66,0x69,0x6c,0x6c,0x3d,
  0x22,0x23,0x63,0x39,0x39,0x22,0x2f,0x3e,0xd,0xa,0x20,0x20,0x20,0x20,0x20,0x20,
  0x20,0x20,0x3c,0x70,0x61,0x74,0x68,0x20,0x64,0x3d,0x22,0x6d,0x38,0x33,0x2e,0x37,
  0x38,0x37,0x39,0x31,0x34,0x20,0x33,0x33,0x31,0x2e,0x32,0x30,0x33,0x37,0x37,0x2d,
  0x31,0x35,0x2e,0x35,0x37,0x30,0x32,0x32,0x31,0x20,0x32,0x32,0x2e,0x35,0x33,0x39,
  0x38,0x39,0x22,0x20,0x66,0x69,0x6c,0x6c,0x3d,0x22,0x6e,0x6f,0x6e,0x65,0x22,0x20,
  0x73,0x74,0x72,0x6f,0x6b,0x65,0x3d,0x22,0x23,0x65,0x30,0x65,0x30,0x33,0x32,0x22,
  0x20,0x73,0x74,0x72,0x6f,0x6b,0x65,0x2d,0x77,0x69,0x64,0x74,0x68,0x3d,0x22,0x35,
  0x22,0x2f,0x3e,0xd,0xa,0x20,0x20,0x20,0x20,0x20,0x20,0x20,0x20,0x3c,0x70,0x61,
  0x74,0x68,0x20,0x64,0x3d,0x22,0x6d,0x35,0x36,0x39,0x2e,0x36,0x30,0x31,0x38,0x35,
  0x20,0x35,0x34,0x34,0x2e,0x30,0x38,0x30,0x35,0x37,0x20,0x34,0x2e,0x34,0x34,0x33,
  0x33,0x35,0x2e,0x30,0x35,0x33,0x37,0x32,0x2e,0x30,0x36,0x38,0x33,0x36,0x20,0x35,
  0x2e,0x30,0x39,0x37,0x36,0x36,0x20,0x31,0x2e,0x31,0x37,0x36,0x37,0x36,0x20,0x31,
  0x2e,0x38,0x37,0x35,0x76,0x32,0x2e,0x38,0x38,0x30,0x38,0x35,0x6c,0x2d,0x31,0x2e,
  0x31,0x32,0x37,0x39,0x32,0x20,0x32,0x2e,0x30,0x34,0x35,0x39,0x2e,0x30,0x32,0x39,
  0x32,0x39,0x20,0x34,0x2e,0x33,0x38,0x39,0x36,0x35,0x2d,0x34,0x2e,0x34,0x35,0x33,
  0x31,0x33,0x2e,0x30,0x34,0x38,0x38,0x32,0x7a,0x22,0x20,0x66,0x69,0x6c,0x6c,0x3d,
  0x22,0x23,0x63,0x39,0x39,0x22,0x2f,0x3e,0xd,0xa,0x20,0x20,0x20,0x20,0x20,0x20,
  0x20,0x20,0x3c,0x70,0x61,0x74,0x68,0x20,0x64,0x3d,0x22,0x6d,0x33,0x30,0x33,0x2e,
  0x35,0x33,0x37,0x34,0x20,0x33,0x34,0x30,0x2e,0x32,0x33,0x32,0x39,0x32,0x2d,0x32,
  0x2e,0x36,0x34,0x31,0x36,0x31,0x20,0x33,0x2e,0x30,0x31,0x37,0x35,0x38,0x20,0x33,
  0x2e,0x31,0x32,0x39,0x38,0x38,0x20,0x32,0x2e,0x37,0x37,0x38,0x33,0x32,0x20,0x32,
  0x2e,0x37,0x30,0x39,0x39,0x37,0x2d,0x32,0x2e,0x39,0x31,0x35,0x30,0x33,0x7a,0x22,
  0x20,0x66,0x69,0x6c,0x6c,0x3d,0x22,0x23,0x63,0x39,0x39,0x22,0x2f,0x3e,0xd,0xa,
  0x20,0x20,0x20,0x20,0x20,0x20,0x20,0x20,0x3c,0x70,0x61,0x74,0x68,0x20,0x64,0x3d,
  0x22,0x6d,0x36,0x38,0x2e,0x36,0x39,0x38,0x35,0x32,0x34,0x20,0x34,0x36,0x39,0x2e,
  0x32,0x39,0x30,0x35,0x34,0x2d,0x2e,0x35,0x31,0x32,0x37,0x2d,0x39,0x2e,0x39,0x30,
  0x32,0x33,0x34,0x20,0x38,0x2e,0x30,0x32,0x37,0x33,0x35,0x2d,0x2e,0x33,0x30,0x37,
  0x36,0x33,0x20,0x31,0x2e,0x32,0x35,0x34,0x38,0x39,0x20,0x32,0x36,0x2e,0x37,0x38,
  0x37,0x31,0x32,0x2d,0x37,0x2e,0x38,0x33,0x32,0x30,0x34,0x2e,0x33,0x33,0x32,0x30,
  0x33,0x2d,0x2e,0x35,0x30,0x37,0x38,0x31,0x2d,0x39,0x2e,0x38,0x34,0x38,0x36,0x33,
  0x73,0x2d,0x32,0x2e,0x32,0x37,0x38,0x36,0x30,0x34,0x20,0x36,0x2e,0x32,0x37,0x30,
  0x30,0x33,0x2d,0x34,0x2e,0x37,0x36,0x32,0x38,0x32,0x39,0x20,0x38,0x2e,0x30,0x32,
  0x32,0x34,0x36,0x63,0x2d,0x31,0x2e,0x36,0x31,0x37,0x38,0x33,0x33,0x20,0x31,0x2e,
  0x31,0x34,0x31,0x32,0x36,0x2d,0x35,0x2e,0x37,0x32,0x35,0x32,0x38,0x35,0x20,0x32,
  0x2e,0x31,0x33,0x38,0x34,0x39,0x2d,0x37,0x2e,0x37,0x30,0x32,0x39,0x38,0x31,0x20,
  0x32,0x2e,0x30,0x34,0x35,0x39,0x2d,0x33,0x2e,0x33,0x37,0x35,0x38,0x30,0x36,0x2d,
  0x2e,0x31,0x35,0x38,0x30,0x34,0x2d,0x37,0x2e,0x39,0x38,0x31,0x33,0x39,0x36,0x2d,
  0x32,0x2e,0x30,0x35,0x34,0x32,0x31,0x2d,0x31,0x30,0x2e,0x33,0x33,0x36,0x39,0x33,
  0x2d,0x34,0x2e,0x34,0x37,0x37,0x35,0x34,0x2d,0x31,0x2e,0x36,0x36,0x39,0x32,0x30,
  0x31,0x2d,0x31,0x2e,0x37,0x31,0x37,0x32,0x34,0x2d,0x32,0x2e,0x38,0x39,0x35,0x39,
  0x39,0x2d,0x35,0x2e,0x30,0x31,0x38,0x32,0x36,0x2d,0x32,0x2e,0x39,0x36,0x33,0x38,
  0x36,0x2d,0x37,0x2e,0x34,0x31,0x32,0x31,0x31,0x2d,0x2e,0x30,0x38,0x30,0x36,0x35,
  0x38,0x2d,0x32,0x2e,0x38,0x34,0x34,0x39,0x31,0x20,0x31,0x2e,0x31,0x31,0x33,0x30,
  0x35,0x38,0x2d,0x36,0x2e,0x38,0x37,0x39,0x32,0x33,0x20,0x33,0x2e,0x30,0x31,0x37,
  0x35,0x38,0x2d,0x38,0x2e,0x39,0x39,0x34,0x31,0x34,0x20,0x32,0x2e,0x31,0x34,0x35,
  0x34,0x34,0x39,0x2d,0x32,0x2e,0x33,0x38,0x32,0x34,0x35,0x20,0x35,0x2e,0x34,0x36,
  0x39,0x34,0x31,0x2d,0x34,0x2e,0x30,0x33,0x36,0x39,0x31,0x20,0x38,0x2e,0x36,0x35,
  0x30,0x32,0x35,0x31,0x2d,0x34,0x2e,0x34,0x33,0x38,0x34,0x39,0x20,0x32,0x2e,0x34,
  0x37,0x34,0x34,0x35,0x36,0x2d,0x2e,0x33,0x31,0x32,0x34,0x20,0x37,0x2e,0x31,0x37,
  0x33,0x38,0x31,0x37,0x2e,0x38,0x30,0x34,0x36,0x39,0x20,0x39,0x2e,0x32,0x35,0x35,
  0x30,0x31,0x39,0x20,0x32,0x2e,0x31,0x37,0x39,0x31,0x34,0x20,0x32,0x2e,0x30,0x31,
  0x34,0x34,0x39,0x20,0x31,0x2e,0x33,0x33,0x30,0x34,0x20,0x34,0x2e,0x34,0x31,0x34,
  0x30,0x36,0x20,0x36,0x2e,0x30,0x31,0x34,0x32,0x33,0x20,0x34,0x2e,0x34,0x31,0x34,
  0x30,0x36,0x20,0x36,0x2e,0x30,0x31,0x34,0x32,0x33,0x7a,0x22,0x20,0x66,0x69,0x6c,
  0x6c,0x3d,0x22,0x23,0x37,0x31,0x38,0x33,0x64,0x65,0x22,0x2f,0x3e,0xd,0xa,0x20,
  0x20,0x20,0x20,0x20,0x20,0x20,0x20,0x3c,0x70,0x61,0x74,0x68,0x20,0x64,0x3d,0x22,
  0x6d,0x31,0x30,0x35,0x2e,0x30,0x34,0x31,0x33,0x20,0x34,0x34,0x38,0x2e,0x39,0x39,
  0x37,0x35,0x37,0x2d,0x31,0x37,0x2e,0x37,0x33,0x34,0x33,0x37,0x36,0x20,0x31,0x2e,
  0x33,0x30,0x33,0x37,0x32,0x2e,0x35,0x39,0x35,0x37,0x20,0x31,0x30,0x2e,0x34,0x38,
  0x33,0x33,0x38,0x20,0x31,0x2e,0x32,0x38,0x39,0x30,0x37,0x20,0x32,0x32,0x2e,0x36,
  0x38,0x35,0x35,0x35,0x2e,0x35,0x36,0x31,0x35,0x32,0x20,0x39,0x2e,0x39,0x34,0x36,
  0x32,0x39,0x20,0x31,0x38,0x2e,0x31,0x37,0x38,0x37,0x30,0x36,0x2d,0x31,0x2e,0x30,
  0x38,0x38,0x38,0x36,0x20,0x36,0x2e,0x36,0x34,0x30,0x36,0x33,0x2d,0x37,0x2e,0x37,
  0x38,0x33,0x32,0x2d,0x2e,0x34,0x38,0x38,0x32,0x38,0x2d,0x31,0x34,0x2e,0x35,0x38,
  0x30,0x30,0x38,0x2d,0x2e,0x34,0x36,0x33,0x38,0x37,0x2d,0x31,0x33,0x2e,0x38,0x33,
  0x37,0x39,0x7a,0x22,0x20,0x66,0x69,0x6c,0x6c,0x3d,0x22,0x23,0x37,0x31,0x38,0x33,
  0x64,0x65,0x22,0x2f,0x3e,0xd,0xa,0x20,0x20,0x20,0x20,0x20,0x20,0x20,0x20,0x3c,
  0x70,0x61,0x74,0x68,0x20,0x64,0x3d,0x22,0x6d,0x31,0x35,0x31,0x2e,0x36,0x34,0x32,
  0x38,0x36,0x20,0x35,0x38,0x33,0x2e,0x38,0x38,0x35,0x32,0x36,0x20,0x33,0x2e,0x34,
  0x30,0x33,0x33,0x33,0x20,0x38,0x2e,0x38,0x39,0x36,0x34,0x39,0x20,0x31,0x2e,0x35,
  0x32,0x33,0x34,0x33,0x20,0x38,0x2e,0x32,0x32,0x32,0x36,0x36,0x20,0x33,0x2e,0x33,
  0x34,0x39,0x36,0x20,0x34,0x2e,0x38,0x37,0x33,0x30,0x34,0x2e,0x36,0x30,0x35,0x34,
  0x38,0x20,0x36,0x2e,0x36,0x39,0x34,0x33,0x34,0x2d,0x37,0x2e,0x33,0x30,0x34,0x36,
  0x39,0x20,0x31,0x30,0x2e,0x36,0x35,0x39,0x31,0x38,0x2d,0x39,0x2e,0x37,0x34,0x36,
  0x31,0x20,0x37,0x2e,0x33,0x30,0x34,0x36,0x39,0x2e,0x36,0x31,0x30,0x33,0x36,0x20,
  0x34,0x2e,0x35,0x37,0x30,0x33,0x31,0x20,0x32,0x37,0x2e,0x34,0x30,0x32,0x33,0x34,
  0x20,0x34,0x2e,0x35,0x36,0x35,0x34,0x33,0x20,0x31,0x35,0x2e,0x35,0x33,0x32,0x32,
  0x33,0x20,0x36,0x2e,0x33,0x39,0x31,0x36,0x20,0x32,0x31,0x2e,0x36,0x31,0x36,0x32,
  0x31,0x20,0x36,0x2e,0x34,0x30,0x31,0x33,0x37,0x20,0x31,0x32,0x2e,0x31,0x37,0x37,
  0x37,0x34,0x20,0x38,0x2e,0x35,0x32,0x30,0x35,0x20,0x31,0x39,0x2e,0x34,0x38,0x37,
  0x33,0x20,0x39,0x2e,0x34,0x33,0x38,0x34,0x38,0x20,0x33,0x30,0x2e,0x37,0x35,0x31,
  0x39,0x35,0x2d,0x35,0x2e,0x34,0x37,0x33,0x36,0x33,0x20,0x31,0x39,0x2e,0x37,0x39,
  0x30,0x30,0x33,0x2d,0x38,0x2e,0x35,0x33,0x35,0x31,0x36,0x20,0x31,0x33,0x2e,0x37,
  0x30,0x36,0x30,0x37,0x2d,0x31,0x33,0x2e,0x36,0x39,0x36,0x32,0x39,0x20,0x39,0x2e,
  0x37,0x34,0x31,0x32,0x31,0x2d,0x31,0x32,0x2e,0x31,0x38,0x32,0x36,0x31,0x20,0x32,
  0x34,0x2e,0x39,0x38,0x35,0x33,0x35,0x2d,0x37,0x2e,0x33,0x36,0x38,0x31,0x36,0x20,
  0x38,0x2e,0x35,0x30,0x35,0x38,0x36,0x2d,0x32,0x2e,0x33,0x37,0x33,0x30,0x35,0x76,
  0x2d,0x33,0x2e,0x39,0x35,0x35,0x30,0x38,0x6c,0x2d,0x34,0x2e,0x32,0x36,0x32,0x37,
  0x2d,0x2e,0x39,0x31,0x37,0x39,0x37,0x2d,0x34,0x2e,0x35,0x36,0x35,0x34,0x32,0x20,
  0x32,0x2e,0x31,0x33,0x33,0x37,0x39,0x2d,0x37,0x2e,0x33,0x30,0x34,0x36,0x39,0x2d,
  0x31,0x36,0x2e,0x34,0x34,0x30,0x34,0x33,0x2d,0x34,0x2e,0x38,0x37,0x37,0x39,0x34,
  0x2d,0x31,0x39,0x2e,0x34,0x39,0x32,0x31,0x39,0x2d,0x31,0x31,0x2e,0x32,0x35,0x39,
  0x37,0x36,0x20,0x31,0x32,0x2e,0x31,0x38,0x32,0x36,0x32,0x2d,0x32,0x30,0x2e,0x37,
  0x34,0x32,0x31,0x39,0x20,0x34,0x2e,0x38,0x35,0x38,0x34,0x2d,0x31,0x36,0x2e,0x37,
  0x38,0x37,0x31,0x31,0x2d,0x37,0x2e,0x38,0x33,0x32,0x30,0x34,0x2d,0x31,0x37,0x2e,
  0x36,0x37,0x30,0x39,0x2d,0x31,0x30,0x2e,0x38,0x37,0x38,0x39,0x2d,0x31,0x36,0x2e,
  0x39,0x37,0x37,0x35,0x34,0x2d,0x31,0x38,0x2e,0x30,0x35,0x36,0x36,0x34,0x2d,0x31,
  0x33,0x2e,0x33,0x38,0x38,0x36,0x36,0x2d,0x31,0x35,0x2e,0x35,0x39,0x30,0x38,0x32,
  0x2d,0x31,0x35,0x2e,0x38,0x36,0x34,0x32,0x36,0x2d,0x38,0x2e,0x36,0x38,0x31,0x36,
  0x34,0x2d,0x31,0x32,0x2e,0x33,0x37,0x33,0x30,0x35,0x2d,0x39,0x2e,0x35,0x33,0x36,
  0x31,0x34,0x2d,0x37,0x2e,0x33,0x37,0x37,0x39,0x33,0x2e,0x32,0x31,0x34,0x38,0x35,
  0x20,0x31,0x31,0x2e,0x32,0x35,0x39,0x37,0x36,0x20,0x31,0x30,0x2e,0x33,0x39,0x35,
  0x35,0x2d,0x32,0x2e,0x37,0x33,0x39,0x32,0x36,0x20,0x36,0x2e,0x30,0x38,0x38,0x38,
  0x38,0x2d,0x33,0x2e,0x33,0x34,0x39,0x36,0x20,0x33,0x2e,0x33,0x34,0x39,0x36,0x31,
  0x2d,0x33,0x2e,0x36,0x35,0x37,0x32,0x34,0x2e,0x33,0x30,0x32,0x37,0x32,0x2d,0x34,
  0x2e,0x35,0x36,0x30,0x35,0x33,0x2d,0x2e,0x36,0x31,0x35,0x32,0x32,0x2d,0x33,0x2e,
  0x36,0x35,0x37,0x32,0x33,0x2d,0x33,0x2e,0x39,0x35,0x30,0x32,0x2d,0x36,0x2e,0x30,
  0x38,0x38,0x38,0x37,0x20,0x31,0x2e,0x32,0x31,0x35,0x38,0x32,0x2d,0x34,0x2e,0x33,
  0x34,0x35,0x37,0x2d,0x34,0x2e,0x38,0x37,0x37,0x39,0x33,0x2d,0x33,0x2e,0x35,0x36,
  0x39,0x33,0x34,0x2d,0x36,0x2e,0x30,0x38,0x33,0x39,0x39,0x2d,0x33,0x2e,0x30,0x34,
  0x36,0x38,0x38,0x20,0x37,0x2e,0x39,0x31,0x30,0x31,0x36,0x2d,0x35,0x2e,0x31,0x37,
  0x35,0x37,0x37,0x2d,0x32,0x2e,0x31,0x32,0x34,0x30,0x32,0x2d,0x35,0x2e,0x31,0x37,
  0x35,0x37,0x39,0x2d,0x34,0x2e,0x32,0x36,0x32,0x37,0x2d,0x37,0x2e,0x39,0x31,0x39,
  0x39,0x32,0x20,0x33,0x2e,0x36,0x35,0x32,0x33,0x35,0x2d,0x32,0x2e,0x31,0x32,0x38,
  0x39,0x20,0x36,0x2e,0x36,0x39,0x39,0x32,0x31,0x2e,0x39,0x31,0x33,0x30,0x38,0x20,
  0x38,0x2e,0x32,0x31,0x37,0x37,0x37,0x20,0x31,0x31,0x2e,0x38,0x37,0x35,0x2d,0x35,
  0x2e,0x34,0x37,0x38,0x35,0x31,0x20,0x35,0x2e,0x34,0x38,0x33,0x34,0x20,0x35,0x2e,
  0x34,0x37,0x38,0x35,0x31,0x2d,0x35,0x2e,0x37,0x38,0x36,0x31,0x33,0x20,0x38,0x2e,
  0x38,0x33,0x33,0x30,0x32,0x2d,0x31,0x2e,0x38,0x32,0x36,0x31,0x38,0x20,0x36,0x2e,
  0x33,0x39,0x36,0x34,0x38,0x68,0x2d,0x35,0x2e,0x37,0x38,0x36,0x31,0x32,0x6c,0x2d,
  0x32,0x2e,0x37,0x34,0x34,0x31,0x35,0x20,0x34,0x2e,0x38,0x36,0x38,0x31,0x37,0x7a,
  0x22,0x20,0x66,0x69,0x6c,0x6c,0x3d,0x22,0x23,0x37,0x31,0x38,0x33,0x64,0x65,0x22,
  0x2f,0x3e,0xd,0xa,0x20,0x20,0x20,0x20,0x20,0x20,0x20,0x20,0x3c,0x70,0x61,0x74,
  0x68,0x20,0x64,0x3d,0x22,0x6d,0x33,0x35,0x36,0x2e,0x30,0x32,0x37,0x36,0x32,0x20,
  0x33,0x37,0x34,0x2e,0x35,0x32,0x39,0x38,0x2d,0x31,0x31,0x2e,0x33,0x38,0x36,0x37,
  0x31,0x2d,0x32,0x2e,0x36,0x33,0x36,0x37,0x33,0x2d,0x33,0x2e,0x32,0x31,0x32,0x38,
  0x39,0x2d,0x35,0x2e,0x32,0x35,0x33,0x39,0x2d,0x35,0x2e,0x38,0x33,0x34,0x39,0x36,
  0x2d,0x34,0x2e,0x33,0x37,0x35,0x2d,0x33,0x2e,0x32,0x31,0x32,0x39,0x2d,0x35,0x2e,
  0x38,0x33,0x39,0x38,0x35,0x2d,0x33,0x2e,0x32,0x30,0x38,0x20,0x34,0x2e,0x30,0x38,
  0x36,0x39,0x33,0x2d,0x39,0x2e,0x30,0x35,0x32,0x37,0x34,0x20,0x32,0x2e,0x36,0x33,
  0x31,0x38,0x32,0x2d,0x35,0x2e,0x32,0x35,0x33,0x39,0x2d,0x2e,0x35,0x38,0x35,0x39,
  0x33,0x2d,0x33,0x2e,0x37,0x34,0x35,0x31,0x32,0x2d,0x33,0x2e,0x36,0x37,0x31,0x38,
  0x38,0x2d,0x32,0x38,0x2e,0x30,0x30,0x37,0x38,0x31,0x2e,0x39,0x37,0x31,0x36,0x39,
  0x2d,0x38,0x2e,0x35,0x32,0x35,0x33,0x39,0x2d,0x38,0x2e,0x35,0x32,0x30,0x35,0x31,
  0x2d,0x35,0x2e,0x36,0x30,0x30,0x35,0x39,0x2d,0x32,0x2e,0x31,0x39,0x32,0x33,0x39,
  0x2e,0x37,0x32,0x37,0x35,0x34,0x20,0x35,0x2e,0x31,0x31,0x37,0x32,0x20,0x35,0x2e,
  0x31,0x31,0x37,0x31,0x39,0x20,0x37,0x2e,0x30,0x36,0x30,0x35,0x34,0x2e,0x34,0x38,
  0x38,0x32,0x38,0x20,0x35,0x2e,0x33,0x35,0x36,0x34,0x35,0x2d,0x35,0x2e,0x31,0x31,
  0x37,0x31,0x38,0x20,0x36,0x2e,0x30,0x38,0x38,0x38,0x36,0x2d,0x34,0x2e,0x38,0x36,
  0x38,0x31,0x37,0x20,0x39,0x2e,0x30,0x31,0x33,0x36,0x37,0x2e,0x32,0x33,0x39,0x32,
  0x35,0x20,0x37,0x2e,0x33,0x30,0x34,0x36,0x39,0x20,0x33,0x2e,0x31,0x36,0x38,0x39,
  0x35,0x20,0x37,0x2e,0x35,0x35,0x33,0x37,0x31,0x20,0x35,0x2e,0x31,0x31,0x37,0x31,
  0x39,0x20,0x33,0x2e,0x38,0x39,0x31,0x36,0x20,0x34,0x2e,0x38,0x36,0x38,0x31,0x36,
  0x20,0x35,0x2e,0x38,0x34,0x34,0x37,0x33,0x20,0x32,0x2e,0x39,0x32,0x34,0x38,0x20,
  0x35,0x2e,0x36,0x30,0x35,0x34,0x37,0x20,0x36,0x2e,0x38,0x31,0x36,0x34,0x32,0x2e,
  0x34,0x38,0x33,0x34,0x20,0x31,0x35,0x2e,0x31,0x30,0x32,0x35,0x33,0x2e,0x37,0x33,
  0x32,0x34,0x32,0x20,0x37,0x2e,0x35,0x34,0x38,0x38,0x33,0x2d,0x32,0x2e,0x34,0x33,
  0x31,0x36,0x34,0x20,0x39,0x2e,0x37,0x34,0x31,0x32,0x31,0x2d,0x2e,0x37,0x33,0x32,
  0x34,0x33,0x20,0x38,0x2e,0x35,0x32,0x35,0x33,0x39,0x2e,0x34,0x38,0x38,0x32,0x39,
  0x20,0x35,0x2e,0x38,0x34,0x34,0x37,0x32,0x2d,0x2e,0x37,0x32,0x37,0x35,0x34,0x20,
  0x37,0x2e,0x33,0x30,0x39,0x35,0x38,0x2d,0x35,0x2e,0x36,0x30,0x35,0x34,0x37,0x20,
  0x36,0x2e,0x30,0x38,0x33,0x39,0x39,0x2d,0x38,0x2e,0x37,0x36,0x39,0x35,0x33,0x20,
  0x33,0x2e,0x34,0x30,0x38,0x32,0x2d,0x39,0x2e,0x30,0x30,0x38,0x38,0x7a,0x22,0x20,
  0x66,0x69,0x6c,0x6c,0x3d,0x22,0x23,0x37,0x31,0x38,0x33,0x64,0x65,0x22,0x2f,0x3e,
  0xd,0xa,0x20,0x20,0x20,0x20,0x20,0x20,0x20,0x20,0x3c,0x70,0x61,0x74,0x68,0x20,
  0x64,0x3d,0x22,0x6d,0x35,0x30,0x38,0x2e,0x35,0x31,0x32,0x39,0x37,0x20,0x34,0x34,
  0x39,0x2e,0x33,0x31,0x34,0x39,0x35,0x20,0x32,0x2e,0x31,0x33,0x33,0x38,0x20,0x36,
  0x2e,0x35,0x33,0x38,0x30,0x39,0x20,0x38,0x2e,0x32,0x39,0x35,0x38,0x39,0x20,0x37,
  0x2e,0x32,0x33,0x36,0x33,0x33,0x20,0x38,0x2e,0x38,0x33,0x33,0x30,0x31,0x2e,0x31,
  0x34,0x36,0x34,0x38,0x20,0x35,0x2e,0x31,0x30,0x32,0x35,0x34,0x20,0x33,0x2e,0x32,
  0x37,0x31,0x34,0x39,0x20,0x31,0x2e,0x33,0x36,0x32,0x33,0x31,0x20,0x35,0x2e,0x34,
  0x39,0x33,0x31,0x36,0x20,0x33,0x2e,0x30,0x32,0x37,0x33,0x34,0x2e,0x30,0x31,0x34,
  0x36,0x35,0x20,0x32,0x2e,0x36,0x33,0x36,0x37,0x31,0x2d,0x2e,0x30,0x30,0x39,0x37,
  0x36,0x2d,0x32,0x2e,0x38,0x32,0x32,0x32,0x36,0x2d,0x34,0x39,0x2e,0x30,0x33,0x33,
  0x32,0x32,0x2d,0x33,0x2e,0x35,0x37,0x39,0x31,0x2e,0x30,0x36,0x38,0x33,0x37,0x2d,
  0x32,0x2e,0x32,0x30,0x32,0x31,0x35,0x2e,0x31,0x31,0x32,0x33,0x31,0x2e,0x32,0x38,
  0x33,0x32,0x31,0x20,0x35,0x2e,0x36,0x38,0x38,0x34,0x37,0x2d,0x32,0x2e,0x30,0x35,
  0x35,0x36,0x37,0x20,0x33,0x2e,0x36,0x34,0x37,0x34,0x37,0x2d,0x31,0x2e,0x38,0x33,
  0x35,0x39,0x34,0x2e,0x39,0x38,0x36,0x33,0x32,0x2d,0x34,0x2e,0x35,0x36,0x35,0x34,
  0x32,0x2e,0x36,0x31,0x30,0x33,0x35,0x2d,0x37,0x2e,0x39,0x31,0x35,0x30,0x34,0x20,
  0x32,0x2e,0x31,0x33,0x33,0x37,0x39,0x2d,0x35,0x2e,0x31,0x37,0x35,0x37,0x39,0x20,
  0x38,0x2e,0x32,0x32,0x32,0x36,0x36,0x7a,0x22,0x20,0x66,0x69,0x6c,0x6c,0x3d,0x22,
  0x23,0x37,0x31,0x38,0x33,0x64,0x65,0x22,0x2f,0x3e,0xd,0xa,0x20,0x20,0x20,0x20,
  0x20,0x20,0x20,0x20,0x3c,0x70,0x61,0x74,0x68,0x20,0x64,0x3d,0x22,0x6d,0x35,0x38,
  0x38,0x2e,0x35,0x30,0x38,0x31,0x20,0x34,0x33,0x37,0x2e,0x36,0x36,0x34,0x35,0x36,
  0x20,0x34,0x2e,0x32,0x36,0x32,0x36,0x39,0x2d,0x31,0x2e,0x35,0x32,0x33,0x34,0x34,
  0x68,0x33,0x2e,0x36,0x35,0x32,0x33,0x35,0x6c,0x33,0x2e,0x30,0x34,0x31,0x39,0x38,
  0x20,0x31,0x2e,0x38,0x32,0x36,0x31,0x38,0x20,0x32,0x2e,0x34,0x34,0x31,0x34,0x32,
  0x20,0x33,0x2e,0x30,0x34,0x36,0x38,0x37,0x2e,0x36,0x30,0x35,0x34,0x36,0x20,0x33,
  0x2e,0x39,0x35,0x35,0x30,0x38,0x2d,0x31,0x2e,0x38,0x32,0x36,0x31,0x38,0x20,0x34,
  0x2e,0x32,0x36,0x32,0x37,0x2d,0x32,0x2e,0x34,0x33,0x31,0x36,0x33,0x20,0x32,0x2e,
  0x31,0x33,0x33,0x37,0x39,0x2d,0x34,0x2e,0x38,0x37,0x37,0x39,0x33,0x2e,0x39,0x30,
  0x38,0x32,0x2d,0x33,0x2e,0x36,0x35,0x32,0x33,0x35,0x2d,0x2e,0x36,0x30,0x35,0x34,
  0x37,0x2d,0x33,0x2e,0x36,0x35,0x32,0x33,0x34,0x2d,0x32,0x2e,0x34,0x33,0x36,0x35,
  0x32,0x2d,0x2e,0x36,0x31,0x30,0x33,0x35,0x2d,0x33,0x2e,0x33,0x34,0x34,0x37,0x33,
  0x76,0x2d,0x33,0x2e,0x33,0x35,0x34,0x35,0x7a,0x22,0x20,0x66,0x69,0x6c,0x6c,0x3d,
  0x22,0x23,0x37,0x31,0x38,0x33,0x64,0x65,0x22,0x2f,0x3e,0xd,0xa,0x20,0x20,0x20,
  0x20,0x20,0x20,0x20,0x20,0x3c,0x70,0x61,0x74,0x68,0x20,0x64,0x3d,0x22,0x6d,0x37,
  0x35,0x31,0x2e,0x37,0x33,0x30,0x37,0x31,0x20,0x34,0x34,0x36,0x2e,0x35,0x30,0x37,
  0x33,0x34,0x2d,0x34,0x2e,0x32,0x32,0x38,0x35,0x2d,0x33,0x2e,0x34,0x31,0x33,0x30,
  0x39,0x2d,0x2e,0x30,0x34,0x38,0x38,0x2d,0x37,0x2e,0x37,0x32,0x34,0x36,0x31,0x2e,
  0x31,0x33,0x31,0x38,0x2d,0x36,0x2e,0x35,0x34,0x37,0x38,0x35,0x20,0x33,0x2e,0x37,
  0x37,0x39,0x33,0x2d,0x32,0x2e,0x34,0x39,0x35,0x31,0x32,0x20,0x36,0x2e,0x39,0x36,
  0x32,0x39,0x2e,0x31,0x30,0x32,0x35,0x34,0x20,0x36,0x2e,0x30,0x39,0x38,0x37,0x20,
  0x35,0x2e,0x36,0x37,0x38,0x37,0x31,0x20,0x34,0x2e,0x32,0x36,0x37,0x35,0x2e,0x36,
  0x31,0x30,0x33,0x35,0x20,0x31,0x2e,0x38,0x32,0x36,0x32,0x2d,0x34,0x2e,0x35,0x37,
  0x30,0x33,0x31,0x2d,0x32,0x2e,0x38,0x39,0x35,0x35,0x2d,0x35,0x2e,0x36,0x32,0x39,
  0x38,0x39,0x2d,0x37,0x2e,0x33,0x30,0x34,0x37,0x2d,0x34,0x2e,0x39,0x38,0x30,0x34,
  0x36,0x2d,0x37,0x2e,0x38,0x39,0x30,0x36,0x2d,0x31,0x2e,0x31,0x35,0x32,0x33,0x35,
  0x2d,0x2e,0x33,0x32,0x32,0x33,0x2d,0x39,0x2e,0x36,0x31,0x34,0x32,0x35,0x20,0x31,
  0x2e,0x36,0x34,0x35,0x35,0x2d,0x2e,0x30,0x37,0x38,0x31,0x32,0x20,0x34,0x35,0x2e,
  0x32,0x33,0x34,0x34,0x2d,0x32,0x2e,0x30,0x35,0x35,0x36,0x37,0x2e,0x36,0x33,0x34,
  0x38,0x20,0x31,0x31,0x2e,0x32,0x35,0x39,0x37,0x37,0x20,0x38,0x2e,0x39,0x30,0x31,
  0x33,0x20,0x38,0x2e,0x37,0x39,0x33,0x39,0x33,0x2e,0x37,0x34,0x32,0x32,0x20,0x31,
  0x39,0x2e,0x31,0x36,0x39,0x39,0x33,0x2d,0x37,0x2e,0x35,0x37,0x33,0x32,0x20,0x38,
  0x2e,0x36,0x35,0x32,0x33,0x35,0x2e,0x36,0x34,0x34,0x35,0x20,0x31,0x30,0x2e,0x35,
  0x30,0x32,0x39,0x32,0x2d,0x34,0x34,0x2e,0x33,0x35,0x30,0x36,0x20,0x31,0x2e,0x38,
  0x39,0x34,0x35,0x34,0x2d,0x32,0x2e,0x30,0x37,0x30,0x33,0x2e,0x30,0x38,0x33,0x2d,
  0x2e,0x34,0x39,0x33,0x31,0x2d,0x39,0x2e,0x30,0x33,0x38,0x30,0x39,0x20,0x35,0x2e,
  0x35,0x30,0x32,0x39,0x2d,0x31,0x2e,0x31,0x36,0x32,0x31,0x20,0x36,0x2e,0x30,0x39,
  0x33,0x37,0x2d,0x32,0x2e,0x34,0x34,0x31,0x34,0x31,0x20,0x33,0x2e,0x36,0x35,0x32,
  0x34,0x2d,0x37,0x2e,0x36,0x30,0x37,0x34,0x32,0x2d,0x31,0x2e,0x32,0x32,0x30,0x37,
  0x2d,0x33,0x2e,0x30,0x34,0x36,0x38,0x38,0x2d,0x35,0x2e,0x31,0x37,0x35,0x38,0x2e,
  0x33,0x30,0x32,0x37,0x34,0x2d,0x33,0x2e,0x30,0x34,0x32,0x20,0x33,0x2e,0x30,0x35,
  0x31,0x37,0x36,0x2d,0x33,0x2e,0x36,0x34,0x32,0x36,0x20,0x31,0x2e,0x34,0x37,0x39,
  0x34,0x39,0x7a,0x22,0x20,0x66,0x69,0x6c,0x6c,0x3d,0x22,0x23,0x37,0x31,0x38,0x33,
  0x64,0x65,0x22,0x2f,0x3e,0xd,0xa,0x20,0x20,0x20,0x20,0x20,0x20,0x20,0x20,0x3c,
  0x70,0x61,0x74,0x68,0x20,0x64,0x3d,0x22,0x6d,0x38,0x30,0x37,0x2e,0x38,0x31,0x39,
  0x36,0x31,0x20,0x34,0x30,0x36,0x2e,0x33,0x38,0x30,0x33,0x39,0x68,0x34,0x2e,0x38,
  0x36,0x38,0x32,0x6c,0x31,0x30,0x2e,0x30,0x35,0x33,0x37,0x20,0x35,0x2e,0x31,0x37,
  0x35,0x37,0x37,0x20,0x33,0x34,0x2e,0x37,0x30,0x32,0x31,0x2d,0x2e,0x39,0x31,0x33,
  0x30,0x39,0x76,0x31,0x2e,0x38,0x33,0x31,0x30,0x37,0x6c,0x36,0x2e,0x33,0x39,0x36,
  0x35,0x20,0x31,0x2e,0x38,0x32,0x31,0x32,0x38,0x20,0x33,0x2e,0x39,0x36,0x34,0x39,
  0x20,0x33,0x2e,0x30,0x34,0x36,0x38,0x38,0x20,0x31,0x2e,0x32,0x31,0x30,0x39,0x20,
  0x36,0x2e,0x30,0x38,0x38,0x38,0x36,0x2e,0x32,0x32,0x39,0x35,0x20,0x35,0x2e,0x35,
  0x34,0x32,0x2e,0x36,0x38,0x33,0x36,0x20,0x36,0x2e,0x30,0x33,0x30,0x32,0x36,0x76,
  0x35,0x2e,0x31,0x37,0x35,0x37,0x39,0x6c,0x2d,0x32,0x2e,0x37,0x33,0x39,0x33,0x20,
  0x34,0x2e,0x38,0x37,0x33,0x30,0x35,0x2d,0x36,0x2e,0x33,0x39,0x31,0x36,0x20,0x33,
  0x2e,0x33,0x34,0x34,0x37,0x33,0x2e,0x39,0x31,0x33,0x31,0x20,0x33,0x2e,0x39,0x35,
  0x35,0x30,0x37,0x2d,0x33,0x35,0x2e,0x33,0x32,0x32,0x33,0x20,0x32,0x2e,0x31,0x33,
  0x38,0x36,0x38,0x2d,0x31,0x30,0x2e,0x33,0x35,0x31,0x35,0x20,0x37,0x2e,0x33,0x30,
  0x34,0x36,0x38,0x68,0x2d,0x36,0x2e,0x30,0x38,0x38,0x39,0x6c,0x2d,0x2e,0x32,0x35,
  0x33,0x39,0x2d,0x36,0x2e,0x36,0x37,0x39,0x36,0x38,0x20,0x37,0x2e,0x32,0x35,0x35,
  0x39,0x2d,0x37,0x2e,0x36,0x33,0x31,0x38,0x34,0x2d,0x2e,0x32,0x30,0x30,0x32,0x2d,
  0x35,0x2e,0x37,0x37,0x31,0x34,0x39,0x20,0x36,0x2e,0x35,0x39,0x36,0x37,0x2e,0x32,
  0x38,0x38,0x30,0x39,0x20,0x34,0x2e,0x32,0x36,0x32,0x37,0x2d,0x37,0x2e,0x33,0x30,
  0x39,0x35,0x38,0x76,0x2d,0x33,0x2e,0x36,0x34,0x37,0x34,0x35,0x6c,0x2d,0x34,0x2e,
  0x35,0x36,0x35,0x35,0x2d,0x35,0x2e,0x37,0x39,0x31,0x30,0x32,0x2d,0x36,0x2e,0x38,
  0x37,0x30,0x31,0x2e,0x30,0x31,0x34,0x36,0x35,0x2d,0x2e,0x31,0x33,0x36,0x37,0x2d,
  0x33,0x2e,0x39,0x36,0x39,0x37,0x33,0x2d,0x37,0x2e,0x39,0x32,0x39,0x37,0x2d,0x37,
  0x2e,0x33,0x38,0x32,0x38,0x31,0x7a,0x22,0x20,0x66,0x69,0x6c,0x6c,0x3d,0x22,0x23,
  0x37,0x31,0x38,0x33,0x64,0x65,0x22,0x2f,0x3e,0xd,0xa,0x20,0x20,0x20,0x20,0x20,
  0x20,0x20,0x20,0x3c,0x70,0x61,0x74,0x68,0x20,0x64,0x3d,0x22,0x6d,0x37,0x36,0x2e,
  0x33,0x30,0x35,0x39,0x35,0x34,0x20,0x34,0x36,0x31,0x2e,0x33,0x32,0x36,0x36,0x37,
  0x20,0x31,0x31,0x2e,0x35,0x39,0x36,0x36,0x37,0x2d,0x2e,0x35,0x34,0x32,0x22,0x20,
  0x66,0x69,0x6c,0x6c,0x3d,0x22,0x6e,0x6f,0x6e,0x65,0x22,0x20,0x73,0x74,0x72,0x6f,
  0x6b,0x65,0x3d,0x22,0x23,0x62,0x33,0x63,0x66,0x63,0x66,0x22,0x20,0x73,0x74,0x72,
  0x6f,0x6b,0x65,0x2d,0x77,0x69,0x64,0x74,0x68,0x3d,0x22,0x32,0x2e,0x35,0x22,0x2f,
  0x3e,0xd,0xa,0x20,0x20,0x20,0x20,0x20,0x20,0x20,0x20,0x3c,0x70,0x61,0x74,0x68,
  0x20,0x64,0x3d,0x22,0x6d,0x37,0x37,0x2e,0x33,0x38,0x30,0x31,0x36,0x34,0x20,0x34,
  0x38,0x34,0x2e,0x30,0x31,0x32,0x32,0x32,0x20,0x31,0x31,0x2e,0x38,0x31,0x31,0x35,
  0x33,0x2d,0x2e,0x35,0x34,0x32,0x22,0x20,0x66,0x69,0x6c,0x6c,0x3d,0x22,0x6e,0x6f,
  0x6e,0x65,0x22,0x20,0x73,0x74,0x72,0x6f,0x6b,0x65,0x3d,0x22,0x23,0x62,0x33,0x63,
  0x66,0x63,0x66,0x22,0x20,0x73,0x74,0x72,0x6f,0x6b,0x65,0x2d,0x77,0x69,0x64,0x74,
  0x68,0x3d,0x22,0x32,0x2e,0x35,0x22,0x2f,0x3e,0xd,0xa,0x20,0x20,0x20,0x20,0x20,
  0x20,0x20,0x20,0x3c,0x70,0x61,0x74,0x68,0x20,0x64,0x3d,0x22,0x6d,0x31,0x31,0x34,
  0x2e,0x30,0x38,0x34,0x32,0x37,0x20,0x34,0x36,0x39,0x2e,0x39,0x36,0x34,0x33,0x37,
  0x20,0x33,0x39,0x34,0x2e,0x34,0x32,0x38,0x37,0x2d,0x32,0x30,0x2e,0x36,0x34,0x39,
  0x34,0x32,0x22,0x20,0x66,0x69,0x6c,0x6c,0x3d,0x22,0x6e,0x6f,0x6e,0x65,0x22,0x20,
  0x73,0x74,0x72,0x6f,0x6b,0x65,0x3d,0x22,0x23,0x37,0x31,0x38,0x33,0x64,0x65,0x22,
  0x20,0x73,0x74,0x72,0x6f,0x6b,0x65,0x2d,0x6c,0x69,0x6e,0x65,0x63,0x61,0x70,0x3d,
  0x22,0x72,0x6f,0x75,0x6e,0x64,0x22,0x20,0x73,0x74,0x72,0x6f,0x6b,0x65,0x2d,0x6c,
  0x69,0x6e,0x65,0x6a,0x6f,0x69,0x6e,0x3d,0x22,0x72,0x6f,0x75,0x6e,0x64,0x22,0x20,
  0x73,0x74,0x72,0x6f,0x6b,0x65,0x2d,0x77,0x69,0x64,0x74,0x68,0x3d,0x22,0x38,0x2e,
  0x37,0x35,0x22,0x2f,0x3e,0xd,0xa,0x20,0x20,0x20,0x20,0x20,0x20,0x20,0x20,0x3c,
  0x70,0x61,0x74,0x68,0x20,0x64,0x3d,0x22,0x6d,0x33,0x33,0x39,0x2e,0x32,0x37,0x34,
  0x37,0x20,0x36,0x32,0x33,0x2e,0x31,0x36,0x37,0x35,0x20,0x34,0x2e,0x30,0x37,0x32,
  0x32,0x36,0x20,0x31,0x2e,0x31,0x32,0x37,0x39,0x32,0x20,0x31,0x39,0x35,0x2e,0x39,
  0x37,0x36,0x35,0x36,0x2d,0x31,0x39,0x2e,0x33,0x34,0x32,0x32,0x31,0x2d,0x2e,0x31,
  0x39,0x35,0x33,0x31,0x2d,0x38,0x33,0x2e,0x31,0x37,0x37,0x33,0x32,0x2d,0x31,0x2e,
  0x38,0x36,0x30,0x33,0x35,0x2d,0x34,0x39,0x2e,0x37,0x36,0x30,0x37,0x34,0x22,0x20,
  0x66,0x69,0x6c,0x6c,0x3d,0x22,0x6e,0x6f,0x6e,0x65,0x22,0x20,0x73,0x74,0x72,0x6f,
  0x6b,0x65,0x3d,0x22,0x23,0x37,0x31,0x38,0x33,0x64,0x65,0x22,0x20,0x73,0x74,0x72,
  0x6f,0x6b,0x65,0x2d,0x6c,0x69,0x6e,0x65,0x63,0x61,0x70,0x3d,0x22,0x72,0x6f,0x75,
  0x6e,0x64,0x22,0x20,0x73,0x74,0x72,0x6f,0x6b,0x65,0x2d,0x6c,0x69,0x6e,0x65,0x6a,
  0x6f,0x69,0x6e,0x3d,0x22,0x72,0x6f,0x75,0x6e,0x64,0x22,0x20,0x73,0x74,0x72,0x6f,
  0x6b,0x65,0x2d,0x77,0x69,0x64,0x74,0x68,0x3d,0x22,0x35,0x22,0x2f,0x3e,0xd,0xa,
  0x20,0x20,0x20,0x20,0x20,0x20,0x20,0x20,0x3c,0x70,0x61,0x74,0x68,0x20,0x64,0x3d,
  0x22,0x6d,0x32,0x34,0x2e,0x34,0x37,0x34,0x32,0x30,0x31,0x20,0x34,0x37,0x36,0x2e,
  0x31,0x35,0x38,0x35,0x37,0x73,0x31,0x35,0x2e,0x35,0x30,0x35,0x33,0x39,0x32,0x20,
  0x32,0x31,0x2e,0x35,0x33,0x33,0x37,0x35,0x20,0x32,0x34,0x2e,0x34,0x32,0x31,0x37,
  0x33,0x31,0x20,0x33,0x33,0x2e,0x32,0x38,0x32,0x36,0x34,0x63,0x31,0x2e,0x30,0x33,
  0x31,0x33,0x32,0x20,0x31,0x33,0x2e,0x38,0x36,0x37,0x35,0x38,0x2e,0x34,0x30,0x33,
  0x31,0x38,0x32,0x20,0x33,0x38,0x2e,0x34,0x38,0x32,0x31,0x34,0x2e,0x34,0x30,0x33,
  0x31,0x38,0x32,0x20,0x33,0x38,0x2e,0x34,0x38,0x32,0x31,0x34,0x6c,0x34,0x2e,0x38,
  0x34,0x38,0x36,0x34,0x20,0x31,0x34,0x2e,0x35,0x32,0x36,0x33,0x37,0x20,0x38,0x2e,
  0x37,0x37,0x39,0x32,0x39,0x20,0x31,0x36,0x2e,0x33,0x34,0x32,0x37,0x38,0x20,0x35,
  0x2e,0x32,0x32,0x39,0x35,0x20,0x31,0x32,0x2e,0x30,0x33,0x31,0x32,0x35,0x20,0x38,
  0x2e,0x34,0x37,0x36,0x35,0x36,0x20,0x36,0x2e,0x38,0x30,0x36,0x36,0x34,0x20,0x39,
  0x2e,0x39,0x32,0x31,0x38,0x37,0x20,0x35,0x2e,0x36,0x37,0x38,0x37,0x31,0x20,0x39,
  0x2e,0x30,0x38,0x36,0x39,0x32,0x20,0x35,0x2e,0x39,0x30,0x33,0x33,0x31,0x20,0x38,
  0x2e,0x37,0x37,0x39,0x32,0x39,0x36,0x20,0x35,0x2e,0x34,0x34,0x34,0x33,0x34,0x20,
  0x31,0x32,0x2e,0x37,0x32,0x34,0x36,0x20,0x36,0x2e,0x38,0x31,0x36,0x34,0x31,0x20,
  0x31,0x32,0x2e,0x34,0x31,0x37,0x20,0x35,0x2e,0x34,0x34,0x39,0x32,0x31,0x20,0x31,
  0x33,0x2e,0x39,0x31,0x31,0x31,0x32,0x20,0x33,0x2e,0x36,0x31,0x33,0x32,0x39,0x22,
  0x20,0x66,0x69,0x6c,0x6c,0x3d,0x22,0x6e,0x6f,0x6e,0x65,0x22,0x20,0x73,0x74,0x72,
  0x6f,0x6b,0x65,0x3d,0x22,0x23,0x37,0x31,0x38,0x33,0x64,0x65,0x22,0x20,0x73,0x74,
  0x72,0x6f,0x6b,0x65,0x2d,0x6c,0x69,0x6e,0x65,0x63,0x61,0x70,0x3d,0x22,0x72,0x6f,
  0x75,0x6e,0x64,0x22,0x20,0x73,0x74,0x72,0x6f,0x6b,0x65,0x2d,0x6c,0x69,0x6e,0x65,
  0x6a,0x6f,0x69,0x6e,0x3d,0x22,0x72,0x6f,0x75,0x6e,0x64,0x22,0x20,0x73,0x74,0x72,
  0x6f,0x6b,0x65,0x2d,0x77,0x69,0x64,0x74,0x68,0x3d,0x22,0x35,0x22,0x2f,0x3e,0xd,
  0xa,0x20,0x20,0x20,0x20,0x20,0x20,0x20,0x20,0x3c,0x70,0x61,0x74,0x68,0x20,0x64,
  0x3d,0x22,0x6d,0x37,0x36,0x32,0x2e,0x32,0x35,0x36,0x38,0x36,0x20,0x35,0x32,0x30,
  0x2e,0x35,0x33,0x39,0x38,0x39,0x20,0x34,0x2e,0x34,0x31,0x36,0x38,0x38,0x20,0x31,
  0x31,0x31,0x2e,0x32,0x36,0x36,0x37,0x36,0x22,0x20,0x66,0x69,0x6c,0x6c,0x3d,0x22,
  0x6e,0x6f,0x6e,0x65,0x22,0x20,0x73,0x74,0x72,0x6f,0x6b,0x65,0x3d,0x22,0x23,0x39,
  0x39,0x39,0x22,0x20,0x73,0x74,0x72,0x6f,0x6b,0x65,0x2d,0x6c,0x69,0x6e,0x65,0x63,
  0x61,0x70,0x3d,0x22,0x72,0x6f,0x75,0x6e,0x64,0x22,0x20,0x73,0x74,0x72,0x6f,0x6b,
  0x65,0x2d,0x6c,0x69,0x6e,0x65,0x6a,0x6f,0x69,0x6e,0x3d,0x22,0x72,0x6f,0x75,0x6e,
  0x64,0x22,0x20,0x73,0x74,0x72,0x6f,0x6b,0x65,0x2d,0x77,0x69,0x64,0x74,0x68,0x3d,
  0x22,0x31,0x33,0x2e,0x37,0x35,0x22,0x2f,0x3e,0xd,0xa,0x20,0x20,0x20,0x20,0x20,
  0x20,0x20,0x20,0x3c,0x70,0x61,0x74,0x68,0x20,0x64,0x3d,0x22,0x6d,0x38,0x36,0x37,
  0x2e,0x37,0x35,0x31,0x33,0x31,0x20,0x34,0x35,0x34,0x2e,0x35,0x34,0x36,0x35,0x34,
  0x2d,0x2e,0x38,0x36,0x39,0x32,0x20,0x31,0x30,0x2e,0x37,0x36,0x35,0x32,0x2d,0x31,
  0x2e,0x39,0x31,0x38,0x39,0x20,0x38,0x2e,0x36,0x35,0x36,0x35,0x33,0x2d,0x38,0x2e,
  0x39,0x34,0x30,0x35,0x20,0x31,0x37,0x2e,0x36,0x31,0x37,0x31,0x39,0x2d,0x31,0x34,
  0x2e,0x33,0x36,0x35,0x32,0x20,0x32,0x30,0x2e,0x33,0x32,0x37,0x31,0x35,0x2d,0x31,
  0x39,0x2e,0x30,0x38,0x36,0x39,0x20,0x31,0x36,0x2e,0x38,0x37,0x30,0x31,0x31,0x2d,
  0x31,0x33,0x2e,0x35,0x35,0x34,0x37,0x20,0x38,0x2e,0x34,0x32,0x37,0x37,0x34,0x2d,
  0x31,0x31,0x2e,0x37,0x35,0x37,0x38,0x20,0x35,0x2e,0x38,0x37,0x34,0x30,0x33,0x2d,
  0x37,0x2e,0x39,0x33,0x39,0x35,0x20,0x33,0x2e,0x34,0x36,0x36,0x38,0x2d,0x39,0x2e,
  0x35,0x37,0x35,0x32,0x20,0x33,0x2e,0x31,0x36,0x34,0x30,0x36,0x2d,0x35,0x2e,0x38,
  0x39,0x33,0x35,0x2e,0x32,0x39,0x37,0x38,0x35,0x2d,0x36,0x2e,0x34,0x32,0x36,0x34,
  0x34,0x2e,0x31,0x30,0x39,0x35,0x32,0x2d,0x31,0x2e,0x35,0x30,0x33,0x32,0x36,0x2d,
  0x33,0x34,0x2e,0x31,0x33,0x37,0x38,0x35,0x2d,0x31,0x2e,0x34,0x31,0x31,0x31,0x2d,
  0x34,0x35,0x2e,0x31,0x38,0x30,0x36,0x36,0x20,0x34,0x34,0x2e,0x37,0x30,0x32,0x31,
  0x2d,0x31,0x2e,0x35,0x33,0x33,0x32,0x20,0x37,0x2e,0x38,0x31,0x32,0x35,0x2d,0x2e,
  0x38,0x33,0x39,0x38,0x35,0x20,0x34,0x2e,0x37,0x38,0x30,0x33,0x2d,0x33,0x2e,0x37,
  0x33,0x30,0x34,0x36,0x20,0x33,0x2e,0x30,0x38,0x31,0x2d,0x33,0x2e,0x35,0x39,0x33,
  0x37,0x35,0x73,0x33,0x30,0x2e,0x39,0x33,0x31,0x30,0x38,0x2d,0x31,0x2e,0x37,0x39,
  0x36,0x33,0x20,0x33,0x35,0x2e,0x37,0x31,0x39,0x39,0x33,0x2d,0x32,0x2e,0x37,0x34,
  0x34,0x38,0x34,0x63,0x34,0x2e,0x37,0x38,0x38,0x38,0x35,0x2d,0x2e,0x39,0x34,0x38,
  0x35,0x35,0x20,0x31,0x33,0x2e,0x30,0x38,0x34,0x38,0x39,0x2d,0x31,0x30,0x2e,0x31,
  0x37,0x34,0x30,0x32,0x20,0x31,0x37,0x2e,0x35,0x37,0x34,0x37,0x35,0x2d,0x31,0x32,
  0x2e,0x30,0x32,0x34,0x39,0x32,0x20,0x34,0x2e,0x37,0x31,0x32,0x36,0x2d,0x31,0x2e,
  0x39,0x34,0x32,0x37,0x31,0x20,0x32,0x37,0x2e,0x37,0x38,0x35,0x39,0x31,0x2d,0x31,
  0x2e,0x37,0x39,0x30,0x36,0x35,0x20,0x32,0x37,0x2e,0x37,0x38,0x35,0x39,0x31,0x2d,
  0x31,0x2e,0x37,0x39,0x30,0x36,0x35,0x22,0x20,0x66,0x69,0x6c,0x6c,0x3d,0x22,0x6e,
  0x6f,0x6e,0x65,0x22,0x20,0x73,0x74,0x72,0x6f,0x6b,0x65,0x3d,0x22,0x23,0x39,0x39,
  0x39,0x22,0x20,0x73,0x74,0x72,0x6f,0x6b,0x65,0x2d,0x6c,0x69,0x6e,0x65,0x63,0x61,
  0x70,0x3d,0x22,0x72,0x6f,0x75,0x6e,0x64,0x22,0x20,0x73,0x74,0x72,0x6f,0x6b,0x65,
  0x2d,0x6c,0x69,0x6e,0x65,0x6a,0x6f,0x69,0x6e,0x3d,0x22,0x72,0x6f,0x75,0x6e,0x64,
  0x22,0x20,0x73,0x74,0x72,0x6f,0x6b,0x65,0x2d,0x77,0x69,0x64,0x74,0x68,0x3d,0x22,
  0x37,0x22,0x2f,0x3e,0xd,0xa,0x20,0x20,0x20,0x20,0x20,0x20,0x20,0x20,0x3c,0x70,
  0x61,0x74,0x68,0x20,0x64,0x3d,0x22,0x6d,0x37,0x36,0x32,0x2e,0x31,0x39,0x36,0x37,
  0x34,0x20,0x35,0x31,0x34,0x2e,0x37,0x38,0x35,0x30,0x39,0x20,0x34,0x2e,0x37,0x30,
  0x36,0x33,0x36,0x20,0x31,0x31,0x37,0x2e,0x31,0x36,0x37,0x39,0x39,0x22,0x20,0x66,
  0x69,0x6c,0x6c,0x3d,0x22,0x6e,0x6f,0x6e,0x65,0x22,0x20,0x73,0x74,0x72,0x6f,0x6b,
  0x65,0x3d,0x22,0x23,0x66,0x66,0x66,0x22,0x20,0x73,0x74,0x72,0x6f,0x6b,0x65,0x2d,
  0x6c,0x69,0x6e,0x65,0x63,0x61,0x70,0x3d,0x22,0x72,0x6f,0x75,0x6e,0x64,0x22,0x20,
  0x73,0x74,0x72,0x6f,0x6b,0x65,0x2d,0x6c,0x69,0x6e,0x65,0x6a,0x6f,0x69,0x6e,0x3d,
  0x22,0x72,0x6f,0x75,0x6e,0x64,0x22,0x20,0x73,0x74,0x72,0x6f,0x6b,0x65,0x2d,0x77,
  0x69,0x64,0x74,0x68,0x3d,0x22,0x31,0x31,0x2e,0x37,0x35,0x22,0x2f,0x3e,0xd,0xa,
  0x20,0x20,0x20,0x20,0x20,0x20,0x20,0x20,0x3c,0x70,0x61,0x74,0x68,0x20,0x64,0x3d,
  0x22,0x6d,0x35,0x33,0x39,0x2e,0x31,0x32,0x38,0x32,0x31,0x20,0x35,0x32,0x31,0x2e,
  0x37,0x37,0x35,0x38,0x39,0x20,0x31,0x33,0x2e,0x36,0x32,0x33,0x30,0x35,0x2d,0x2e,
  0x37,0x35,0x36,0x38,0x34,0x20,0x32,0x39,0x2e,0x34,0x39,0x32,0x31,0x39,0x2d,0x31,
  0x2e,0x36,0x34,0x30,0x36,0x33,0x20,0x33,0x31,0x2e,0x30,0x30,0x35,0x38,0x36,0x2d,
  0x31,0x2e,0x37,0x31,0x33,0x38,0x36,0x20,0x33,0x39,0x2e,0x32,0x38,0x37,0x31,0x2d,
  0x32,0x2e,0x31,0x38,0x32,0x36,0x31,0x20,0x35,0x36,0x2e,0x34,0x33,0x35,0x36,0x2d,
  0x33,0x2e,0x31,0x32,0x39,0x38,0x39,0x20,0x35,0x30,0x2e,0x37,0x31,0x37,0x37,0x2d,
  0x32,0x2e,0x38,0x31,0x37,0x33,0x39,0x2d,0x31,0x2e,0x37,0x30,0x34,0x31,0x2d,0x34,
  0x34,0x2e,0x36,0x32,0x34,0x30,0x31,0x22,0x20,0x66,0x69,0x6c,0x6c,0x3d,0x22,0x6e,
  0x6f,0x6e,0x65,0x22,0x20,0x73,0x74,0x72,0x6f,0x6b,0x65,0x3d,0x22,0x23,0x37,0x31,
  0x38,0x33,0x64,0x65,0x22,0x20,0x73,0x74,0x72,0x6f,0x6b,0x65,0x2d,0x6c,0x69,0x6e,
  0x65,0x63,0x61,0x70,0x3d,0x22,0x72,0x6f,0x75,0x6e,0x64,0x22,0x20,0x73,0x74,0x72,
  0x6f,0x6b,0x65,0x2d,0x6c,0x69,0x6e,0x65,0x6a,0x6f,0x69,0x6e,0x3d,0x22,0x72,0x6f,
  0x75,0x6e,0x64,0x22,0x20,0x73,0x74,0x72,0x6f,0x6b,0x65,0x2d,0x77,0x69,0x64,0x74,
  0x68,0x3d,0x22,0x35,0x22,0x2f,0x3e,0xd,0xa,0x20,0x20,0x20,0x20,0x20,0x20,0x20,
  0x20,0x3c,0x70,0x61,0x74,0x68,0x20,0x64,0x3d,0x22,0x6d,0x39,0x37,0x39,0x2e,0x33,
  0x34,0x32,0x38,0x37,0x20,0x33,0x32,0x39,0x2e,0x32,0x37,0x34,0x38,0x38,0x2d,0x32,
  0x31,0x2e,0x37,0x31,0x38,0x32,0x32,0x20,0x31,0x30,0x2e,0x31,0x30,0x31,0x35,0x33,
  0x2d,0x37,0x32,0x2e,0x32,0x32,0x35,0x39,0x35,0x20,0x31,0x2e,0x37,0x36,0x37,0x37,
  0x36,0x22,0x20,0x66,0x69,0x6c,0x6c,0x3d,0x22,0x6e,0x6f,0x6e,0x65,0x22,0x20,0x73,
  0x74,0x72,0x6f,0x6b,0x65,0x3d,0x22,0x23,0x37,0x31,0x38,0x33,0x64,0x65,0x22,0x20,
  0x73,0x74,0x72,0x6f,0x6b,0x65,0x2d,0x77,0x69,0x64,0x74,0x68,0x3d,0x22,0x32,0x22,
  0x20,0x74,0x72,0x61,0x6e,0x73,0x66,0x6f,0x72,0x6d,0x3d,0x22,0x74,0x72,0x61,0x6e,
  0x73,0x6c,0x61,0x74,0x65,0x28,0x2d,0x31,0x32,0x33,0x2e,0x36,0x31,0x36,0x34,0x34,
  0x20,0x35,0x34,0x2e,0x33,0x31,0x30,0x30,0x37,0x29,0x22,0x2f,0x3e,0xd,0xa,0x20,
  0x20,0x20,0x20,0x20,0x20,0x20,0x20,0x3c,0x70,0x61,0x74,0x68,0x20,0x64,0x3d,0x22,
  0x6d,0x37,0x35,0x38,0x2e,0x39,0x32,0x33,0x38,0x38,0x20,0x33,0x34,0x39,0x2e,0x39,
  0x30,0x33,0x30,0x38,0x20,0x37,0x30,0x2e,0x33,0x32,0x31,0x35,0x33,0x20,0x32,0x37,
  0x2e,0x36,0x33,0x34,0x35,0x33,0x20,0x31,0x38,0x2e,0x38,0x36,0x37,0x32,0x2d,0x38,
  0x2e,0x33,0x36,0x39,0x31,0x34,0x20,0x31,0x2e,0x30,0x34,0x37,0x38,0x35,0x2d,0x2e,
  0x37,0x33,0x35,0x38,0x2d,0x31,0x39,0x2e,0x31,0x39,0x32,0x39,0x20,0x31,0x30,0x2e,
  0x31,0x30,0x31,0x35,0x32,0x7a,0x22,0x20,0x66,0x69,0x6c,0x6c,0x3d,0x22,0x6e,0x6f,
  0x6e,0x65,0x22,0x20,0x73,0x74,0x72,0x6f,0x6b,0x65,0x3d,0x22,0x23,0x62,0x33,0x63,
  0x66,0x63,0x66,0x22,0x20,0x73,0x74,0x72,0x6f,0x6b,0x65,0x2d,0x6c,0x69,0x6e,0x65,
  0x63,0x61,0x70,0x3d,0x22,0x72,0x6f,0x75,0x6e,0x64,0x22,0x20,0x73,0x74,0x72,0x6f,
  0x6b,0x65,0x2d,0x6c,0x69,0x6e,0x65,0x6a,0x6f,0x69,0x6e,0x3d,0x22,0x72,0x6f,0x75,
  0x6e,0x64,0x22,0x20,0x73,0x74,0x72,0x6f,0x6b,0x65,0x2d,0x77,0x69,0x64,0x74,0x68,
  0x3d,0x22,0x38,0x2e,0x37,0x35,0x22,0x2f,0x3e,0xd,0xa,0x20,0x20,0x20,0x20,0x20,
  0x20,0x20,0x20,0x3c,0x70,0x61,0x74,0x68,0x20,0x64,0x3d,0x22,0x6d,0x35,0x33,0x33,
  0x2e,0x35,0x30,0x33,0x32,0x31,0x20,0x34,0x32,0x33,0x2e,0x30,0x34,0x30,0x35,0x34,
  0x2d,0x31,0x2e,0x36,0x30,0x31,0x35,0x36,0x2d,0x35,0x30,0x2e,0x34,0x39,0x33,0x31,
  0x37,0x20,0x32,0x31,0x39,0x2e,0x39,0x35,0x31,0x31,0x36,0x2d,0x31,0x30,0x2e,0x35,
  0x32,0x32,0x34,0x36,0x20,0x31,0x2e,0x38,0x39,0x39,0x34,0x20,0x34,0x34,0x2e,0x36,
  0x36,0x37,0x39,0x38,0x22,0x20,0x66,0x69,0x6c,0x6c,0x3d,0x22,0x6e,0x6f,0x6e,0x65,
  0x22,0x20,0x73,0x74,0x72,0x6f,0x6b,0x65,0x3d,0x22,0x23,0x37,0x31,0x38,0x33,0x64,
  0x65,0x22,0x20,0x73,0x74,0x72,0x6f,0x6b,0x65,0x2d,0x6c,0x69,0x6e,0x65,0x63,0x61,
  0x70,0x3d,0x22,0x72,0x6f,0x75,0x6e,0x64,0x22,0x20,0x73,0x74,0x72,0x6f,0x6b,0x65,
  0x2d,0x6c,0x69,0x6e,0x65,0x6a,0x6f,0x69,0x6e,0x3d,0x22,0x72,0x6f,0x75,0x6e,0x64,
  0x22,0x20,0x73,0x74,0x72,0x6f,0x6b,0x65,0x2d,0x77,0x69,0x64,0x74,0x68,0x3d,0x22,
  0x35,0x22,0x2f,0x3e,0xd,0xa,0x20,0x20,0x20,0x20,0x20,0x20,0x20,0x20,0x3c,0x70,
  0x61,0x74,0x68,0x20,0x64,0x3d,0x22,0x6d,0x36,0x37,0x39,0x2e,0x37,0x33,0x38,0x36,
  0x31,0x20,0x32,0x30,0x31,0x2e,0x36,0x30,0x30,0x31,0x31,0x2d,0x36,0x30,0x2e,0x35,
  0x39,0x35,0x37,0x35,0x2d,0x39,0x2e,0x31,0x33,0x35,0x37,0x34,0x22,0x20,0x66,0x69,
  0x6c,0x6c,0x3d,0x22,0x6e,0x6f,0x6e,0x65,0x22,0x20,0x73,0x74,0x72,0x6f,0x6b,0x65,
  0x3d,0x22,0x23,0x39,0x39,0x39,0x22,0x20,0x73,0x74,0x72,0x6f,0x6b,0x65,0x2d,0x6c,
  0x69,0x6e,0x65,0x63,0x61,0x70,0x3d,0x22,0x72,0x6f,0x75,0x6e,0x64,0x22,0x20,0x73,
  0x74,0x72,0x6f,0x6b,0x65,0x2d,0x6c,0x69,0x6e,0x65,0x6a,0x6f,0x69,0x6e,0x3d,0x22,
  0x72,0x6f,0x75,0x6e,0x64,0x22,0x20,0x73,0x74,0x72,0x6f,0x6b,0x65,0x2d,0x77,0x69,
  0x64,0x74,0x68,0x3d,0x22,0x31,0x30,0x22,0x2f,0x3e,0xd,0xa,0x20,0x20,0x20,0x20,
  0x20,0x20,0x20,0x20,0x3c,0x70,0x61,0x74,0x68,0x20,0x64,0x3d,0x22,0x6d,0x36,0x37,
  0x35,0x2e,0x31,0x36,0x38,0x32,0x31,0x20,0x31,0x32,0x32,0x2e,0x37,0x33,0x37,0x38,
  0x2d,0x35,0x2e,0x30,0x39,0x32,0x37,0x20,0x35,0x35,0x2e,0x35,0x35,0x31,0x37,0x36,
  0x20,0x31,0x30,0x2e,0x33,0x32,0x37,0x31,0x20,0x31,0x2e,0x32,0x38,0x34,0x31,0x39,
  0x2d,0x2e,0x36,0x36,0x34,0x20,0x32,0x32,0x2e,0x30,0x32,0x36,0x33,0x36,0x2d,0x31,
  0x2e,0x30,0x36,0x39,0x34,0x20,0x35,0x32,0x2e,0x30,0x36,0x35,0x34,0x33,0x2d,0x2e,
  0x31,0x31,0x32,0x33,0x20,0x32,0x31,0x2e,0x37,0x35,0x37,0x38,0x31,0x2d,0x2e,0x30,
  0x33,0x39,0x20,0x38,0x2e,0x33,0x38,0x38,0x36,0x37,0x22,0x20,0x66,0x69,0x6c,0x6c,
  0x3d,0x22,0x6e,0x6f,0x6e,0x65,0x22,0x20,0x73,0x74,0x72,0x6f,0x6b,0x65,0x3d,0x22,
  0x23,0x39,0x39,0x39,0x22,0x20,0x73,0x74,0x72,0x6f,0x6b,0x65,0x2d,0x6c,0x69,0x6e,
  0x65,0x63,0x61,0x70,0x3d,0x22,0x72,0x6f,0x75,0x6e,0x64,0x22,0x20,0x73,0x74,0x72,
  0x6f,0x6b,0x65,0x2d,0x6c,0x69,0x6e,0x65,0x6a,0x6f,0x69,0x6e,0x3d,0x22,0x72,0x6f,
  0x75,0x6e,0x64,0x22,0x20,0x73,0x74,0x72,0x6f,0x6b,0x65,0x2d,0x77,0x69,0x64,0x74,
  0x68,0x3d,0x22,0x31,0x30,0x22,0x2f,0x3e,0xd,0xa,0x20,0x20,0x20,0x20,0x20,0x20,
  0x20,0x20,0x3c,0x70,0x61,0x74,0x68,0x20,0x64,0x3d,0x22,0x6d,0x37,0x36,0x37,0x2e,
  0x34,0x33,0x38,0x38,0x31,0x20,0x32,0x32,0x34,0x2e,0x39,0x38,0x38,0x37,0x39,0x2d,
  0x36,0x2e,0x32,0x38,0x39,0x31,0x20,0x31,0x32,0x2e,0x33,0x39,0x37,0x34,0x36,0x2d,
  0x31,0x34,0x2e,0x34,0x31,0x39,0x20,0x32,0x38,0x2e,0x34,0x30,0x38,0x32,0x2e,0x31,
  0x37,0x35,0x38,0x20,0x31,0x35,0x2e,0x35,0x31,0x32,0x36,0x39,0x20,0x31,0x2e,0x34,
  0x30,0x31,0x34,0x20,0x32,0x36,0x2e,0x34,0x39,0x34,0x31,0x35,0x2e,0x36,0x33,0x39,
  0x36,0x20,0x31,0x31,0x2e,0x30,0x30,0x30,0x39,0x37,0x20,0x36,0x2e,0x32,0x34,0x30,
  0x39,0x34,0x2d,0x31,0x2e,0x33,0x39,0x32,0x33,0x22,0x20,0x66,0x69,0x6c,0x6c,0x3d,
  0x22,0x6e,0x6f,0x6e,0x65,0x22,0x20,0x73,0x74,0x72,0x6f,0x6b,0x65,0x3d,0x22,0x23,
  0x39,0x39,0x39,0x22,0x20,0x73,0x74,0x72,0x6f,0x6b,0x65,0x2d,0x6c,0x69,0x6e,0x65,
  0x63,0x61,0x70,0x3d,0x22,0x72,0x6f,0x75,0x6e,0x64,0x22,0x20,0x73,0x74,0x72,0x6f,
  0x6b,0x65,0x2d,0x6c,0x69,0x6e,0x65,0x6a,0x6f,0x69,0x6e,0x3d,0x22,0x72,0x6f,0x75,
  0x6e,0x64,0x22,0x20,0x73,0x74,0x72,0x6f,0x6b,0x65,0x2d,0x77,0x69,0x64,0x74,0x68,
  0x3d,0x22,0x31,0x33,0x2e,0x37,0x35,0x22,0x2f,0x3e,0xd,0xa,0x20,0x20,0x20,0x20,
  0x20,0x20,0x20,0x20,0x3c,0x70,0x61,0x74,0x68,0x20,0x64,0x3d,0x22,0x6d,0x38,0x34,
  0x38,0x2e,0x36,0x36,0x38,0x30,0x37,0x20,0x33,0x36,0x38,0x2e,0x33,0x38,0x39,0x33,
  0x33,0x2d,0x31,0x39,0x2e,0x34,0x35,0x38,0x30,0x37,0x20,0x39,0x2e,0x36,0x33,0x39,
  0x37,0x38,0x2d,0x37,0x30,0x2e,0x34,0x35,0x38,0x31,0x38,0x2d,0x32,0x38,0x2e,0x30,
  0x33,0x31,0x37,0x34,0x22,0x20,0x66,0x69,0x6c,0x6c,0x3d,0x22,0x6e,0x6f,0x6e,0x65,
  0x22,0x20,0x73,0x74,0x72,0x6f,0x6b,0x65,0x3d,0x22,0x23,0x37,0x31,0x38,0x33,0x64,
  0x65,0x22,0x20,0x73,0x74,0x72,0x6f,0x6b,0x65,0x2d,0x77,0x69,0x64,0x74,0x68,0x3d,
  0x22,0x32,0x22,0x2f,0x3e,0xd,0xa,0x20,0x20,0x20,0x20,0x20,0x20,0x20,0x20,0x3c,
  0x70,0x61,0x74,0x68,0x20,0x64,0x3d,0x22,0x6d,0x39,0x30,0x35,0x2e,0x35,0x35,0x36,
  0x31,0x34,0x20,0x34,0x31,0x39,0x2e,0x31,0x37,0x38,0x32,0x34,0x73,0x2d,0x32,0x33,
  0x2e,0x31,0x35,0x39,0x39,0x38,0x20,0x31,0x2e,0x35,0x30,0x34,0x30,0x35,0x2d,0x32,
  0x36,0x2e,0x38,0x31,0x30,0x34,0x38,0x2d,0x2e,0x35,0x32,0x39,0x34,0x33,0x63,0x2d,
  0x33,0x2e,0x35,0x32,0x35,0x37,0x31,0x2d,0x31,0x2e,0x39,0x36,0x33,0x39,0x37,0x2d,
  0x31,0x36,0x2e,0x32,0x38,0x36,0x35,0x38,0x2d,0x32,0x33,0x2e,0x33,0x35,0x33,0x32,
  0x34,0x2d,0x31,0x36,0x2e,0x34,0x35,0x33,0x33,0x35,0x2d,0x32,0x33,0x2e,0x33,0x38,
  0x36,0x35,0x39,0x6c,0x2d,0x35,0x2e,0x33,0x32,0x32,0x33,0x2d,0x31,0x37,0x2e,0x30,
  0x32,0x31,0x34,0x38,0x2d,0x38,0x2e,0x38,0x37,0x32,0x31,0x2d,0x31,0x32,0x2e,0x39,
  0x34,0x34,0x33,0x34,0x2d,0x31,0x34,0x2e,0x34,0x33,0x33,0x36,0x2d,0x31,0x33,0x2e,
  0x38,0x32,0x38,0x31,0x33,0x2d,0x31,0x35,0x2e,0x37,0x32,0x37,0x35,0x2d,0x31,0x32,
  0x2e,0x35,0x38,0x37,0x38,0x38,0x2d,0x31,0x36,0x2e,0x37,0x39,0x32,0x2d,0x39,0x2e,
  0x39,0x33,0x31,0x36,0x34,0x2d,0x31,0x37,0x2e,0x33,0x38,0x37,0x37,0x2d,0x36,0x2e,
  0x33,0x38,0x31,0x38,0x34,0x2d,0x31,0x31,0x2e,0x35,0x39,0x31,0x38,0x2d,0x32,0x2e,
  0x34,0x38,0x30,0x34,0x37,0x2d,0x39,0x2e,0x38,0x33,0x34,0x2d,0x32,0x2e,0x33,0x31,
  0x39,0x33,0x34,0x2d,0x34,0x2e,0x33,0x35,0x30,0x36,0x20,0x34,0x2e,0x32,0x38,0x32,
  0x32,0x32,0x2d,0x32,0x2e,0x35,0x32,0x34,0x34,0x20,0x36,0x2e,0x36,0x38,0x39,0x34,
  0x37,0x20,0x33,0x2e,0x33,0x35,0x34,0x35,0x20,0x37,0x31,0x2e,0x35,0x34,0x32,0x39,
  0x36,0x20,0x35,0x30,0x2e,0x37,0x31,0x32,0x39,0x2d,0x31,0x2e,0x32,0x34,0x30,0x32,
  0x34,0x20,0x36,0x2e,0x30,0x34,0x39,0x38,0x2e,0x32,0x39,0x37,0x38,0x36,0x20,0x34,
  0x2e,0x36,0x31,0x34,0x33,0x20,0x34,0x2e,0x34,0x32,0x38,0x37,0x20,0x34,0x2e,0x31,
  0x33,0x35,0x37,0x2e,0x31,0x38,0x30,0x36,0x38,0x20,0x34,0x31,0x2e,0x36,0x37,0x32,
  0x30,0x33,0x2d,0x31,0x2e,0x34,0x31,0x36,0x30,0x33,0x22,0x20,0x66,0x69,0x6c,0x6c,
  0x3d,0x22,0x6e,0x6f,0x6e,0x65,0x22,0x20,0x73,0x74,0x72,0x6f,0x6b,0x65,0x3d,0x22,
  0x23,0x39,0x39,0x39,0x22,0x20,0x73,0x74,0x72,0x6f,0x6b,0x65,0x2d,0x6c,0x69,0x6e,
  0x65,0x63,0x61,0x70,0x3d,0x22,0x72,0x6f,0x75,0x6e,0x64,0x22,0x20,0x73,0x74,0x72,
  0x6f,0x6b,0x65,0x2d,0x6c,0x69,0x6e,0x65,0x6a,0x6f,0x69,0x6e,0x3d,0x22,0x72,0x6f,
  0x75,0x6e,0x64,0x22,0x20,0x73,0x74,0x72,0x6f,0x6b,0x65,0x2d,0x77,0x69,0x64,0x74,
  0x68,0x3d,0x22,0x37,0x22,0x2f,0x3e,0xd,0xa,0x20,0x20,0x20,0x20,0x20,0x20,0x20,
  0x20,0x3c,0x70,0x61,0x74,0x68,0x20,0x64,0x3d,0x22,0x6d,0x38,0x30,0x39,0x2e,0x38,
  0x39,0x39,0x37,0x31,0x20,0x31,0x35,0x31,0x2e,0x36,0x36,0x38,0x34,0x37,0x2d,0x31,
  0x32,0x2e,0x30,0x31,0x31,0x37,0x20,0x31,0x33,0x2e,0x39,0x34,0x35,0x33,0x32,0x2d,
  0x31,0x31,0x2e,0x37,0x36,0x32,0x37,0x20,0x32,0x33,0x2e,0x34,0x35,0x37,0x30,0x32,
  0x2d,0x31,0x38,0x2e,0x36,0x38,0x36,0x35,0x20,0x33,0x35,0x2e,0x39,0x31,0x37,0x39,
  0x38,0x22,0x20,0x66,0x69,0x6c,0x6c,0x3d,0x22,0x6e,0x6f,0x6e,0x65,0x22,0x20,0x73,
  0x74,0x72,0x6f,0x6b,0x65,0x3d,0x22,0x23,0x39,0x39,0x39,0x22,0x20,0x73,0x74,0x72,
  0x6f,0x6b,0x65,0x2d,0x6c,0x69,0x6e,0x65,0x63,0x61,0x70,0x3d,0x22,0x72,0x6f,0x75,
  0x6e,0x64,0x22,0x20,0x73,0x74,0x72,0x6f,0x6b,0x65,0x2d,0x6c,0x69,0x6e,0x65,0x6a,
  0x6f,0x69,0x6e,0x3d,0x22,0x72,0x6f,0x75,0x6e,0x64,0x22,0x20,0x73,0x74,0x72,0x6f,
  0x6b,0x65,0x2d,0x77,0x69,0x64,0x74,0x68,0x3d,0x22,0x31,0x33,0x2e,0x37,0x35,0x22,
  0x2f,0x3e,0xd,0xa,0x20,0x20,0x20,0x20,0x20,0x20,0x20,0x20,0x3c,0x70,0x61,0x74,
  0x68,0x20,0x64,0x3d,0x22,0x6d,0x37,0x34,0x36,0x2e,0x39,0x30,0x36,0x35,0x31,0x20,
  0x32,0x38,0x31,0x2e,0x33,0x30,0x37,0x31,0x34,0x2d,0x36,0x38,0x2e,0x33,0x38,0x38,
  0x36,0x20,0x32,0x2e,0x35,0x30,0x34,0x38,0x38,0x2d,0x38,0x39,0x2e,0x31,0x39,0x39,
  0x32,0x36,0x20,0x32,0x2e,0x39,0x38,0x38,0x32,0x38,0x2d,0x31,0x2e,0x30,0x30,0x30,
  0x39,0x39,0x2d,0x31,0x38,0x2e,0x37,0x35,0x22,0x20,0x66,0x69,0x6c,0x6c,0x3d,0x22,
  0x6e,0x6f,0x6e,0x65,0x22,0x20,0x73,0x74,0x72,0x6f,0x6b,0x65,0x3d,0x22,0x23,0x39,
  0x39,0x39,0x22,0x20,0x73,0x74,0x72,0x6f,0x6b,0x65,0x2d,0x6c,0x69,0x6e,0x65,0x63,
  0x61,0x70,0x3d,0x22,0x72,0x6f,0x75,0x6e,0x64,0x22,0x20,0x73,0x74,0x72,0x6f,0x6b,
  0x65,0x2d,0x6c,0x69,0x6e,0x65,0x6a,0x6f,0x69,0x6e,0x3d,0x22,0x72,0x6f,0x75,0x6e,
  0x64,0x22,0x20,0x73,0x74,0x72,0x6f,0x6b,0x65,0x2d,0x77,0x69,0x64,0x74,0x68,0x3d,
  0x22,0x31,0x30,0x22,0x2f,0x3e,0xd,0xa,0x20,0x20,0x20,0x20,0x20,0x20,0x20,0x20,
  0x3c,0x70,0x61,0x74,0x68,0x20,0x64,0x3d,0x22,0x6d,0x36,0x37,0x39,0x2e,0x37,0x33,
  0x38,0x36,0x31,0x20,0x32,0x30,0x31,0x2e,0x36,0x30,0x30,0x31,0x31,0x2d,0x36,0x30,
  0x2e,0x35,0x39,0x35,0x37,0x35,0x2d,0x39,0x2e,0x31,0x33,0x35,0x37,0x34,0x22,0x20,
  0x66,0x69,0x6c,0x6c,0x3d,0x22,0x6e,0x6f,0x6e,0x65,0x22,0x20,0x73,0x74,0x72,0x6f,
  0x6b,0x65,0x3d,0x22,0x23,0x66,0x66,0x66,0x22,0x20,0x73,0x74,0x72,0x6f,0x6b,0x65,
  0x2d,0x6c,0x69,0x6e,0x65,0x63,0x61,0x70,0x3d,0x22,0x72,0x6f,0x75,0x6e,0x64,0x22,
  0x20,0x73,0x74,0x72,0x6f,0x6b,0x65,0x2d,0x6c,0x69,0x6e,0x65,0x6a,0x6f,0x69,0x6e,
  0x3d,0x22,0x72,0x6f,0x75,0x6e,0x64,0x22,0x20,0x73,0x74,0x72,0x6f,0x6b,0x65,0x2d,
  0x77,0x69,0x64,0x74,0x68,0x3d,0x22,0x37,0x2e,0x35,0x22,0x2f,0x3e,0xd,0xa,0x20,
  0x20,0x20,0x20,0x20,0x20,0x20,0x20,0x3c,0x67,0x20,0x66,0x69,0x6c,0x6c,0x3d,0x22,
  0x6e,0x6f,0x6e,0x65,0x22,0x20,0x74,0x72,0x61,0x6e,0x73,0x66,0x6f,0x72,0x6d,0x3d,
  0x22,0x6d,0x61,0x74,0x72,0x69,0x78,0x28,0x2d,0x2e,0x30,0x34,0x31,0x35,0x30,0x31,
  0x33,0x39,0x20,0x2e,0x39,0x39,0x39,0x31,0x33,0x38,0x34,0x20,0x2d,0x2e,0x39,0x39,
  0x39,0x31,0x33,0x38,0x34,0x20,0x2d,0x2e,0x30,0x34,0x31,0x35,0x30,0x31,0x33,0x39,
  0x20,0x38,0x39,0x31,0x2e,0x39,0x32,0x32,0x36,0x36,0x20,0x36,0x31,0x2e,0x34,0x31,
  0x35,0x34,0x35,0x38,0x29,0x22,0x3e,0xd,0xa,0x20,0x20,0x20,0x20,0x20,0x20,0x20,
  0x20,0x20,0x20,0x20,0x20,0x3c,0x70,0x61,0x74,0x68,0x20,0x64,0x3d,0x22,0x6d,0x35,
  0x37,0x36,0x2e,0x36,0x34,0x37,0x32,0x33,0x20,0x35,0x30,0x31,0x2e,0x36,0x35,0x31,
  0x37,0x39,0x20,0x39,0x2e,0x34,0x37,0x32,0x36,0x36,0x2d,0x2e,0x33,0x33,0x32,0x30,
  0x32,0x22,0x20,0x73,0x74,0x72,0x6f,0x6b,0x65,0x3d,0x22,0x23,0x30,0x30,0x30,0x22,
  0x20,0x73,0x74,0x72,0x6f,0x6b,0x65,0x2d,0x77,0x69,0x64,0x74,0x68,0x3d,0x22,0x37,
  0x2e,0x35,0x22,0x2f,0x3e,0xd,0xa,0x20,0x20,0x20,0x20,0x20,0x20,0x20,0x20,0x20,
  0x20,0x20,0x20,0x3c,0x70,0x61,0x74,0x68,0x20,0x64,0x3d,0x22,0x6d,0x35,0x37,0x36,
  0x2e,0x36,0x34,0x37,0x32,0x33,0x20,0x35,0x30,0x31,0x2e,0x36,0x35,0x31,0x37,0x38,
  0x20,0x39,0x2e,0x34,0x37,0x32,0x36,0x36,0x2d,0x2e,0x33,0x33,0x32,0x30,0x32,0x22,
  0x20,0x73,0x74,0x72,0x6f,0x6b,0x65,0x3d,0x22,0x23,0x66,0x66,0x66,0x22,0x20,0x73,
  0x74,0x72,0x6f,0x6b,0x65,0x2d,0x6c,0x69,0x6e,0x65,0x63,0x61,0x70,0x3d,0x22,0x72,
  0x6f,0x75,0x6e,0x64,0x22,0x20,0x73,0x74,0x72,0x6f,0x6b,0x65,0x2d,0x6c,0x69,0x6e,
  0x65,0x6a,0x6f,0x69,0x6e,0x3d,0x22,0x72,0x6f,0x75,0x6e,0x64,0x22,0x20,0x73,0x74,
  0x72,0x6f,0x6b,0x65,0x2d,0x77,0x69,0x64,0x74,0x68,0x3d,0x22,0x35,0x2e,0x36,0x32,
  0x35,0x22,0x2f,0x3e,0xd,0xa,0x20,0x20,0x20,0x20,0x20,0x20,0x20,0x20,0x3c,0x2f,
  0x67,0x3e,0xd,0xa,0x20,0x20,0x20,0x20,0x20,0x20,0x20,0x20,0x3c,0x70,0x61,0x74,
  0x68,0x20,0x64,0x3d,0x22,0x6d,0x35,0x33,0x31,0x2e,0x39,0x39,0x34,0x34,0x32,0x20,
  0x36,0x31,0x37,0x2e,0x39,0x37,0x37,0x30,0x36,0x73,0x2d,0x31,0x35,0x2e,0x39,0x37,
  0x34,0x35,0x39,0x20,0x35,0x2e,0x36,0x35,0x36,0x33,0x37,0x2d,0x32,0x32,0x2e,0x37,
  0x38,0x33,0x32,0x20,0x38,0x2e,0x31,0x38,0x33,0x36,0x63,0x2d,0x36,0x2e,0x36,0x39,
  0x36,0x31,0x20,0x32,0x2e,0x34,0x38,0x35,0x34,0x37,0x2d,0x31,0x36,0x2e,0x39,0x31,
  0x39,0x38,0x36,0x20,0x33,0x2e,0x37,0x34,0x35,0x33,0x32,0x2d,0x32,0x32,0x2e,0x32,
  0x33,0x31,0x34,0x35,0x20,0x38,0x2e,0x35,0x32,0x30,0x35,0x2d,0x37,0x2e,0x30,0x31,
  0x38,0x39,0x32,0x20,0x36,0x2e,0x33,0x31,0x30,0x30,0x39,0x2d,0x38,0x2e,0x37,0x35,
  0x35,0x36,0x39,0x20,0x32,0x30,0x2e,0x33,0x38,0x37,0x37,0x2d,0x31,0x34,0x2e,0x33,
  0x31,0x31,0x35,0x32,0x20,0x32,0x38,0x2e,0x30,0x31,0x37,0x35,0x39,0x2d,0x34,0x2e,
  0x39,0x34,0x31,0x37,0x37,0x20,0x36,0x2e,0x37,0x38,0x36,0x35,0x39,0x2d,0x31,0x33,
  0x2e,0x37,0x33,0x32,0x37,0x36,0x20,0x31,0x33,0x2e,0x39,0x37,0x33,0x32,0x36,0x2d,
  0x31,0x39,0x2e,0x38,0x30,0x39,0x35,0x36,0x20,0x31,0x39,0x2e,0x37,0x36,0x35,0x36,
  0x32,0x2d,0x33,0x2e,0x36,0x38,0x35,0x33,0x35,0x20,0x33,0x2e,0x35,0x31,0x32,0x38,
  0x35,0x2d,0x38,0x2e,0x31,0x36,0x34,0x37,0x39,0x20,0x38,0x2e,0x38,0x33,0x36,0x39,
  0x34,0x2d,0x31,0x32,0x2e,0x35,0x34,0x38,0x38,0x34,0x20,0x31,0x31,0x2e,0x34,0x32,
  0x35,0x37,0x38,0x2d,0x34,0x2e,0x35,0x34,0x36,0x34,0x33,0x20,0x32,0x2e,0x36,0x38,
  0x34,0x37,0x33,0x2d,0x31,0x31,0x2e,0x35,0x39,0x30,0x37,0x39,0x20,0x34,0x2e,0x31,
  0x39,0x37,0x35,0x36,0x2d,0x31,0x36,0x2e,0x36,0x36,0x30,0x31,0x35,0x20,0x35,0x2e,
  0x36,0x37,0x33,0x38,0x32,0x2d,0x36,0x2e,0x36,0x34,0x33,0x35,0x35,0x20,0x31,0x2e,
  0x39,0x33,0x34,0x36,0x39,0x2d,0x31,0x35,0x2e,0x34,0x39,0x38,0x30,0x32,0x20,0x35,
  0x2e,0x31,0x37,0x35,0x31,0x32,0x2d,0x32,0x32,0x2e,0x34,0x31,0x32,0x31,0x31,0x20,
  0x35,0x2e,0x34,0x34,0x39,0x32,0x33,0x2d,0x31,0x30,0x2e,0x33,0x30,0x30,0x31,0x2e,
  0x34,0x30,0x38,0x33,0x34,0x2d,0x32,0x34,0x2e,0x31,0x31,0x33,0x30,0x32,0x2d,0x32,
  0x2e,0x32,0x39,0x31,0x39,0x33,0x2d,0x33,0x33,0x2e,0x39,0x32,0x35,0x37,0x38,0x2d,
  0x35,0x2e,0x34,0x34,0x39,0x32,0x33,0x2d,0x35,0x2e,0x38,0x30,0x30,0x32,0x32,0x2d,
  0x31,0x2e,0x38,0x36,0x36,0x32,0x35,0x2d,0x31,0x33,0x2e,0x34,0x36,0x33,0x30,0x32,
  0x2d,0x35,0x2e,0x32,0x30,0x36,0x37,0x39,0x2d,0x31,0x38,0x2e,0x31,0x36,0x38,0x39,
  0x35,0x2d,0x39,0x2e,0x30,0x37,0x37,0x31,0x35,0x2d,0x35,0x2e,0x30,0x35,0x31,0x35,
  0x37,0x2d,0x34,0x2e,0x31,0x35,0x34,0x36,0x33,0x2d,0x39,0x2e,0x34,0x39,0x30,0x34,
  0x35,0x2d,0x31,0x31,0x2e,0x39,0x35,0x37,0x33,0x36,0x2d,0x31,0x33,0x2e,0x33,0x32,
  0x35,0x32,0x2d,0x31,0x37,0x2e,0x32,0x35,0x35,0x38,0x35,0x2d,0x33,0x2e,0x35,0x34,
  0x30,0x34,0x35,0x2d,0x34,0x2e,0x38,0x39,0x31,0x38,0x35,0x2d,0x31,0x31,0x2e,0x32,
  0x38,0x39,0x30,0x36,0x2d,0x31,0x36,0x2e,0x36,0x36,0x35,0x30,0x35,0x2d,0x31,0x31,
  0x2e,0x32,0x38,0x39,0x30,0x36,0x2d,0x31,0x36,0x2e,0x36,0x36,0x35,0x30,0x35,0x22,
  0x20,0x66,0x69,0x6c,0x6c,0x3d,0x22,0x6e,0x6f,0x6e,0x65,0x22,0x20,0x73,0x74,0x72,
  0x6f,0x6b,0x65,0x3d,0x22,0x23,0x66,0x61,0x37,0x66,0x37,0x30,0x22,0x20,0x73,0x74,
  0x72,0x6f,0x6b,0x65,0x2d,0x6c,0x69,0x6e,0x65,0x63,0x61,0x70,0x3d,0x22,0x72,0x6f,
  0x75,0x6e,0x64,0x22,0x20,0x73,0x74,0x72,0x6f,0x6b,0x65,0x2d,0x6c,0x69,0x6e,0x65,
  0x6a,0x6f,0x69,0x6e,0x3d,0x22,0x72,0x6f,0x75,0x6e,0x64,0x22,0x20,0x73,0x74,0x72,
  0x6f,0x6b,0x65,0x2d,0x77,0x69,0x64,0x74,0x68,0x3d,0x22,0x32,0x2e,0x35,0x22,0x2f,
  0x3e,0xd,0xa,0x20,0x20,0x20,0x20,0x20,0x20,0x20,0x20,0x3c,0x70,0x61,0x74,0x68,
  0x20,0x64,0x3d,0x22,0x6d,0x36,0x34,0x35,0x2e,0x33,0x37,0x33,0x33,0x31,0x20,0x32,
  0x34,0x37,0x2e,0x35,0x35,0x37,0x31,0x34,0x20,0x31,0x2e,0x30,0x36,0x39,0x34,0x20,
  0x33,0x2e,0x34,0x35,0x37,0x30,0x33,0x20,0x31,0x2e,0x39,0x35,0x38,0x2e,0x39,0x34,
  0x37,0x32,0x37,0x20,0x32,0x2e,0x31,0x30,0x39,0x33,0x2d,0x2e,0x33,0x32,0x32,0x32,
  0x37,0x20,0x32,0x2e,0x30,0x33,0x36,0x32,0x2d,0x32,0x2e,0x37,0x37,0x33,0x34,0x33,
  0x22,0x20,0x66,0x69,0x6c,0x6c,0x3d,0x22,0x6e,0x6f,0x6e,0x65,0x22,0x20,0x73,0x74,
  0x72,0x6f,0x6b,0x65,0x3d,0x22,0x23,0x66,0x61,0x37,0x66,0x37,0x30,0x22,0x20,0x73,
  0x74,0x72,0x6f,0x6b,0x65,0x2d,0x6c,0x69,0x6e,0x65,0x63,0x61,0x70,0x3d,0x22,0x72,
  0x6f,0x75,0x6e,0x64,0x22,0x20,0x73,0x74,0x72,0x6f,0x6b,0x65,0x2d,0x6c,0x69,0x6e,
  0x65,0x6a,0x6f,0x69,0x6e,0x3d,0x22,0x72,0x6f,0x75,0x6e,0x64,0x22,0x20,0x73,0x74,
  0x72,0x6f,0x6b,0x65,0x2d,0x77,0x69,0x64,0x74,0x68,0x3d,0x22,0x31,0x2e,0x35,0x22,
  0x2f,0x3e,0xd,0xa,0x20,0x20,0x20,0x20,0x20,0x20,0x20,0x20,0x3c,0x70,0x61,0x74,
  0x68,0x20,0x64,0x3d,0x22,0x6d,0x36,0x34,0x38,0x2e,0x34,0x30,0x30,0x37,0x31,0x20,
  0x32,0x35,0x31,0x2e,0x39,0x36,0x31,0x34,0x34,0x2d,0x32,0x2e,0x35,0x39,0x32,0x38,
  0x20,0x31,0x36,0x2e,0x34,0x32,0x30,0x39,0x22,0x20,0x66,0x69,0x6c,0x6c,0x3d,0x22,
  0x6e,0x6f,0x6e,0x65,0x22,0x20,0x73,0x74,0x72,0x6f,0x6b,0x65,0x3d,0x22,0x23,0x66,
  0x61,0x37,0x66,0x37,0x30,0x22,0x20,0x73,0x74,0x72,0x6f,0x6b,0x65,0x2d,0x6c,0x69,
  0x6e,0x65,0x63,0x61,0x70,0x3d,0x22,0x72,0x6f,0x75,0x6e,0x64,0x22,0x20,0x73,0x74,
  0x72,0x6f,0x6b,0x65,0x2d,0x6c,0x69,0x6e,0x65,0x6a,0x6f,0x69,0x6e,0x3d,0x22,0x72,
  0x6f,0x75,0x6e,0x64,0x22,0x20,0x73,0x74,0x72,0x6f,0x6b,0x65,0x2d,0x77,0x69,0x64,
  0x74,0x68,0x3d,0x22,0x31,0x2e,0x35,0x22,0x2f,0x3e,0xd,0xa,0x20,0x20,0x20,0x20,
  0x20,0x20,0x20,0x20,0x3c,0x70,0x61,0x74,0x68,0x20,0x64,0x3d,0x22,0x6d,0x36,0x35,
  0x36,0x2e,0x32,0x39,0x36,0x32,0x31,0x20,0x32,0x30,0x31,0x2e,0x31,0x38,0x30,0x31,
  0x39,0x2d,0x31,0x2e,0x33,0x31,0x38,0x34,0x20,0x38,0x2e,0x34,0x30,0x38,0x32,0x2d,
  0x31,0x2e,0x33,0x30,0x33,0x37,0x20,0x38,0x2e,0x33,0x33,0x34,0x39,0x36,0x2d,0x34,
  0x2e,0x32,0x30,0x34,0x31,0x20,0x32,0x36,0x2e,0x38,0x31,0x36,0x34,0x31,0x22,0x20,
  0x66,0x69,0x6c,0x6c,0x3d,0x22,0x6e,0x6f,0x6e,0x65,0x22,0x20,0x73,0x74,0x72,0x6f,
  0x6b,0x65,0x3d,0x22,0x23,0x66,0x61,0x37,0x66,0x37,0x30,0x22,0x20,0x73,0x74,0x72,
  0x6f,0x6b,0x65,0x2d,0x6c,0x69,0x6e,0x65,0x63,0x61,0x70,0x3d,0x22,0x72,0x6f,0x75,
  0x6e,0x64,0x22,0x20,0x73,0x74,0x72,0x6f,0x6b,0x65,0x2d,0x6c,0x69,0x6e,0x65,0x6a,
  0x6f,0x69,0x6e,0x3d,0x22,0x72,0x6f,0x75,0x6e,0x64,0x22,0x20,0x73,0x74,0x72,0x6f,
  0x6b,0x65,0x2d,0x77,0x69,0x64,0x74,0x68,0x3d,0x22,0x31,0x2e,0x35,0x22,0x2f,0x3e,
  0xd,0xa,0x20,0x20,0x20,0x20,0x20,0x20,0x20,0x20,0x3c,0x70,0x61,0x74,0x68,0x20,
  0x64,0x3d,0x22,0x6d,0x33,0x33,0x37,0x2e,0x32,0x34,0x33,0x34,0x35,0x20,0x36,0x33,
  0x37,0x2e,0x36,0x33,0x30,0x33,0x39,0x73,0x31,0x2e,0x34,0x37,0x34,0x38,0x33,0x20,
  0x32,0x2e,0x36,0x39,0x39,0x37,0x39,0x20,0x31,0x2e,0x38,0x32,0x36,0x31,0x37,0x20,
  0x33,0x2e,0x39,0x35,0x39,0x39,0x36,0x63,0x2e,0x33,0x37,0x34,0x30,0x39,0x20,0x31,
  0x2e,0x33,0x34,0x31,0x37,0x38,0x2e,0x37,0x37,0x37,0x32,0x37,0x20,0x33,0x2e,0x32,
  0x34,0x35,0x37,0x32,0x2e,0x35,0x31,0x37,0x35,0x38,0x20,0x34,0x2e,0x36,0x31,0x34,
  0x32,0x35,0x2d,0x2e,0x34,0x32,0x32,0x36,0x39,0x20,0x32,0x2e,0x32,0x32,0x37,0x35,
  0x2d,0x32,0x2e,0x30,0x30,0x34,0x30,0x37,0x20,0x35,0x2e,0x30,0x30,0x37,0x35,0x31,
  0x2d,0x33,0x2e,0x35,0x33,0x35,0x31,0x36,0x20,0x36,0x2e,0x36,0x37,0x39,0x36,0x39,
  0x2d,0x31,0x2e,0x33,0x37,0x31,0x39,0x32,0x20,0x31,0x2e,0x34,0x39,0x38,0x33,0x34,
  0x2d,0x33,0x2e,0x37,0x33,0x35,0x33,0x37,0x20,0x33,0x2e,0x31,0x30,0x35,0x37,0x37,
  0x2d,0x35,0x2e,0x36,0x38,0x33,0x35,0x39,0x20,0x33,0x2e,0x36,0x38,0x31,0x36,0x33,
  0x2d,0x31,0x2e,0x36,0x38,0x30,0x31,0x2e,0x34,0x39,0x36,0x36,0x31,0x2d,0x34,0x2e,
  0x31,0x32,0x37,0x36,0x33,0x2e,0x33,0x37,0x31,0x30,0x31,0x2d,0x35,0x2e,0x38,0x33,
  0x39,0x38,0x35,0x20,0x30,0x2d,0x31,0x2e,0x36,0x33,0x32,0x34,0x34,0x2d,0x2e,0x33,
  0x35,0x33,0x37,0x32,0x2d,0x33,0x2e,0x35,0x38,0x36,0x34,0x35,0x2d,0x31,0x2e,0x35,
  0x33,0x33,0x39,0x39,0x2d,0x35,0x2e,0x30,0x36,0x38,0x33,0x35,0x2d,0x32,0x2e,0x33,
  0x30,0x34,0x36,0x37,0x2d,0x31,0x2e,0x39,0x36,0x33,0x38,0x36,0x2d,0x31,0x2e,0x30,
  0x32,0x31,0x33,0x33,0x2d,0x36,0x2e,0x33,0x35,0x37,0x34,0x33,0x2d,0x33,0x2e,0x37,
  0x34,0x35,0x31,0x33,0x2d,0x36,0x2e,0x33,0x35,0x37,0x34,0x33,0x2d,0x33,0x2e,0x37,
  0x34,0x35,0x31,0x33,0x22,0x20,0x66,0x69,0x6c,0x6c,0x3d,0x22,0x6e,0x6f,0x6e,0x65,
  0x22,0x20,0x73,0x74,0x72,0x6f,0x6b,0x65,0x3d,0x22,0x23,0x66,0x61,0x37,0x66,0x37,
  0x30,0x22,0x20,0x73,0x74,0x72,0x6f,0x6b,0x65,0x2d,0x6c,0x69,0x6e,0x65,0x63,0x61,
  0x70,0x3d,0x22,0x72,0x6f,0x75,0x6e,0x64,0x22,0x20,0x73,0x74,0x72,0x6f,0x6b,0x65,
  0x2d,0x6c,0x69,0x6e,0x65,0x6a,0x6f,0x69,0x6e,0x3d,0x22,0x72,0x6f,0x75,0x6e,0x64,
  0x22,0x20,0x73,0x74,0x72,0x6f,0x6b,0x65,0x2d,0x77,0x69,0x64,0x74,0x68,0x3d,0x22,
  0x32,0x2e,0x35,0x22,0x2f,0x3e,0xd,0xa,0x20,0x20,0x20,0x20,0x20,0x20,0x20,0x20,
  0x3c,0x70,0x61,0x74,0x68,0x20,0x64,0x3d,0x22,0x6d,0x32,0x39,0x38,0x2e,0x32,0x35,
  0x34,0x31,0x39,0x20,0x34,0x39,0x36,0x2e,0x36,0x36,0x33,0x35,0x39,0x20,0x35,0x34,
  0x2e,0x33,0x37,0x30,0x31,0x32,0x20,0x37,0x35,0x2e,0x31,0x35,0x36,0x32,0x35,0x20,
  0x31,0x33,0x2e,0x36,0x33,0x32,0x38,0x31,0x20,0x33,0x32,0x2e,0x32,0x39,0x30,0x30,
  0x33,0x2e,0x37,0x33,0x37,0x33,0x20,0x35,0x2e,0x34,0x36,0x33,0x38,0x38,0x2d,0x2e,
  0x30,0x38,0x33,0x30,0x31,0x20,0x32,0x31,0x2e,0x30,0x34,0x34,0x39,0x31,0x22,0x20,
  0x66,0x69,0x6c,0x6c,0x3d,0x22,0x6e,0x6f,0x6e,0x65,0x22,0x20,0x73,0x74,0x72,0x6f,
  0x6b,0x65,0x3d,0x22,0x23,0x66,0x61,0x37,0x66,0x37,0x30,0x22,0x20,0x73,0x74,0x72,
  0x6f,0x6b,0x65,0x2d,0x6c,0x69,0x6e,0x65,0x63,0x61,0x70,0x3d,0x22,0x72,0x6f,0x75,
  0x6e,0x64,0x22,0x20,0x73,0x74,0x72,0x6f,0x6b,0x65,0x2d,0x6c,0x69,0x6e,0x65,0x6a,
  0x6f,0x69,0x6e,0x3d,0x22,0x72,0x6f,0x75,0x6e,0x64,0x22,0x20,0x73,0x74,0x72,0x6f,
  0x6b,0x65,0x2d,0x77,0x69,0x64,0x74,0x68,0x3d,0x22,0x32,0x2e,0x35,0x22,0x2f,0x3e,
  0xd,0xa,0x20,0x20,0x20,0x20,0x20,0x20,0x20,0x20,0x3c,0x70,0x61,0x74,0x68,0x20,
  0x64,0x3d,0x22,0x6d,0x36,0x38,0x33,0x2e,0x38,0x38,0x36,0x38,0x38,0x20,0x34,0x34,
  0x30,0x2e,0x33,0x38,0x30,0x38,0x2d,0x32,0x33,0x2e,0x32,0x32,0x30,0x35,0x37,0x2e,
  0x36,0x35,0x37,0x37,0x39,0x22,0x20,0x66,0x69,0x6c,0x6c,0x3d,0x22,0x6e,0x6f,0x6e,
  0x65,0x22,0x20,0x73,0x74,0x72,0x6f,0x6b,0x65,0x3d,0x22,0x23,0x66,0x61,0x37,0x66,
  0x37,0x30,0x22,0x20,0x73,0x74,0x72,0x6f,0x6b,0x65,0x2d,0x6c,0x69,0x6e,0x65,0x63,
  0x61,0x70,0x3d,0x22,0x72,0x6f,0x75,0x6e,0x64,0x22,0x20,0x73,0x74,0x72,0x6f,0x6b,
  0x65,0x2d,0x6c,0x69,0x6e,0x65,0x6a,0x6f,0x69,0x6e,0x3d,0x22,0x72,0x6f,0x75,0x6e,
  0x64,0x22,0x20,0x73,0x74,0x72,0x6f,0x6b,0x65,0x2d,0x77,0x69,0x64,0x74,0x68,0x3d,
  0x22,0x32,0x2e,0x35,0x22,0x2f,0x3e,0xd,0xa,0x20,0x20,0x20,0x20,0x20,0x20,0x20,
  0x20,0x3c,0x70,0x61,0x74,0x68,0x20,0x64,0x3d,0x22,0x6d,0x35,0x31,0x31,0x2e,0x37,
  0x31,0x36,0x31,0x20,0x34,0x31,0x37,0x2e,0x31,0x39,0x30,0x39,0x32,0x73,0x2d,0x39,
  0x2e,0x38,0x37,0x39,0x39,0x33,0x20,0x31,0x2e,0x36,0x33,0x38,0x31,0x38,0x2d,0x31,
  0x34,0x2e,0x30,0x37,0x37,0x31,0x35,0x20,0x32,0x2e,0x35,0x32,0x39,0x33,0x63,0x2d,
  0x34,0x2e,0x38,0x37,0x36,0x32,0x35,0x20,0x31,0x2e,0x30,0x33,0x35,0x32,0x38,0x2d,
  0x31,0x31,0x2e,0x31,0x36,0x34,0x37,0x32,0x20,0x33,0x2e,0x36,0x31,0x34,0x38,0x35,
  0x2d,0x31,0x36,0x2e,0x31,0x33,0x37,0x36,0x39,0x20,0x33,0x2e,0x39,0x35,0x39,0x39,
  0x37,0x2d,0x31,0x31,0x2e,0x36,0x33,0x32,0x37,0x39,0x2e,0x38,0x30,0x37,0x33,0x2d,
  0x32,0x37,0x2e,0x31,0x31,0x35,0x36,0x34,0x2d,0x32,0x2e,0x33,0x36,0x36,0x32,0x35,
  0x2d,0x33,0x38,0x2e,0x36,0x36,0x36,0x39,0x39,0x2d,0x33,0x2e,0x39,0x35,0x39,0x39,
  0x37,0x2d,0x31,0x30,0x2e,0x35,0x36,0x33,0x34,0x31,0x2d,0x31,0x2e,0x34,0x35,0x37,
  0x34,0x32,0x2d,0x32,0x34,0x2e,0x33,0x37,0x35,0x30,0x37,0x2d,0x36,0x2e,0x37,0x32,
  0x35,0x33,0x39,0x2d,0x33,0x35,0x2e,0x30,0x31,0x39,0x35,0x33,0x2d,0x36,0x2e,0x30,
  0x38,0x38,0x38,0x36,0x2d,0x31,0x2e,0x39,0x30,0x32,0x32,0x35,0x2e,0x31,0x31,0x33,
  0x37,0x35,0x2d,0x34,0x2e,0x31,0x38,0x30,0x32,0x34,0x20,0x31,0x2e,0x39,0x31,0x31,
  0x30,0x37,0x2d,0x36,0x2e,0x30,0x38,0x33,0x39,0x39,0x20,0x31,0x2e,0x38,0x32,0x36,
  0x31,0x38,0x2d,0x32,0x2e,0x34,0x35,0x37,0x33,0x39,0x2d,0x2e,0x31,0x30,0x39,0x35,
  0x38,0x2d,0x35,0x2e,0x31,0x36,0x34,0x38,0x36,0x2d,0x32,0x2e,0x38,0x30,0x30,0x33,
  0x2d,0x37,0x2e,0x36,0x31,0x32,0x33,0x2d,0x33,0x2e,0x30,0x34,0x36,0x38,0x38,0x2d,
  0x35,0x2e,0x30,0x38,0x32,0x35,0x39,0x2d,0x2e,0x35,0x31,0x32,0x30,0x37,0x2d,0x31,
  0x31,0x2e,0x37,0x30,0x30,0x30,0x39,0x20,0x33,0x2e,0x37,0x39,0x37,0x37,0x34,0x2d,
  0x31,0x36,0x2e,0x37,0x35,0x32,0x39,0x33,0x20,0x33,0x2e,0x30,0x34,0x36,0x38,0x38,
  0x2d,0x33,0x2e,0x35,0x35,0x35,0x30,0x36,0x2d,0x2e,0x35,0x32,0x38,0x32,0x39,0x2d,
  0x37,0x2e,0x30,0x36,0x36,0x37,0x31,0x2d,0x35,0x2e,0x32,0x36,0x32,0x32,0x37,0x2d,
  0x31,0x30,0x2e,0x36,0x35,0x34,0x33,0x2d,0x35,0x2e,0x34,0x37,0x38,0x35,0x33,0x2d,
  0x32,0x2e,0x36,0x32,0x34,0x30,0x36,0x2d,0x2e,0x31,0x35,0x38,0x31,0x38,0x2d,0x35,
  0x2e,0x38,0x37,0x31,0x38,0x34,0x20,0x31,0x2e,0x38,0x35,0x35,0x36,0x39,0x2d,0x38,
  0x2e,0x32,0x31,0x37,0x37,0x37,0x20,0x33,0x2e,0x30,0x34,0x32,0x2d,0x33,0x2e,0x37,
  0x30,0x38,0x32,0x37,0x20,0x31,0x2e,0x38,0x37,0x35,0x32,0x33,0x2d,0x37,0x2e,0x36,
  0x30,0x36,0x38,0x38,0x20,0x36,0x2e,0x33,0x36,0x39,0x39,0x2d,0x31,0x31,0x2e,0x35,
  0x37,0x32,0x32,0x36,0x20,0x37,0x2e,0x36,0x31,0x32,0x33,0x2d,0x31,0x30,0x2e,0x32,
  0x39,0x30,0x30,0x33,0x20,0x33,0x2e,0x32,0x32,0x33,0x39,0x39,0x2d,0x32,0x35,0x2e,
  0x31,0x36,0x34,0x33,0x34,0x2e,0x33,0x34,0x34,0x38,0x36,0x2d,0x33,0x35,0x2e,0x39,
  0x33,0x32,0x36,0x33,0x2e,0x39,0x31,0x33,0x30,0x39,0x2d,0x34,0x2e,0x35,0x37,0x34,
  0x32,0x31,0x2e,0x32,0x34,0x31,0x33,0x38,0x2d,0x31,0x35,0x2e,0x32,0x31,0x39,0x37,
  0x32,0x20,0x31,0x2e,0x32,0x32,0x30,0x37,0x2d,0x31,0x35,0x2e,0x32,0x31,0x39,0x37,
  0x32,0x20,0x31,0x2e,0x32,0x32,0x30,0x37,0x22,0x20,0x66,0x69,0x6c,0x6c,0x3d,0x22,
  0x6e,0x6f,0x6e,0x65,0x22,0x20,0x73,0x74,0x72,0x6f,0x6b,0x65,0x3d,0x22,0x23,0x66,
  0x61,0x37,0x66,0x37,0x30,0x22,0x20,0x73,0x74,0x72,0x6f,0x6b,0x65,0x2d,0x6c,0x69,
  0x6e,0x65,0x63,0x61,0x70,0x3d,0x22,0x72,0x6f,0x75,0x6e,0x64,0x22,0x20,0x73,0x74,
  0x72,0x6f,0x6b,0x65,0x2d,0x6c,0x69,0x6e,0x65,0x6a,0x6f,0x69,0x6e,0x3d,0x22,0x72,
  0x6f,0x75,0x6e,0x64,0x22,0x20,0x73,0x74,0x72,0x6f,0x6b,0x65,0x2d,0x77,0x69,0x64,
  0x74,0x68,0x3d,0x22,0x32,0x2e,0x35,0x22,0x2f,0x3e,0xd,0xa,0x20,0x20,0x20,0x20,
  0x20,0x20,0x20,0x20,0x3c,0x70,0x61,0x74,0x68,0x20,0x64,0x3d,0x22,0x6d,0x34,0x33,
  0x32,0x2e,0x30,0x36,0x37,0x36,0x36,0x20,0x36,0x32,0x37,0x2e,0x32,0x38,0x33,0x37,
  0x73,0x31,0x30,0x2e,0x31,0x34,0x33,0x36,0x32,0x20,0x31,0x36,0x2e,0x38,0x37,0x37,
  0x38,0x34,0x20,0x31,0x36,0x2e,0x34,0x31,0x36,0x30,0x33,0x20,0x32,0x32,0x2e,0x33,
  0x33,0x38,0x38,0x37,0x63,0x36,0x2e,0x32,0x32,0x30,0x36,0x35,0x20,0x35,0x2e,0x34,
  0x31,0x35,0x39,0x37,0x20,0x31,0x37,0x2e,0x31,0x39,0x31,0x35,0x34,0x20,0x38,0x2e,
  0x37,0x30,0x32,0x37,0x37,0x20,0x32,0x34,0x2e,0x31,0x38,0x34,0x35,0x36,0x20,0x31,
  0x33,0x2e,0x30,0x37,0x36,0x31,0x38,0x20,0x35,0x2e,0x30,0x35,0x30,0x39,0x38,0x20,
  0x33,0x2e,0x31,0x35,0x38,0x38,0x37,0x20,0x31,0x32,0x2e,0x39,0x37,0x34,0x33,0x36,
  0x20,0x36,0x2e,0x35,0x32,0x34,0x30,0x38,0x20,0x31,0x36,0x2e,0x31,0x33,0x37,0x37,
  0x20,0x31,0x31,0x2e,0x35,0x37,0x32,0x32,0x36,0x20,0x34,0x2e,0x32,0x38,0x32,0x30,
  0x32,0x20,0x36,0x2e,0x38,0x33,0x33,0x34,0x31,0x20,0x32,0x2e,0x34,0x31,0x34,0x39,
  0x34,0x20,0x31,0x38,0x2e,0x37,0x31,0x38,0x34,0x34,0x20,0x34,0x2e,0x35,0x37,0x30,
  0x33,0x31,0x20,0x32,0x36,0x2e,0x34,0x38,0x39,0x32,0x35,0x20,0x32,0x2e,0x39,0x34,
  0x32,0x38,0x31,0x20,0x31,0x30,0x2e,0x36,0x30,0x39,0x38,0x31,0x20,0x31,0x30,0x2e,
  0x34,0x39,0x32,0x32,0x31,0x20,0x32,0x33,0x2e,0x35,0x36,0x32,0x36,0x31,0x20,0x31,
  0x33,0x2e,0x32,0x38,0x31,0x32,0x35,0x20,0x33,0x34,0x2e,0x32,0x31,0x33,0x38,0x38,
  0x20,0x31,0x2e,0x39,0x35,0x31,0x37,0x33,0x20,0x37,0x2e,0x34,0x35,0x33,0x36,0x31,
  0x20,0x31,0x2e,0x39,0x37,0x39,0x32,0x31,0x20,0x31,0x37,0x2e,0x38,0x39,0x39,0x34,
  0x33,0x20,0x33,0x2e,0x36,0x33,0x32,0x38,0x31,0x20,0x32,0x35,0x2e,0x34,0x32,0x34,
  0x38,0x20,0x31,0x2e,0x37,0x36,0x39,0x33,0x36,0x20,0x38,0x2e,0x30,0x35,0x32,0x31,
  0x37,0x20,0x37,0x2e,0x32,0x35,0x38,0x32,0x20,0x31,0x38,0x2e,0x31,0x30,0x37,0x30,
  0x32,0x20,0x37,0x2e,0x38,0x37,0x35,0x39,0x38,0x20,0x32,0x36,0x2e,0x33,0x32,0x38,
  0x31,0x32,0x2e,0x36,0x38,0x30,0x33,0x36,0x20,0x39,0x2e,0x30,0x35,0x33,0x39,0x2d,
  0x33,0x2e,0x37,0x30,0x31,0x33,0x38,0x20,0x32,0x30,0x2e,0x39,0x30,0x32,0x35,0x38,
  0x2d,0x34,0x2e,0x32,0x34,0x33,0x31,0x36,0x20,0x32,0x39,0x2e,0x39,0x36,0x35,0x38,
  0x33,0x2d,0x31,0x2e,0x30,0x32,0x34,0x32,0x33,0x20,0x31,0x37,0x2e,0x31,0x33,0x33,
  0x39,0x34,0x20,0x31,0x2e,0x38,0x37,0x33,0x35,0x39,0x20,0x34,0x30,0x2e,0x30,0x35,
  0x30,0x32,0x34,0x20,0x31,0x2e,0x32,0x31,0x35,0x38,0x31,0x20,0x35,0x37,0x2e,0x32,
  0x30,0x32,0x31,0x35,0x2d,0x2e,0x33,0x35,0x36,0x36,0x20,0x39,0x2e,0x32,0x39,0x38,
  0x34,0x37,0x2d,0x32,0x2e,0x34,0x32,0x30,0x39,0x35,0x20,0x32,0x31,0x2e,0x35,0x38,
  0x33,0x39,0x31,0x2d,0x33,0x2e,0x30,0x33,0x32,0x32,0x33,0x20,0x33,0x30,0x2e,0x38,
  0x36,0x39,0x31,0x31,0x2d,0x2e,0x34,0x35,0x30,0x32,0x31,0x20,0x36,0x2e,0x38,0x33,
  0x38,0x36,0x36,0x20,0x33,0x2e,0x39,0x32,0x30,0x38,0x36,0x20,0x31,0x37,0x2e,0x38,
  0x33,0x32,0x32,0x34,0x2d,0x2e,0x37,0x36,0x36,0x36,0x20,0x32,0x32,0x2e,0x38,0x33,
  0x32,0x2d,0x37,0x2e,0x36,0x35,0x38,0x31,0x32,0x20,0x38,0x2e,0x31,0x36,0x38,0x33,
  0x33,0x2d,0x32,0x35,0x2e,0x39,0x36,0x30,0x31,0x39,0x20,0x33,0x2e,0x31,0x30,0x33,
  0x38,0x36,0x2d,0x33,0x37,0x2e,0x31,0x34,0x33,0x35,0x35,0x20,0x33,0x2e,0x36,0x35,
  0x32,0x33,0x37,0x2d,0x36,0x2e,0x35,0x36,0x39,0x32,0x35,0x2e,0x33,0x32,0x32,0x32,
  0x2d,0x31,0x35,0x2e,0x33,0x35,0x30,0x35,0x32,0x2e,0x32,0x32,0x34,0x39,0x38,0x2d,
  0x32,0x31,0x2e,0x39,0x32,0x33,0x38,0x32,0x20,0x30,0x2d,0x31,0x33,0x2e,0x33,0x36,
  0x30,0x38,0x36,0x2d,0x2e,0x34,0x35,0x37,0x33,0x2d,0x33,0x31,0x2e,0x39,0x38,0x31,
  0x33,0x34,0x20,0x31,0x2e,0x37,0x35,0x34,0x36,0x35,0x2d,0x34,0x34,0x2e,0x34,0x35,
  0x38,0x30,0x31,0x2d,0x33,0x2e,0x30,0x34,0x36,0x38,0x37,0x2d,0x31,0x32,0x2e,0x32,
  0x36,0x32,0x32,0x36,0x2d,0x34,0x2e,0x37,0x31,0x39,0x30,0x31,0x2d,0x32,0x34,0x2e,
  0x39,0x32,0x37,0x34,0x35,0x2d,0x31,0x37,0x2e,0x39,0x39,0x35,0x31,0x32,0x2d,0x33,
  0x34,0x2e,0x34,0x32,0x38,0x37,0x32,0x2d,0x32,0x37,0x2e,0x30,0x37,0x30,0x32,0x35,
  0x2d,0x38,0x2e,0x38,0x34,0x37,0x32,0x34,0x2d,0x38,0x2e,0x34,0x35,0x30,0x34,0x33,
  0x2d,0x31,0x35,0x2e,0x36,0x35,0x36,0x36,0x38,0x2d,0x32,0x35,0x2e,0x35,0x30,0x30,
  0x35,0x37,0x2d,0x32,0x36,0x2e,0x36,0x35,0x30,0x33,0x38,0x2d,0x33,0x30,0x2e,0x38,
  0x36,0x39,0x31,0x38,0x2d,0x34,0x2e,0x39,0x30,0x35,0x33,0x31,0x2d,0x32,0x2e,0x33,
  0x39,0x35,0x34,0x33,0x2d,0x31,0x33,0x2e,0x39,0x32,0x36,0x32,0x39,0x20,0x32,0x2e,
  0x35,0x32,0x30,0x38,0x37,0x2d,0x31,0x38,0x2e,0x31,0x37,0x33,0x38,0x33,0x2d,0x2e,
  0x39,0x30,0x38,0x32,0x31,0x2d,0x33,0x2e,0x34,0x31,0x38,0x39,0x33,0x2d,0x32,0x2e,
  0x37,0x36,0x30,0x31,0x33,0x2d,0x32,0x2e,0x37,0x37,0x32,0x34,0x2d,0x39,0x2e,0x38,
  0x37,0x33,0x30,0x36,0x2d,0x33,0x2e,0x37,0x39,0x38,0x38,0x34,0x2d,0x31,0x34,0x2e,
  0x31,0x34,0x35,0x35,0x2d,0x2e,0x33,0x35,0x32,0x36,0x31,0x2d,0x31,0x2e,0x34,0x36,
  0x37,0x37,0x31,0x2d,0x2e,0x39,0x37,0x32,0x38,0x35,0x2d,0x33,0x2e,0x34,0x31,0x34,
  0x31,0x32,0x2d,0x31,0x2e,0x30,0x34,0x34,0x39,0x31,0x2d,0x34,0x2e,0x39,0x32,0x31,
  0x38,0x37,0x2d,0x2e,0x34,0x35,0x38,0x30,0x38,0x2d,0x39,0x2e,0x35,0x38,0x34,0x31,
  0x39,0x20,0x36,0x2e,0x34,0x35,0x31,0x36,0x38,0x2d,0x32,0x32,0x2e,0x36,0x30,0x37,
  0x31,0x33,0x20,0x33,0x2e,0x36,0x32,0x37,0x39,0x33,0x2d,0x33,0x31,0x2e,0x37,0x37,
  0x37,0x33,0x35,0x2d,0x33,0x2e,0x37,0x32,0x34,0x35,0x37,0x2d,0x31,0x32,0x2e,0x30,
  0x39,0x35,0x36,0x39,0x2d,0x31,0x39,0x2e,0x32,0x37,0x2d,0x32,0x32,0x2e,0x33,0x37,
  0x37,0x34,0x31,0x2d,0x32,0x37,0x2e,0x35,0x33,0x34,0x31,0x38,0x2d,0x33,0x31,0x2e,
  0x39,0x36,0x32,0x38,0x39,0x2d,0x2e,0x35,0x39,0x38,0x38,0x34,0x2d,0x2e,0x36,0x39,
  0x34,0x35,0x38,0x2d,0x31,0x2e,0x35,0x39,0x38,0x36,0x39,0x2d,0x31,0x2e,0x34,0x38,
  0x38,0x34,0x31,0x2d,0x31,0x2e,0x39,0x39,0x37,0x30,0x37,0x2d,0x32,0x2e,0x33,0x31,
  0x34,0x34,0x35,0x2d,0x31,0x2e,0x39,0x31,0x31,0x37,0x2d,0x33,0x2e,0x39,0x36,0x33,
  0x38,0x39,0x2d,0x32,0x2e,0x30,0x39,0x39,0x39,0x35,0x2d,0x31,0x30,0x2e,0x30,0x35,
  0x37,0x38,0x33,0x2d,0x32,0x2e,0x37,0x32,0x34,0x36,0x32,0x2d,0x31,0x34,0x2e,0x34,
  0x31,0x34,0x30,0x36,0x2d,0x2e,0x39,0x38,0x35,0x37,0x33,0x2d,0x36,0x2e,0x38,0x37,
  0x34,0x31,0x36,0x2d,0x2e,0x30,0x37,0x37,0x35,0x35,0x2d,0x31,0x36,0x2e,0x34,0x34,
  0x36,0x33,0x36,0x2d,0x32,0x2e,0x32,0x36,0x35,0x36,0x32,0x2d,0x32,0x33,0x2e,0x30,
  0x33,0x37,0x31,0x32,0x2d,0x32,0x2e,0x31,0x30,0x35,0x31,0x39,0x2d,0x36,0x2e,0x33,
  0x34,0x31,0x31,0x31,0x2d,0x38,0x2e,0x37,0x38,0x35,0x32,0x38,0x2d,0x31,0x32,0x2e,
  0x39,0x36,0x36,0x32,0x33,0x2d,0x31,0x31,0x2e,0x35,0x30,0x38,0x37,0x39,0x2d,0x31,
  0x39,0x2e,0x30,0x36,0x37,0x33,0x38,0x2d,0x31,0x2e,0x38,0x35,0x30,0x36,0x35,0x2d,
  0x34,0x2e,0x31,0x34,0x35,0x37,0x39,0x2d,0x34,0x2e,0x39,0x33,0x37,0x32,0x2d,0x39,
  0x2e,0x39,0x36,0x31,0x36,0x37,0x2d,0x34,0x2e,0x34,0x32,0x33,0x38,0x32,0x2d,0x31,
  0x34,0x2e,0x34,0x37,0x32,0x36,0x35,0x2e,0x36,0x32,0x30,0x31,0x36,0x2d,0x35,0x2e,
  0x34,0x34,0x39,0x32,0x33,0x20,0x38,0x2e,0x33,0x32,0x32,0x31,0x2d,0x31,0x30,0x2e,
  0x34,0x31,0x31,0x32,0x35,0x20,0x39,0x2e,0x31,0x33,0x35,0x37,0x33,0x2d,0x31,0x35,
  0x2e,0x38,0x33,0x34,0x39,0x37,0x2e,0x39,0x33,0x37,0x39,0x39,0x2d,0x36,0x2e,0x32,
  0x35,0x32,0x36,0x37,0x2d,0x34,0x2e,0x31,0x34,0x34,0x35,0x39,0x2d,0x31,0x34,0x2e,
  0x32,0x34,0x34,0x38,0x35,0x2d,0x34,0x2e,0x37,0x31,0x31,0x39,0x31,0x2d,0x32,0x30,
  0x2e,0x35,0x34,0x31,0x39,0x38,0x2d,0x2e,0x32,0x36,0x37,0x31,0x2d,0x32,0x2e,0x39,
  0x36,0x34,0x37,0x35,0x2e,0x34,0x35,0x34,0x31,0x2d,0x39,0x2e,0x39,0x31,0x32,0x31,
  0x32,0x2e,0x34,0x35,0x34,0x31,0x2d,0x39,0x2e,0x39,0x31,0x32,0x31,0x32,0x22,0x20,
  0x66,0x69,0x6c,0x6c,0x3d,0x22,0x6e,0x6f,0x6e,0x65,0x22,0x20,0x73,0x74,0x72,0x6f,
  0x6b,0x65,0x3d,0x22,0x23,0x66,0x61,0x37,0x66,0x37,0x30,0x22,0x20,0x73,0x74,0x72,
  0x6f,0x6b,0x65,0x2d,0x6c,0x69,0x6e,0x65,0x63,0x61,0x70,0x3d,0x22,0x72,0x6f,0x75,
  0x6e,0x64,0x22,0x20,0x73,0x74,0x72,0x6f,0x6b,0x65,0x2d,0x6c,0x69,0x6e,0x65,0x6a,
  0x6f,0x69,0x6e,0x3d,0x22,0x72,0x6f,0x75,0x6e,0x64,0x22,0x20,0x73,0x74,0x72,0x6f,
  0x6b,0x65,0x2d,0x77,0x69,0x64,0x74,0x68,0x3d,0x22,0x32,0x2e,0x35,0x22,0x2f,0x3e,
  0xd,0xa,0x20,0x20,0x20,0x20,0x20,0x20,0x20,0x20,0x3c,0x70,0x61,0x74,0x68,0x20,
  0x64,0x3d,0x22,0x6d,0x36,0x39,0x34,0x2e,0x34,0x37,0x30,0x30,0x31,0x20,0x35,0x31,
  0x39,0x2e,0x37,0x32,0x30,0x32,0x32,0x20,0x31,0x33,0x2e,0x33,0x30,0x35,0x37,0x2d,
  0x2e,0x38,0x34,0x33,0x33,0x32,0x22,0x20,0x66,0x69,0x6c,0x6c,0x3d,0x22,0x6e,0x6f,
  0x6e,0x65,0x22,0x20,0x73,0x74,0x72,0x6f,0x6b,0x65,0x3d,0x22,0x23,0x66,0x61,0x37,
  0x66,0x37,0x30,0x22,0x20,0x73,0x74,0x72,0x6f,0x6b,0x65,0x2d,0x6c,0x69,0x6e,0x65,
  0x63,0x61,0x70,0x3d,0x22,0x72,0x6f,0x75,0x6e,0x64,0x22,0x20,0x73,0x74,0x72,0x6f,
  0x6b,0x65,0x2d,0x6c,0x69,0x6e,0x65,0x6a,0x6f,0x69,0x6e,0x3d,0x22,0x72,0x6f,0x75,
  0x6e,0x64,0x22,0x20,0x73,0x74,0x72,0x6f,0x6b,0x65,0x2d,0x77,0x69,0x64,0x74,0x68,
  0x3d,0x22,0x32,0x2e,0x35,0x22,0x2f,0x3e,0xd,0xa,0x20,0x20,0x20,0x20,0x20,0x20,
  0x20,0x20,0x3c,0x70,0x61,0x74,0x68,0x20,0x64,0x3d,0x22,0x6d,0x37,0x32,0x31,0x2e,
  0x30,0x37,0x31,0x36,0x31,0x20,0x33,0x35,0x38,0x2e,0x32,0x37,0x30,0x30,0x34,0x2d,
  0x2e,0x32,0x31,0x2d,0x33,0x2e,0x32,0x37,0x36,0x33,0x38,0x22,0x20,0x73,0x74,0x79,
  0x6c,0x65,0x3d,0x22,0x66,0x69,0x6c,0x6c,0x3a,0x6e,0x6f,0x6e,0x65,0x3b,0x73,0x74,
  0x72,0x6f,0x6b,0x65,0x3a,0x23,0x66,0x66,0x66,0x3b,0x73,0x74,0x72,0x6f,0x6b,0x65,
  0x2d,0x77,0x69,0x64,0x74,0x68,0x3a,0x37,0x2e,0x35,0x3b,0x73,0x74,0x72,0x6f,0x6b,
  0x65,0x2d,0x6c,0x69,0x6e,0x65,0x63,0x61,0x70,0x3a,0x72,0x6f,0x75,0x6e,0x64,0x3b,
  0x73,0x74,0x72,0x6f,0x6b,0x65,0x2d,0x6c,0x69,0x6e,0x65,0x6a,0x6f,0x69,0x6e,0x3a,
  0x72,0x6f,0x75,0x6e,0x64,0x3b,0x73,0x74,0x72,0x6f,0x6b,0x65,0x2d,0x6f,0x70,0x61,
  0x63,0x69,0x74,0x79,0x3a,0x2e,0x34,0x22,0x2f,0x3e,0xd,0xa,0x20,0x20,0x20,0x20,
  0x20,0x20,0x20,0x20,0x3c,0x70,0x61,0x74,0x68,0x20,0x64,0x3d,0x22,0x6d,0x37,0x32,
  0x31,0x2e,0x30,0x37,0x31,0x36,0x31,0x20,0x33,0x35,0x38,0x2e,0x32,0x37,0x30,0x30,
  0x34,0x2d,0x2e,0x32,0x31,0x2d,0x33,0x2e,0x32,0x37,0x36,0x33,0x38,0x22,0x20,0x73,
  0x74,0x79,0x6c,0x65,0x3d,0x22,0x66,0x69,0x6c,0x6c,0x3a,0x6e,0x6f,0x6e,0x65,0x3b,
  0x73,0x74,0x72,0x6f,0x6b,0x65,0x3a,0x23,0x66,0x61,0x37,0x66,0x37,0x30,0x3b,0x73,
  0x74,0x72,0x6f,0x6b,0x65,0x2d,0x77,0x69,0x64,0x74,0x68,0x3a,0x32,0x2e,0x35,0x3b,
  0x73,0x74,0x72,0x6f,0x6b,0x65,0x2d,0x6c,0x69,0x6e,0x65,0x63,0x61,0x70,0x3a,0x72,
  0x6f,0x75,0x6e,0x64,0x3b,0x73,0x74,0x72,0x6f,0x6b,0x65,0x2d,0x6c,0x69,0x6e,0x65,
  0x6a,0x6f,0x69,0x6e,0x3a,0x72,0x6f,0x75,0x6e,0x64,0x3b,0x73,0x74,0x72,0x6f,0x6b,
  0x65,0x2d,0x64,0x61,0x73,0x68,0x61,0x72,0x72,0x61,0x79,0x3a,0x31,0x2e,0x32,0x35,
  0x20,0x33,0x2e,0x37,0x35,0x22,0x2f,0x3e,0xd,0xa,0x20,0x20,0x20,0x20,0x20,0x20,
  0x20,0x20,0x3c,0x70,0x61,0x74,0x68,0x20,0x64,0x3d,0x22,0x6d,0x33,0x32,0x34,0x2e,
  0x37,0x36,0x32,0x39,0x37,0x20,0x38,0x35,0x35,0x2e,0x32,0x30,0x38,0x35,0x31,0x73,
  0x2d,0x38,0x2e,0x30,0x33,0x30,0x34,0x33,0x2d,0x31,0x34,0x2e,0x33,0x31,0x33,0x34,
  0x2d,0x31,0x30,0x2e,0x34,0x36,0x38,0x37,0x35,0x2d,0x32,0x30,0x2e,0x38,0x38,0x33,
  0x37,0x39,0x63,0x2d,0x2e,0x35,0x38,0x35,0x39,0x31,0x2d,0x31,0x2e,0x35,0x37,0x38,
  0x38,0x2d,0x2e,0x35,0x34,0x35,0x38,0x32,0x2d,0x33,0x2e,0x39,0x37,0x34,0x32,0x31,
  0x2d,0x31,0x2e,0x33,0x36,0x37,0x31,0x38,0x2d,0x35,0x2e,0x34,0x34,0x34,0x33,0x33,
  0x2d,0x31,0x2e,0x33,0x30,0x30,0x34,0x39,0x2d,0x32,0x2e,0x33,0x32,0x37,0x37,0x2d,
  0x34,0x2e,0x34,0x31,0x37,0x36,0x33,0x2d,0x34,0x2e,0x33,0x38,0x34,0x36,0x39,0x2d,
  0x36,0x2e,0x32,0x30,0x36,0x30,0x35,0x2d,0x36,0x2e,0x33,0x36,0x32,0x33,0x32,0x2d,
  0x32,0x2e,0x37,0x39,0x39,0x35,0x34,0x2d,0x33,0x2e,0x30,0x39,0x35,0x37,0x32,0x2d,
  0x36,0x2e,0x32,0x37,0x35,0x37,0x39,0x2d,0x37,0x2e,0x34,0x34,0x37,0x34,0x34,0x2d,
  0x38,0x2e,0x39,0x33,0x35,0x35,0x35,0x2d,0x31,0x30,0x2e,0x36,0x36,0x34,0x30,0x36,
  0x2d,0x34,0x2e,0x36,0x34,0x38,0x30,0x36,0x2d,0x35,0x2e,0x36,0x32,0x31,0x32,0x2d,
  0x31,0x30,0x2e,0x33,0x37,0x39,0x34,0x35,0x2d,0x31,0x33,0x2e,0x35,0x31,0x39,0x34,
  0x35,0x2d,0x31,0x35,0x2e,0x33,0x37,0x31,0x30,0x39,0x2d,0x31,0x38,0x2e,0x38,0x33,
  0x37,0x38,0x39,0x2d,0x33,0x2e,0x32,0x32,0x32,0x35,0x38,0x2d,0x33,0x2e,0x34,0x33,
  0x33,0x35,0x37,0x2d,0x37,0x2e,0x37,0x37,0x36,0x38,0x38,0x2d,0x37,0x2e,0x38,0x30,
  0x32,0x30,0x31,0x2d,0x31,0x31,0x2e,0x35,0x30,0x38,0x37,0x39,0x2d,0x31,0x30,0x2e,
  0x36,0x37,0x33,0x38,0x32,0x2d,0x31,0x2e,0x39,0x31,0x37,0x36,0x2d,0x31,0x2e,0x34,
  0x37,0x35,0x36,0x35,0x2d,0x35,0x2e,0x31,0x34,0x35,0x36,0x38,0x2d,0x32,0x2e,0x35,
  0x36,0x31,0x32,0x37,0x2d,0x36,0x2e,0x38,0x31,0x36,0x34,0x31,0x2d,0x34,0x2e,0x33,
  0x31,0x31,0x35,0x33,0x2d,0x34,0x2e,0x34,0x33,0x36,0x35,0x39,0x2d,0x34,0x2e,0x36,
  0x34,0x37,0x37,0x37,0x2d,0x37,0x2e,0x37,0x38,0x37,0x31,0x31,0x2d,0x31,0x32,0x2e,
  0x38,0x33,0x34,0x32,0x37,0x2d,0x31,0x30,0x2e,0x35,0x39,0x35,0x37,0x2d,0x31,0x38,
  0x2e,0x36,0x31,0x33,0x32,0x37,0x2d,0x31,0x2e,0x33,0x30,0x32,0x31,0x31,0x2d,0x32,
  0x2e,0x36,0x37,0x39,0x32,0x35,0x2d,0x32,0x2e,0x36,0x31,0x39,0x32,0x36,0x2d,0x36,
  0x2e,0x34,0x33,0x38,0x33,0x39,0x2d,0x33,0x2e,0x37,0x35,0x2d,0x39,0x2e,0x31,0x39,
  0x34,0x33,0x34,0x2d,0x32,0x2e,0x39,0x34,0x39,0x38,0x38,0x2d,0x37,0x2e,0x31,0x38,
  0x39,0x37,0x35,0x2d,0x36,0x2e,0x38,0x37,0x34,0x33,0x39,0x2d,0x31,0x36,0x2e,0x37,
  0x37,0x39,0x38,0x36,0x2d,0x39,0x2e,0x38,0x38,0x32,0x38,0x31,0x2d,0x32,0x33,0x2e,
  0x39,0x34,0x35,0x33,0x31,0x2d,0x32,0x2e,0x31,0x35,0x30,0x30,0x39,0x2d,0x35,0x2e,
  0x31,0x32,0x31,0x30,0x37,0x2d,0x35,0x2e,0x31,0x36,0x32,0x38,0x32,0x2d,0x31,0x31,
  0x2e,0x38,0x38,0x37,0x37,0x32,0x2d,0x37,0x2e,0x32,0x37,0x30,0x35,0x32,0x2d,0x31,
  0x37,0x2e,0x30,0x32,0x36,0x33,0x38,0x2d,0x31,0x2e,0x36,0x39,0x34,0x31,0x36,0x2d,
  0x34,0x2e,0x31,0x33,0x30,0x34,0x33,0x2d,0x33,0x2e,0x31,0x33,0x35,0x39,0x34,0x2d,
  0x31,0x30,0x2e,0x30,0x32,0x39,0x33,0x35,0x2d,0x35,0x2e,0x34,0x34,0x39,0x32,0x31,
  0x2d,0x31,0x33,0x2e,0x38,0x34,0x37,0x36,0x35,0x2d,0x31,0x2e,0x34,0x30,0x31,0x36,
  0x36,0x2d,0x32,0x2e,0x33,0x31,0x33,0x35,0x39,0x2d,0x34,0x2e,0x31,0x38,0x32,0x30,
  0x32,0x2d,0x34,0x2e,0x37,0x32,0x38,0x38,0x32,0x2d,0x35,0x2e,0x39,0x30,0x38,0x32,
  0x31,0x2d,0x36,0x2e,0x38,0x31,0x31,0x35,0x32,0x2d,0x2e,0x38,0x38,0x37,0x30,0x32,
  0x2d,0x31,0x2e,0x30,0x37,0x30,0x32,0x32,0x2d,0x32,0x2e,0x32,0x35,0x30,0x35,0x2d,
  0x32,0x2e,0x33,0x39,0x31,0x34,0x36,0x2d,0x32,0x2e,0x38,0x37,0x35,0x39,0x38,0x2d,
  0x33,0x2e,0x36,0x33,0x32,0x38,0x31,0x2d,0x31,0x2e,0x34,0x39,0x31,0x31,0x39,0x2d,
  0x32,0x2e,0x39,0x35,0x39,0x34,0x34,0x2d,0x31,0x2e,0x34,0x39,0x38,0x37,0x32,0x2d,
  0x37,0x2e,0x36,0x35,0x32,0x31,0x35,0x2d,0x32,0x2e,0x38,0x38,0x30,0x38,0x35,0x2d,
  0x31,0x30,0x2e,0x36,0x36,0x34,0x30,0x37,0x2d,0x31,0x2e,0x38,0x35,0x35,0x31,0x35,
  0x2d,0x34,0x2e,0x30,0x34,0x32,0x37,0x33,0x2d,0x38,0x2e,0x33,0x33,0x30,0x30,0x38,
  0x2d,0x31,0x32,0x2e,0x32,0x36,0x35,0x36,0x32,0x2d,0x38,0x2e,0x33,0x33,0x30,0x30,
  0x38,0x2d,0x31,0x32,0x2e,0x32,0x36,0x35,0x36,0x32,0x22,0x20,0x66,0x69,0x6c,0x6c,
  0x3d,0x22,0x6e,0x6f,0x6e,0x65,0x22,0x20,0x73,0x74,0x72,0x6f,0x6b,0x65,0x3d,0x22,
  0x23,0x66,0x61,0x37,0x66,0x37,0x30,0x22,0x20,0x73,0x74,0x72,0x6f,0x6b,0x65,0x2d,
  0x6c,0x69,0x6e,0x65,0x63,0x61,0x70,0x3d,0x22,0x72,0x6f,0x75,0x6e,0x64,0x22,0x20,
  0x73,0x74,0x72,0x6f,0x6b,0x65,0x2d,0x6c,0x69,0x6e,0x65,0x6a,0x6f,0x69,0x6e,0x3d,
  0x22,0x72,0x6f,0x75,0x6e,0x64,0x22,0x20,0x73,0x74,0x72,0x6f,0x6b,0x65,0x2d,0x77,
  0x69,0x64,0x74,0x68,0x3d,0x22,0x32,0x2e,0x35,0x22,0x2f,0x3e,0xd,0xa,0x20,0x20,
  0x20,0x20,0x20,0x20,0x20,0x20,0x3c,0x70,0x61,0x74,0x68,0x20,0x64,0x3d,0x22,0x6d,
  0x31,0x38,0x35,0x2e,0x36,0x34,0x31,0x38,0x39,0x20,0x35,0x32,0x30,0x2e,0x39,0x37,
  0x30,0x32,0x32,0x73,0x36,0x2e,0x33,0x37,0x35,0x32,0x33,0x20,0x38,0x2e,0x36,0x30,
  0x33,0x37,0x33,0x20,0x36,0x2e,0x39,0x30,0x34,0x33,0x20,0x31,0x32,0x2e,0x39,0x38,
  0x33,0x34,0x63,0x2e,0x31,0x32,0x37,0x39,0x35,0x20,0x31,0x2e,0x30,0x35,0x39,0x32,
  0x2d,0x31,0x2e,0x33,0x30,0x34,0x39,0x32,0x20,0x32,0x2e,0x34,0x37,0x31,0x32,0x35,
  0x2d,0x2e,0x38,0x37,0x34,0x30,0x33,0x20,0x33,0x2e,0x34,0x34,0x37,0x32,0x37,0x2e,
  0x34,0x33,0x35,0x33,0x39,0x2e,0x39,0x38,0x36,0x32,0x31,0x20,0x32,0x2e,0x31,0x30,
  0x37,0x39,0x33,0x20,0x31,0x2e,0x38,0x38,0x35,0x32,0x20,0x33,0x2e,0x31,0x36,0x38,
  0x39,0x34,0x20,0x31,0x2e,0x36,0x39,0x34,0x33,0x33,0x20,0x31,0x2e,0x30,0x36,0x30,
  0x31,0x39,0x2d,0x2e,0x31,0x39,0x30,0x37,0x32,0x20,0x32,0x2e,0x32,0x34,0x37,0x32,
  0x35,0x2d,0x31,0x2e,0x36,0x32,0x31,0x31,0x37,0x20,0x32,0x2e,0x33,0x37,0x37,0x39,
  0x34,0x2d,0x32,0x2e,0x36,0x39,0x30,0x34,0x32,0x2e,0x31,0x30,0x38,0x30,0x33,0x2d,
  0x2e,0x38,0x38,0x33,0x38,0x33,0x2d,0x2e,0x35,0x39,0x38,0x33,0x38,0x2d,0x32,0x2e,
  0x31,0x39,0x31,0x31,0x34,0x2d,0x31,0x2e,0x33,0x37,0x32,0x30,0x38,0x2d,0x32,0x2e,
  0x36,0x33,0x31,0x38,0x34,0x2d,0x2e,0x38,0x36,0x31,0x37,0x32,0x2d,0x2e,0x34,0x39,
  0x30,0x38,0x34,0x2d,0x33,0x2e,0x33,0x30,0x30,0x37,0x37,0x2e,0x31,0x38,0x30,0x36,
  0x36,0x2d,0x33,0x2e,0x33,0x30,0x30,0x37,0x37,0x2e,0x31,0x38,0x30,0x36,0x36,0x22,
  0x20,0x66,0x69,0x6c,0x6c,0x3d,0x22,0x6e,0x6f,0x6e,0x65,0x22,0x20,0x73,0x74,0x72,
  0x6f,0x6b,0x65,0x3d,0x22,0x23,0x66,0x61,0x37,0x66,0x37,0x30,0x22,0x20,0x73,0x74,
  0x72,0x6f,0x6b,0x65,0x2d,0x6c,0x69,0x6e,0x65,0x63,0x61,0x70,0x3d,0x22,0x72,0x6f,
  0x75,0x6e,0x64,0x22,0x20,0x73,0x74,0x72,0x6f,0x6b,0x65,0x2d,0x6c,0x69,0x6e,0x65,
  0x6a,0x6f,0x69,0x6e,0x3d,0x22,0x72,0x6f,0x75,0x6e,0x64,0x22,0x20,0x73,0x74,0x72,
  0x6f,0x6b,0x65,0x2d,0x77,0x69,0x64,0x74,0x68,0x3d,0x22,0x32,0x2e,0x35,0x22,0x2f,
  0x3e,0xd,0xa,0x20,0x20,0x20,0x20,0x20,0x20,0x20,0x20,0x3c,0x70,0x61,0x74,0x68,
  0x20,0x64,0x3d,0x22,0x6d,0x32,0x39,0x39,0x2e,0x38,0x31,0x31,0x38,0x31,0x20,0x37,
  0x38,0x36,0x2e,0x35,0x34,0x36,0x34,0x2d,0x38,0x2e,0x35,0x37,0x34,0x32,0x32,0x2d,
  0x37,0x2e,0x31,0x35,0x33,0x33,0x33,0x2d,0x38,0x2e,0x31,0x37,0x38,0x37,0x32,0x2d,
  0x36,0x2e,0x33,0x35,0x32,0x35,0x33,0x2d,0x38,0x2e,0x34,0x30,0x33,0x33,0x31,0x2d,
  0x35,0x2e,0x32,0x32,0x34,0x36,0x32,0x2d,0x38,0x2e,0x31,0x30,0x35,0x34,0x37,0x2d,
  0x35,0x2e,0x34,0x34,0x39,0x32,0x31,0x2d,0x35,0x2e,0x38,0x33,0x30,0x30,0x38,0x2d,
  0x33,0x2e,0x30,0x36,0x31,0x35,0x32,0x2d,0x35,0x2e,0x36,0x37,0x38,0x37,0x31,0x2d,
  0x32,0x2e,0x38,0x34,0x31,0x38,0x2d,0x35,0x2e,0x32,0x39,0x37,0x38,0x35,0x2d,0x36,
  0x2e,0x32,0x34,0x30,0x32,0x33,0x2d,0x37,0x2e,0x30,0x34,0x35,0x39,0x2d,0x37,0x2e,
  0x39,0x34,0x34,0x33,0x34,0x2d,0x37,0x2e,0x32,0x36,0x35,0x36,0x33,0x2d,0x35,0x2e,
  0x32,0x31,0x39,0x37,0x32,0x2d,0x31,0x37,0x2e,0x34,0x39,0x35,0x31,0x31,0x2d,0x31,
  0x34,0x2e,0x35,0x33,0x31,0x32,0x35,0x2d,0x32,0x2e,0x30,0x34,0x31,0x30,0x32,0x2d,
  0x33,0x2e,0x37,0x34,0x35,0x31,0x33,0x2d,0x36,0x2e,0x32,0x38,0x39,0x30,0x37,0x2d,
  0x35,0x2e,0x34,0x34,0x39,0x32,0x31,0x2d,0x35,0x2e,0x39,0x37,0x36,0x35,0x36,0x2d,
  0x31,0x31,0x2e,0x35,0x37,0x37,0x31,0x35,0x2d,0x31,0x2e,0x32,0x38,0x39,0x30,0x36,
  0x2d,0x35,0x2e,0x36,0x36,0x38,0x39,0x35,0x2d,0x32,0x2e,0x34,0x39,0x35,0x31,0x31,
  0x2d,0x34,0x2e,0x32,0x30,0x34,0x31,0x2d,0x35,0x2e,0x31,0x39,0x30,0x34,0x33,0x2d,
  0x36,0x2e,0x31,0x32,0x37,0x39,0x32,0x2d,0x37,0x2e,0x31,0x39,0x32,0x33,0x39,0x2d,
  0x34,0x2e,0x30,0x38,0x36,0x39,0x32,0x2d,0x36,0x2e,0x32,0x38,0x39,0x30,0x36,0x2d,
  0x34,0x2e,0x36,0x35,0x33,0x33,0x32,0x2d,0x31,0x36,0x2e,0x32,0x37,0x34,0x34,0x31,
  0x2d,0x31,0x30,0x2e,0x34,0x34,0x34,0x33,0x34,0x2d,0x31,0x32,0x2e,0x33,0x34,0x33,
  0x37,0x35,0x2d,0x39,0x2e,0x34,0x31,0x34,0x30,0x36,0x2d,0x35,0x2e,0x39,0x38,0x36,
  0x33,0x33,0x2d,0x35,0x2e,0x32,0x32,0x34,0x36,0x31,0x2d,0x36,0x2e,0x32,0x30,0x36,
  0x30,0x36,0x2d,0x34,0x2e,0x33,0x31,0x31,0x35,0x32,0x2d,0x35,0x2e,0x31,0x34,0x36,
  0x34,0x39,0x2d,0x32,0x2e,0x36,0x30,0x37,0x34,0x32,0x22,0x20,0x66,0x69,0x6c,0x6c,
  0x3d,0x22,0x6e,0x6f,0x6e,0x65,0x22,0x20,0x73,0x74,0x72,0x6f,0x6b,0x65,0x3d,0x22,
  0x23,0x66,0x61,0x37,0x66,0x37,0x30,0x22,0x20,0x73,0x74,0x72,0x6f,0x6b,0x65,0x2d,
  0x6c,0x69,0x6e,0x65,0x63,0x61,0x70,0x3d,0x22,0x72,0x6f,0x75,0x6e,0x64,0x22,0x20,
  0x73,0x74,0x72,0x6f,0x6b,0x65,0x2d,0x6c,0x69,0x6e,0x65,0x6a,0x6f,0x69,0x6e,0x3d,
  0x22,0x72,0x6f,0x75,0x6e,0x64,0x22,0x20,0x73,0x74,0x72,0x6f,0x6b,0x65,0x2d,0x77,
  0x69,0x64,0x74,0x68,0x3d,0x22,0x32,0x2e,0x35,0x22,0x2f,0x3e,0xd,0xa,0x20,0x20,
  0x20,0x20,0x20,0x20,0x20,0x20,0x3c,0x70,0x61,0x74,0x68,0x20,0x64,0x3d,0x22,0x6d,
  0x33,0x39,0x36,0x2e,0x36,0x34,0x32,0x38,0x36,0x20,0x31,0x30,0x31,0x35,0x2e,0x30,
  0x39,0x36,0x32,0x20,0x32,0x36,0x2e,0x31,0x39,0x36,0x32,0x39,0x2d,0x35,0x2e,0x34,
  0x37,0x38,0x35,0x20,0x32,0x33,0x2e,0x37,0x35,0x34,0x38,0x39,0x20,0x32,0x2e,0x37,
  0x34,0x34,0x31,0x22,0x20,0x66,0x69,0x6c,0x6c,0x3d,0x22,0x6e,0x6f,0x6e,0x65,0x22,
  0x20,0x73,0x74,0x72,0x6f,0x6b,0x65,0x3d,0x22,0x23,0x66,0x61,0x37,0x66,0x37,0x30,
  0x22,0x20,0x73,0x74,0x72,0x6f,0x6b,0x65,0x2d,0x6c,0x69,0x6e,0x65,0x63,0x61,0x70,
  0x3d,0x22,0x72,0x6f,0x75,0x6e,0x64,0x22,0x20,0x73,0x74,0x72,0x6f,0x6b,0x65,0x2d,
  0x6c,0x69,0x6e,0x65,0x6a,0x6f,0x69,0x6e,0x3d,0x22,0x72,0x6f,0x75,0x6e,0x64,0x22,
  0x20,0x73,0x74,0x72,0x6f,0x6b,0x65,0x2d,0x77,0x69,0x64,0x74,0x68,0x3d,0x22,0x32,
  0x2e,0x35,0x22,0x2f,0x3e,0xd,0xa,0x20,0x20,0x20,0x20,0x20,0x20,0x20,0x20,0x3c,
  0x70,0x61,0x74,0x68,0x20,0x64,0x3d,0x22,0x6d,0x32,0x31,0x31,0x2e,0x36,0x34,0x32,
  0x38,0x36,0x20,0x33,0x37,0x35,0x2e,0x38,0x33,0x33,0x35,0x31,0x73,0x2d,0x31,0x35,
  0x2e,0x37,0x36,0x30,0x35,0x37,0x2d,0x35,0x2e,0x35,0x33,0x38,0x30,0x39,0x2d,0x32,
  0x32,0x2e,0x37,0x34,0x34,0x31,0x34,0x2d,0x35,0x2e,0x31,0x33,0x36,0x37,0x32,0x63,
  0x2d,0x33,0x2e,0x38,0x36,0x36,0x31,0x36,0x2e,0x32,0x32,0x32,0x32,0x2d,0x38,0x2e,
  0x34,0x37,0x30,0x32,0x38,0x20,0x33,0x2e,0x31,0x36,0x35,0x32,0x35,0x2d,0x31,0x32,
  0x2e,0x31,0x38,0x32,0x36,0x32,0x20,0x34,0x2e,0x32,0x36,0x37,0x35,0x38,0x2d,0x34,
  0x2e,0x37,0x37,0x38,0x33,0x38,0x20,0x31,0x2e,0x34,0x31,0x38,0x38,0x38,0x2d,0x31,
  0x31,0x2e,0x32,0x30,0x35,0x39,0x38,0x20,0x34,0x2e,0x36,0x37,0x39,0x31,0x37,0x2d,
  0x31,0x36,0x2e,0x31,0x33,0x37,0x36,0x39,0x20,0x33,0x2e,0x39,0x35,0x35,0x30,0x38,
  0x2d,0x33,0x2e,0x35,0x36,0x33,0x34,0x2d,0x2e,0x35,0x32,0x33,0x31,0x39,0x2d,0x36,
  0x2e,0x37,0x34,0x37,0x32,0x31,0x2d,0x35,0x2e,0x39,0x36,0x35,0x30,0x39,0x2d,0x31,
  0x30,0x2e,0x33,0x34,0x36,0x36,0x39,0x2d,0x36,0x2e,0x30,0x38,0x38,0x38,0x38,0x2d,
  0x32,0x2e,0x36,0x35,0x34,0x32,0x2d,0x2e,0x30,0x39,0x31,0x32,0x38,0x2d,0x35,0x2e,
  0x33,0x32,0x31,0x31,0x33,0x20,0x33,0x2e,0x34,0x30,0x37,0x38,0x36,0x2d,0x37,0x2e,
  0x39,0x31,0x39,0x39,0x31,0x20,0x33,0x2e,0x39,0x35,0x35,0x30,0x39,0x2d,0x35,0x2e,
  0x35,0x34,0x37,0x39,0x37,0x20,0x31,0x2e,0x31,0x36,0x38,0x32,0x35,0x2d,0x31,0x33,
  0x2e,0x32,0x30,0x37,0x36,0x39,0x2d,0x2e,0x39,0x37,0x32,0x39,0x32,0x2d,0x31,0x38,
  0x2e,0x38,0x37,0x36,0x39,0x36,0x2d,0x2e,0x39,0x30,0x38,0x32,0x31,0x2d,0x33,0x2e,
  0x38,0x34,0x35,0x38,0x34,0x2e,0x30,0x34,0x33,0x38,0x39,0x2d,0x39,0x2e,0x31,0x33,
  0x30,0x32,0x2d,0x2e,0x32,0x38,0x30,0x32,0x2d,0x31,0x32,0x2e,0x37,0x38,0x38,0x30,
  0x38,0x2e,0x39,0x30,0x38,0x32,0x31,0x2d,0x37,0x2e,0x30,0x36,0x33,0x38,0x38,0x20,
  0x32,0x2e,0x32,0x39,0x34,0x39,0x39,0x2d,0x32,0x31,0x2e,0x30,0x31,0x30,0x37,0x34,
  0x36,0x20,0x31,0x33,0x2e,0x30,0x39,0x35,0x37,0x2d,0x32,0x31,0x2e,0x30,0x31,0x30,
  0x37,0x34,0x36,0x20,0x31,0x33,0x2e,0x30,0x39,0x35,0x37,0x22,0x20,0x66,0x69,0x6c,
  0x6c,0x3d,0x22,0x6e,0x6f,0x6e,0x65,0x22,0x20,0x73,0x74,0x72,0x6f,0x6b,0x65,0x3d,
  0x22,0x23,0x66,0x61,0x37,0x66,0x37,0x30,0x22,0x20,0x73,0x74,0x72,0x6f,0x6b,0x65,
  0x2d,0x6c,0x69,0x6e,0x65,0x63,0x61,0x70,0x3d,0x22,0x72,0x6f,0x75,0x6e,0x64,0x22,
  0x20,0x73,0x74,0x72,0x6f,0x6b,0x65,0x2d,0x6c,0x69,0x6e,0x65,0x6a,0x6f,0x69,0x6e,
  0x3d,0x22,0x72,0x6f,0x75,0x6e,0x64,0x22,0x20,0x73,0x74,0x72,0x6f,0x6b,0x65,0x2d,
  0x77,0x69,0x64,0x74,0x68,0x3d,0x22,0x32,0x2e,0x35,0x22,0x2f,0x3e,0xd,0xa,0x20,
  0x20,0x20,0x20,0x20,0x20,0x20,0x20,0x3c,0x70,0x61,0x74,0x68,0x20,0x64,0x3d,0x22,
  0x6d,0x36,0x31,0x38,0x2e,0x32,0x31,0x34,0x32,0x38,0x20,0x35,0x35,0x33,0x2e,0x36,
  0x30,0x34,0x32,0x37,0x73,0x38,0x2e,0x30,0x35,0x30,0x33,0x39,0x2d,0x33,0x34,0x2e,
  0x35,0x33,0x37,0x37,0x39,0x20,0x31,0x32,0x2e,0x38,0x35,0x37,0x31,0x34,0x2d,0x34,
  0x37,0x2e,0x34,0x39,0x39,0x39,0x39,0x63,0x34,0x2e,0x31,0x31,0x35,0x30,0x34,0x2d,
  0x31,0x31,0x2e,0x30,0x39,0x36,0x38,0x37,0x20,0x31,0x31,0x2e,0x31,0x31,0x32,0x37,
  0x2d,0x32,0x35,0x2e,0x33,0x39,0x33,0x34,0x20,0x31,0x37,0x2e,0x35,0x2d,0x33,0x35,
  0x2e,0x33,0x35,0x37,0x31,0x35,0x20,0x33,0x2e,0x31,0x32,0x34,0x36,0x2d,0x34,0x2e,
  0x38,0x37,0x34,0x31,0x35,0x20,0x31,0x32,0x2e,0x31,0x34,0x32,0x38,0x36,0x2d,0x31,
  0x35,0x20,0x31,0x32,0x2e,0x31,0x34,0x32,0x38,0x36,0x2d,0x31,0x35,0x22,0x20,0x66,
  0x69,0x6c,0x6c,0x3d,0x22,0x6e,0x6f,0x6e,0x65,0x22,0x20,0x73,0x74,0x72,0x6f,0x6b,
  0x65,0x3d,0x22,0x23,0x37,0x31,0x38,0x33,0x64,0x65,0x22,0x20,0x73,0x74,0x72,0x6f,
  0x6b,0x65,0x2d,0x77,0x69,0x64,0x74,0x68,0x3d,0x22,0x33,0x22,0x20,0x74,0x72,0x61,
  0x6e,0x73,0x66,0x6f,0x72,0x6d,0x3d,0x22,0x74,0x72,0x61,0x6e,0x73,0x6c,0x61,0x74,
  0x65,0x28,0x2d,0x31,0x32,0x33,0x2e,0x36,0x31,0x36,0x34,0x34,0x20,0x35,0x34,0x2e,
  0x33,0x31,0x30,0x30,0x37,0x29,0x22,0x2f,0x3e,0xd,0xa,0x20,0x20,0x20,0x20,0x20,
  0x20,0x20,0x20,0x3c,0x67,0x20,0x66,0x69,0x6c,0x6c,0x3d,0x22,0x6e,0x6f,0x6e,0x65,
  0x22,0x20,0x74,0x72,0x61,0x6e,0x73,0x66,0x6f,0x72,0x6d,0x3d,0x22,0x74,0x72,0x61,
  0x6e,0x73,0x6c,0x61,0x74,0x65,0x28,0x2d,0x34,0x32,0x2e,0x31,0x34,0x32,0x38,0x35,
  0x36,0x20,0x39,0x36,0x2e,0x32,0x34,0x39,0x39,0x39,0x32,0x29,0x22,0x3e,0xd,0xa,
  0x20,0x20,0x20,0x20,0x20,0x20,0x20,0x20,0x20,0x20,0x20,0x20,0x3c,0x70,0x61,0x74,
  0x68,0x20,0x64,0x3d,0x22,0x6d,0x35,0x37,0x36,0x2e,0x36,0x34,0x37,0x32,0x33,0x20,
  0x35,0x30,0x31,0x2e,0x36,0x35,0x31,0x37,0x39,0x20,0x39,0x2e,0x34,0x37,0x32,0x36,
  0x36,0x2d,0x2e,0x33,0x33,0x32,0x30,0x32,0x22,0x20,0x73,0x74,0x72,0x6f,0x6b,0x65,
  0x3d,0x22,0x23,0x30,0x30,0x30,0x22,0x20,0x73,0x74,0x72,0x6f,0x6b,0x65,0x2d,0x77,
  0x69,0x64,0x74,0x68,0x3d,0x22,0x37,0x2e,0x35,0x22,0x2f,0x3e,0xd,0xa,0x20,0x20,
  0x20,0x20,0x20,0x20,0x20,0x20,0x20,0x20,0x20,0x20,0x3c,0x70,0x61,0x74,0x68,0x20,
  0x64,0x3d,0x22,0x6d,0x35,0x37,0x36,0x2e,0x36,0x34,0x37,0x32,0x33,0x20,0x35,0x30,
  0x31,0x2e,0x36,0x35,0x31,0x37,0x38,0x20,0x39,0x2e,0x34,0x37,0x32,0x36,0x36,0x2d,
  0x2e,0x33,0x33,0x32,0x30,0x32,0x22,0x20,0x73,0x74,0x72,0x6f,0x6b,0x65,0x3d,0x22,
  0x23,0x66,0x66,0x66,0x22,0x20,0x73,0x74,0x72,0x6f,0x6b,0x65,0x2d,0x6c,0x69,0x6e,
  0x65,0x63,0x61,0x70,0x3d,0x22,0x72,0x6f,0x75,0x6e,0x64,0x22,0x20,0x73,0x74,0x72,
  0x6f,0x6b,0x65,0x2d,0x6c,0x69,0x6e,0x65,0x6a,0x6f,0x69,0x6e,0x3d,0x22,0x72,0x6f,
  0x75,0x6e,0x64,0x22,0x20,0x73,0x74,0x72,0x6f,0x6b,0x65,0x2d,0x77,0x69,0x64,0x74,
  0x68,0x3d,0x22,0x35,0x2e,0x36,0x32,0x35,0x22,0x2f,0x3e,0xd,0xa,0x20,0x20,0x20,
  0x20,0x20,0x20,0x20,0x20,0x3c,0x2f,0x67,0x3e,0xd,0xa,0x20,0x20,0x20,0x20,0x20,
  0x20,0x20,0x20,0x3c,0x67,0x20,0x66,0x69,0x6c,0x6c,0x3d,0x22,0x6e,0x6f,0x6e,0x65,
  0x22,0x20,0x74,0x72,0x61,0x6e,0x73,0x66,0x6f,0x72,0x6d,0x3d,0x22,0x6d,0x61,0x74,
  0x72,0x69,0x78,0x28,0x2d,0x2e,0x30,0x34,0x35,0x36,0x36,0x39,0x36,0x38,0x20,0x2e,
  0x39,0x39,0x38,0x39,0x35,0x36,0x36,0x20,0x2d,0x2e,0x39,0x39,0x38,0x39,0x35,0x36,
  0x36,0x20,0x2d,0x2e,0x30,0x34,0x35,0x36,0x36,0x39,0x36,0x38,0x20,0x31,0x31,0x39,
  0x34,0x2e,0x38,0x34,0x37,0x31,0x20,0x2d,0x34,0x32,0x2e,0x39,0x36,0x39,0x34,0x36,
  0x32,0x29,0x22,0x3e,0xd,0xa,0x20,0x20,0x20,0x20,0x20,0x20,0x20,0x20,0x20,0x20,
  0x20,0x20,0x3c,0x70,0x61,0x74,0x68,0x20,0x64,0x3d,0x22,0x6d,0x35,0x37,0x36,0x2e,
  0x36,0x34,0x37,0x32,0x33,0x20,0x35,0x30,0x31,0x2e,0x36,0x35,0x31,0x37,0x39,0x20,
  0x39,0x2e,0x34,0x37,0x32,0x36,0x36,0x2d,0x2e,0x33,0x33,0x32,0x30,0x32,0x22,0x20,
  0x73,0x74,0x72,0x6f,0x6b,0x65,0x3d,0x22,0x23,0x30,0x30,0x30,0x22,0x20,0x73,0x74,
  0x72,0x6f,0x6b,0x65,0x2d,0x77,0x69,0x64,0x74,0x68,0x3d,0x22,0x37,0x2e,0x35,0x22,
  0x2f,0x3e,0xd,0xa,0x20,0x20,0x20,0x20,0x20,0x20,0x20,0x20,0x20,0x20,0x20,0x20,
  0x3c,0x70,0x61,0x74,0x68,0x20,0x64,0x3d,0x22,0x6d,0x35,0x37,0x36,0x2e,0x36,0x34,
  0x37,0x32,0x33,0x20,0x35,0x30,0x31,0x2e,0x36,0x35,0x31,0x37,0x38,0x20,0x39,0x2e,
  0x34,0x37,0x32,0x36,0x36,0x2d,0x2e,0x33,0x33,0x32,0x30,0x32,0x22,0x20,0x73,0x74,
  0x72,0x6f,0x6b,0x65,0x3d,0x22,0x23,0x66,0x66,0x66,0x22,0x20,0x73,0x74,0x72,0x6f,
  0x6b,0x65,0x2d,0x6c,0x69,0x6e,0x65,0x63,0x61,0x70,0x3d,0x22,0x72,0x6f,0x75,0x6e,
  0x64,0x22,0x20,0x73,0x74,0x72,0x6f,0x6b,0x65,0x2d,0x6c,0x69,0x6e,0x65,0x6a,0x6f,
  0x69,0x6e,0x3d,0x22,0x72,0x6f,0x75,0x6e,0x64,0x22,0x20,0x73,0x74,0x72,0x6f,0x6b,
  0x65,0x2d,0x77,0x69,0x64,0x74,0x68,0x3d,0x22,0x35,0x2e,0x36,0x32,0x35,0x22,0x2f,
  0x3e,0xd,0xa,0x20,0x20,0x20,0x20,0x20,0x20,0x20,0x20,0x3c,0x2f,0x67,0x3e,0xd,
  0xa,0x20,0x20,0x20,0x20,0x20,0x20,0x20,0x20,0x3c,0x67,0x20,0x66,0x69,0x6c,0x6c,
  0x3d,0x22,0x6e,0x6f,0x6e,0x65,0x22,0x20,0x74,0x72,0x61,0x6e,0x73,0x66,0x6f,0x72,
  0x6d,0x3d,0x22,0x6d,0x61,0x74,0x72,0x69,0x78,0x28,0x2e,0x36,0x39,0x39,0x35,0x39,
  0x20,0x2e,0x37,0x31,0x34,0x35,0x34,0x34,0x35,0x20,0x2d,0x2e,0x37,0x31,0x34,0x35,
  0x34,0x34,0x35,0x20,0x2e,0x36,0x39,0x39,0x35,0x39,0x20,0x34,0x36,0x38,0x2e,0x30,
  0x30,0x35,0x36,0x33,0x20,0x2d,0x32,0x32,0x34,0x2e,0x35,0x33,0x34,0x32,0x37,0x29,
  0x22,0x3e,0xd,0xa,0x20,0x20,0x20,0x20,0x20,0x20,0x20,0x20,0x20,0x20,0x20,0x20,
  0x3c,0x70,0x61,0x74,0x68,0x20,0x64,0x3d,0x22,0x6d,0x35,0x37,0x36,0x2e,0x36,0x34,
  0x37,0x32,0x33,0x20,0x35,0x30,0x31,0x2e,0x36,0x35,0x31,0x37,0x39,0x20,0x39,0x2e,
  0x34,0x37,0x32,0x36,0x36,0x2d,0x2e,0x33,0x33,0x32,0x30,0x32,0x22,0x20,0x73,0x74,
  0x72,0x6f,0x6b,0x65,0x3d,0x22,0x23,0x30,0x30,0x30,0x22,0x20,0x73,0x74,0x72,0x6f,
  0x6b,0x65,0x2d,0x77,0x69,0x64,0x74,0x68,0x3d,0x22,0x37,0x2e,0x35,0x22,0x2f,0x3e,
  0xd,0xa,0x20,0x20,0x20,0x20,0x20,0x20,0x20,0x20,0x20,0x20,0x20,0x20,0x3c,0x70,
  0x61,0x74,0x68,0x20,0x64,0x3d,0x22,0x6d,0x35,0x37,0x36,0x2e,0x36,0x34,0x37,0x32,
  0x33,0x20,0x35,0x30,0x31,0x2e,0x36,0x35,0x31,0x37,0x38,0x20,0x39,0x2e,0x34,0x37,
  0x32,0x36,0x36,0x2d,0x2e,0x33,0x33,0x32,0x30,0x32,0x22,0x20,0x73,0x74,0x72,0x6f,
  0x6b,0x65,0x3d,0x22,0x23,0x66,0x66,0x66,0x22,0x20,0x73,0x74,0x72,0x6f,0x6b,0x65,
  0x2d,0x6c,0x69,0x6e,0x65,0x63,0x61,0x70,0x3d,0x22,0x72,0x6f,0x75,0x6e,0x64,0x22,
  0x20,0x73,0x74,0x72,0x6f,0x6b,0x65,0x2d,0x6c,0x69,0x6e,0x65,0x6a,0x6f,0x69,0x6e,
  0x3d,0x22,0x72,0x6f,0x75,0x6e,0x64,0x22,0x20,0x73,0x74,0x72,0x6f,0x6b,0x65,0x2d,
  0x77,0x69,0x64,0x74,0x68,0x3d,0x22,0x35,0x2e,0x36,0x32,0x35,0x22,0x2f,0x3e,0xd,
  0xa,0x20,0x20,0x20,0x20,0x20,0x20,0x20,0x20,0x3c,0x2f,0x67,0x3e,0xd,0xa,0x20,
  0x20,0x20,0x20,0x20,0x20,0x20,0x20,0x3c,0x70,0x61,0x74,0x68,0x20,0x64,0x3d,0x22,
  0x6d,0x33,0x36,0x36,0x2e,0x39,0x39,0x34,0x34,0x32,0x20,0x36,0x30,0x39,0x2e,0x35,
  0x37,0x33,0x37,0x35,0x73,0x36,0x31,0x2e,0x37,0x39,0x36,0x33,0x31,0x2d,0x35,0x2e,
  0x31,0x33,0x33,0x31,0x38,0x20,0x38,0x38,0x2e,0x33,0x33,0x34,0x39,0x37,0x2d,0x36,
  0x2e,0x34,0x34,0x30,0x34,0x34,0x63,0x32,0x38,0x2e,0x30,0x39,0x30,0x38,0x31,0x2d,
  0x31,0x2e,0x33,0x38,0x33,0x37,0x31,0x20,0x37,0x39,0x2e,0x32,0x38,0x38,0x36,0x35,
  0x2d,0x35,0x2e,0x30,0x38,0x30,0x35,0x36,0x20,0x39,0x36,0x2e,0x32,0x31,0x38,0x37,
  0x31,0x2d,0x35,0x2e,0x36,0x31,0x39,0x33,0x36,0x20,0x32,0x2e,0x33,0x39,0x39,0x33,
  0x35,0x2d,0x2e,0x30,0x37,0x35,0x35,0x36,0x20,0x33,0x2e,0x36,0x33,0x37,0x34,0x36,
  0x2d,0x31,0x2e,0x30,0x35,0x30,0x39,0x39,0x20,0x35,0x2e,0x39,0x33,0x31,0x31,0x33,
  0x2d,0x31,0x2e,0x37,0x35,0x39,0x32,0x37,0x20,0x35,0x2e,0x31,0x32,0x34,0x32,0x34,
  0x2d,0x31,0x2e,0x35,0x38,0x32,0x33,0x35,0x20,0x31,0x30,0x2e,0x38,0x37,0x31,0x39,
  0x32,0x2d,0x32,0x2e,0x32,0x36,0x35,0x36,0x20,0x31,0x36,0x2e,0x31,0x38,0x39,0x39,
  0x39,0x2d,0x32,0x2e,0x39,0x35,0x38,0x32,0x38,0x20,0x33,0x2e,0x39,0x38,0x31,0x37,
  0x34,0x2d,0x2e,0x35,0x31,0x38,0x36,0x32,0x20,0x39,0x2e,0x33,0x35,0x30,0x32,0x34,
  0x20,0x31,0x2e,0x33,0x32,0x34,0x38,0x34,0x20,0x31,0x33,0x2e,0x33,0x34,0x39,0x36,
  0x32,0x2e,0x39,0x36,0x36,0x38,0x20,0x35,0x2e,0x30,0x34,0x38,0x36,0x33,0x2d,0x2e,
  0x34,0x35,0x31,0x39,0x37,0x20,0x31,0x31,0x2e,0x35,0x35,0x32,0x37,0x36,0x2d,0x32,
  0x2e,0x36,0x30,0x38,0x36,0x39,0x20,0x31,0x36,0x2e,0x33,0x36,0x37,0x31,0x38,0x2d,
  0x34,0x2e,0x31,0x39,0x34,0x33,0x34,0x20,0x33,0x2e,0x31,0x37,0x38,0x36,0x37,0x2d,
  0x31,0x2e,0x30,0x34,0x36,0x39,0x31,0x20,0x37,0x2e,0x32,0x33,0x33,0x33,0x37,0x2d,
  0x32,0x2e,0x39,0x34,0x32,0x31,0x35,0x20,0x31,0x30,0x2e,0x33,0x33,0x36,0x39,0x32,
  0x2d,0x34,0x2e,0x31,0x39,0x34,0x33,0x34,0x20,0x39,0x2e,0x31,0x36,0x38,0x35,0x32,
  0x2d,0x33,0x2e,0x36,0x39,0x39,0x32,0x32,0x20,0x32,0x32,0x2e,0x33,0x32,0x32,0x33,
  0x36,0x2d,0x36,0x2e,0x38,0x34,0x32,0x39,0x31,0x20,0x33,0x30,0x2e,0x35,0x38,0x35,
  0x39,0x37,0x2d,0x31,0x32,0x2e,0x32,0x37,0x30,0x35,0x31,0x20,0x34,0x2e,0x34,0x38,
  0x34,0x36,0x36,0x2d,0x32,0x2e,0x39,0x34,0x35,0x35,0x36,0x20,0x39,0x2e,0x33,0x36,
  0x31,0x38,0x34,0x2d,0x38,0x2e,0x33,0x39,0x31,0x32,0x36,0x20,0x31,0x32,0x2e,0x37,
  0x30,0x35,0x2d,0x31,0x32,0x2e,0x35,0x38,0x37,0x38,0x39,0x20,0x33,0x2e,0x30,0x35,
  0x33,0x37,0x39,0x2d,0x33,0x2e,0x38,0x33,0x33,0x33,0x38,0x20,0x36,0x2e,0x38,0x30,
  0x32,0x30,0x33,0x2d,0x39,0x2e,0x33,0x32,0x37,0x37,0x33,0x20,0x38,0x2e,0x36,0x31,
  0x33,0x33,0x2d,0x31,0x33,0x2e,0x38,0x38,0x31,0x38,0x33,0x20,0x31,0x2e,0x31,0x32,
  0x33,0x39,0x31,0x2d,0x32,0x2e,0x38,0x32,0x35,0x38,0x37,0x20,0x31,0x2e,0x37,0x38,
  0x34,0x31,0x39,0x2d,0x36,0x2e,0x39,0x30,0x30,0x35,0x32,0x20,0x32,0x2e,0x30,0x33,
  0x31,0x33,0x2d,0x39,0x2e,0x39,0x33,0x31,0x36,0x34,0x2e,0x33,0x35,0x39,0x37,0x34,
  0x2d,0x34,0x2e,0x34,0x31,0x32,0x35,0x37,0x2d,0x2e,0x35,0x35,0x32,0x30,0x34,0x2d,
  0x31,0x30,0x2e,0x33,0x31,0x38,0x39,0x36,0x2d,0x2e,0x35,0x37,0x36,0x32,0x2d,0x31,
  0x34,0x2e,0x37,0x34,0x36,0x31,0x2d,0x2e,0x30,0x32,0x36,0x34,0x33,0x2d,0x34,0x2e,
  0x38,0x34,0x31,0x39,0x32,0x2e,0x35,0x31,0x39,0x37,0x32,0x2d,0x31,0x31,0x2e,0x32,
  0x39,0x32,0x30,0x33,0x2e,0x34,0x35,0x34,0x31,0x2d,0x31,0x36,0x2e,0x31,0x33,0x33,
  0x35,0x37,0x2d,0x2e,0x31,0x36,0x34,0x36,0x37,0x2d,0x31,0x32,0x2e,0x31,0x34,0x39,
  0x30,0x33,0x2d,0x2e,0x32,0x31,0x38,0x37,0x31,0x2d,0x32,0x36,0x2e,0x38,0x31,0x39,
  0x32,0x31,0x2d,0x2e,0x32,0x31,0x35,0x39,0x39,0x2d,0x34,0x30,0x2e,0x34,0x33,0x38,
  0x36,0x39,0x2e,0x30,0x30,0x30,0x32,0x32,0x2d,0x31,0x2e,0x31,0x31,0x39,0x39,0x38,
  0x2d,0x35,0x2e,0x37,0x34,0x35,0x39,0x31,0x2e,0x32,0x33,0x39,0x32,0x36,0x2d,0x35,
  0x2e,0x37,0x34,0x35,0x39,0x31,0x2e,0x32,0x33,0x39,0x32,0x36,0x22,0x20,0x66,0x69,
  0x6c,0x6c,0x3d,0x22,0x6e,0x6f,0x6e,0x65,0x22,0x20,0x73,0x74,0x72,0x6f,0x6b,0x65,
  0x3d,0x22,0x23,0x66,0x61,0x37,0x66,0x37,0x30,0x22,0x20,0x73,0x74,0x72,0x6f,0x6b,
  0x65,0x2d,0x6c,0x69,0x6e,0x65,0x63,0x61,0x70,0x3d,0x22,0x72,0x6f,0x75,0x6e,0x64,
  0x22,0x20,0x73,0x74,0x72,0x6f,0x6b,0x65,0x2d,0x6c,0x69,0x6e,0x65,0x6a,0x6f,0x69,
  0x6e,0x3d,0x22,0x72,0x6f,0x75,0x6e,0x64,0x22,0x20,0x73,0x74,0x72,0x6f,0x6b,0x65,
  0x2d,0x77,0x69,0x64,0x74,0x68,0x3d,0x22,0x32,0x2e,0x35,0x22,0x2f,0x3e,0xd,0xa,
  0x20,0x20,0x20,0x20,0x20,0x20,0x20,0x20,0x3c,0x67,0x20,0x66,0x69,0x6c,0x6c,0x3d,
  0x22,0x6e,0x6f,0x6e,0x65,0x22,0x20,0x74,0x72,0x61,0x6e,0x73,0x66,0x6f,0x72,0x6d,
  0x3d,0x22,0x6d,0x61,0x74,0x72,0x69,0x78,0x28,0x2d,0x2e,0x31,0x38,0x36,0x30,0x38,
  0x33,0x38,0x20,0x2e,0x39,0x38,0x32,0x35,0x33,0x33,0x39,0x20,0x2d,0x2e,0x39,0x38,
  0x32,0x35,0x33,0x33,0x39,0x20,0x2d,0x2e,0x31,0x38,0x36,0x30,0x38,0x33,0x38,0x20,
  0x37,0x33,0x39,0x2e,0x32,0x39,0x36,0x33,0x38,0x20,0x31,0x35,0x32,0x2e,0x33,0x36,
  0x30,0x38,0x32,0x29,0x22,0x3e,0xd,0xa,0x20,0x20,0x20,0x20,0x20,0x20,0x20,0x20,
  0x20,0x20,0x20,0x20,0x3c,0x70,0x61,0x74,0x68,0x20,0x64,0x3d,0x22,0x6d,0x35,0x37,
  0x36,0x2e,0x36,0x34,0x37,0x32,0x33,0x20,0x35,0x30,0x31,0x2e,0x36,0x35,0x31,0x37,
  0x39,0x20,0x39,0x2e,0x34,0x37,0x32,0x36,0x36,0x2d,0x2e,0x33,0x33,0x32,0x30,0x32,
  0x22,0x20,0x73,0x74,0x72,0x6f,0x6b,0x65,0x3d,0x22,0x23,0x30,0x30,0x30,0x22,0x20,
  0x73,0x74,0x72,0x6f,0x6b,0x65,0x2d,0x77,0x69,0x64,0x74,0x68,0x3d,0x22,0x37,0x2e,
  0x35,0x22,0x2f,0x3e,0xd,0xa,0x20,0x20,0x20,0x20,0x20,0x20,0x20,0x20,0x20,0x20,
  0x20,0x20,0x3c,0x70,0x61,0x74,0x68,0x20,0x64,0x3d,0x22,0x6d,0x35,0x37,0x36,0x2e,
  0x36,0x34,0x37,0x32,0x33,0x20,0x35,0x30,0x31,0x2e,0x36,0x35,0x31,0x37,0x38,0x20,
  0x39,0x2e,0x34,0x37,0x32,0x36,0x36,0x2d,0x2e,0x33,0x33,0x32,0x30,0x32,0x22,0x20,
  0x73,0x74,0x72,0x6f,0x6b,0x65,0x3d,0x22,0x23,0x66,0x66,0x66,0x22,0x20,0x73,0x74,
  0x72,0x6f,0x6b,0x65,0x2d,0x6c,0x69,0x6e,0x65,0x63,0x61,0x70,0x3d,0x22,0x72,0x6f,
  0x75,0x6e,0x64,0x22,0x20,0x73,0x74,0x72,0x6f,0x6b,0x65,0x2d,0x6c,0x69,0x6e,0x65,
  0x6a,0x6f,0x69,0x6e,0x3d,0x22,0x72,0x6f,0x75,0x6e,0x64,0x22,0x20,0x73,0x74,0x72,
  0x6f,0x6b,0x65,0x2d,0x77,0x69,0x64,0x74,0x68,0x3d,0x22,0x35,0x2e,0x36,0x32,0x35,
  0x22,0x2f,0x3e,0xd,0xa,0x20,0x20,0x20,0x20,0x20,0x20,0x20,0x20,0x3c,0x2f,0x67,
  0x3e,0xd,0xa,0x20,0x20,0x20,0x20,0x20,0x20,0x20,0x20,0x3c,0x70,0x61,0x74,0x68,
  0x20,0x64,0x3d,0x22,0x6d,0x33,0x30,0x31,0x2e,0x31,0x30,0x35,0x37,0x35,0x20,0x35,
  0x38,0x2e,0x30,0x36,0x30,0x30,0x37,0x20,0x32,0x31,0x34,0x2e,0x37,0x33,0x36,0x33,
  0x32,0x20,0x32,0x30,0x39,0x2e,0x38,0x37,0x33,0x30,0x35,0x20,0x31,0x30,0x2e,0x30,
  0x35,0x38,0x36,0x20,0x34,0x30,0x2e,0x34,0x31,0x35,0x30,0x34,0x20,0x36,0x33,0x2e,
  0x34,0x31,0x37,0x39,0x38,0x2d,0x32,0x31,0x2e,0x35,0x34,0x37,0x38,0x36,0x22,0x20,
  0x66,0x69,0x6c,0x6c,0x3d,0x22,0x6e,0x6f,0x6e,0x65,0x22,0x20,0x73,0x74,0x72,0x6f,
  0x6b,0x65,0x3d,0x22,0x23,0x66,0x61,0x37,0x66,0x37,0x30,0x22,0x20,0x73,0x74,0x72,
  0x6f,0x6b,0x65,0x2d,0x6c,0x69,0x6e,0x65,0x63,0x61,0x70,0x3d,0x22,0x72,0x6f,0x75,
  0x6e,0x64,0x22,0x20,0x73,0x74,0x72,0x6f,0x6b,0x65,0x2d,0x6c,0x69,0x6e,0x65,0x6a,
  0x6f,0x69,0x6e,0x3d,0x22,0x72,0x6f,0x75,0x6e,0x64,0x22,0x20,0x73,0x74,0x72,0x6f,
  0x6b,0x65,0x2d,0x77,0x69,0x64,0x74,0x68,0x3d,0x22,0x32,0x2e,0x35,0x22,0x2f,0x3e,
  0xd,0xa,0x20,0x20,0x20,0x20,0x20,0x20,0x20,0x20,0x3c,0x70,0x61,0x74,0x68,0x20,
  0x64,0x3d,0x22,0x6d,0x33,0x30,0x35,0x2e,0x39,0x30,0x32,0x37,0x32,0x20,0x32,0x39,
  0x30,0x2e,0x31,0x34,0x31,0x37,0x63,0x2d,0x32,0x35,0x2e,0x39,0x33,0x33,0x37,0x31,
  0x2d,0x32,0x38,0x2e,0x35,0x39,0x32,0x35,0x39,0x2d,0x31,0x39,0x2e,0x36,0x39,0x33,
  0x33,0x32,0x2d,0x33,0x38,0x2e,0x38,0x34,0x34,0x36,0x38,0x2d,0x31,0x31,0x2e,0x30,
  0x31,0x36,0x36,0x36,0x2d,0x37,0x31,0x2e,0x32,0x38,0x37,0x37,0x33,0x20,0x33,0x2e,
  0x37,0x39,0x38,0x33,0x31,0x2d,0x31,0x34,0x2e,0x32,0x30,0x32,0x33,0x33,0x20,0x32,
  0x2e,0x36,0x31,0x36,0x32,0x38,0x2d,0x34,0x34,0x2e,0x36,0x36,0x31,0x32,0x33,0x2d,
  0x34,0x2e,0x38,0x30,0x35,0x33,0x33,0x2d,0x36,0x36,0x2e,0x31,0x35,0x30,0x30,0x36,
  0x2d,0x36,0x2e,0x30,0x37,0x35,0x32,0x33,0x2d,0x31,0x37,0x2e,0x35,0x39,0x30,0x34,
  0x34,0x2d,0x35,0x2e,0x39,0x36,0x31,0x33,0x33,0x2d,0x34,0x35,0x2e,0x33,0x31,0x36,
  0x33,0x32,0x2d,0x36,0x2e,0x30,0x36,0x32,0x32,0x37,0x2d,0x34,0x39,0x2e,0x38,0x37,
  0x37,0x35,0x33,0x22,0x20,0x66,0x69,0x6c,0x6c,0x3d,0x22,0x6e,0x6f,0x6e,0x65,0x22,
  0x20,0x73,0x74,0x72,0x6f,0x6b,0x65,0x3d,0x22,0x23,0x37,0x31,0x38,0x33,0x64,0x65,
  0x22,0x2f,0x3e,0xd,0xa,0x20,0x20,0x20,0x20,0x20,0x20,0x20,0x20,0x3c,0x70,0x61,
  0x74,0x68,0x20,0x64,0x3d,0x22,0x6d,0x33,0x33,0x30,0x2e,0x34,0x31,0x31,0x38,0x38,
  0x20,0x33,0x36,0x35,0x2e,0x33,0x33,0x38,0x33,0x38,0x73,0x2d,0x31,0x35,0x2e,0x34,
  0x34,0x30,0x37,0x38,0x2d,0x33,0x39,0x2e,0x34,0x37,0x33,0x39,0x33,0x2d,0x31,0x37,
  0x2e,0x34,0x34,0x37,0x34,0x34,0x2d,0x35,0x31,0x2e,0x35,0x34,0x30,0x36,0x63,0x2d,
  0x31,0x2e,0x31,0x35,0x37,0x36,0x36,0x2d,0x36,0x2e,0x39,0x36,0x31,0x33,0x38,0x20,
  0x31,0x2e,0x38,0x33,0x33,0x34,0x34,0x2d,0x39,0x2e,0x37,0x35,0x39,0x35,0x36,0x2d,
  0x37,0x2e,0x31,0x32,0x36,0x36,0x39,0x2d,0x32,0x33,0x2e,0x33,0x35,0x37,0x30,0x39,
  0x22,0x20,0x66,0x69,0x6c,0x6c,0x3d,0x22,0x6e,0x6f,0x6e,0x65,0x22,0x20,0x73,0x74,
  0x72,0x6f,0x6b,0x65,0x3d,0x22,0x23,0x37,0x31,0x38,0x33,0x64,0x65,0x22,0x20,0x73,
  0x74,0x72,0x6f,0x6b,0x65,0x2d,0x77,0x69,0x64,0x74,0x68,0x3d,0x22,0x34,0x22,0x2f,
  0x3e,0xd,0xa,0x20,0x20,0x20,0x20,0x20,0x20,0x20,0x20,0x3c,0x70,0x61,0x74,0x68,
  0x20,0x64,0x3d,0x22,0x6d,0x32,0x38,0x38,0x2e,0x39,0x39,0x35,0x36,0x32,0x20,0x38,
  0x36,0x2e,0x35,0x33,0x36,0x32,0x37,0x36,0x63,0x33,0x2e,0x39,0x33,0x34,0x34,0x36,
  0x2d,0x39,0x2e,0x37,0x31,0x31,0x37,0x37,0x35,0x2d,0x31,0x2e,0x31,0x33,0x31,0x30,
  0x37,0x2d,0x32,0x31,0x2e,0x36,0x34,0x30,0x32,0x32,0x33,0x2d,0x31,0x2e,0x39,0x34,
  0x36,0x37,0x31,0x2d,0x33,0x34,0x2e,0x32,0x31,0x37,0x35,0x32,0x37,0x22,0x20,0x66,
  0x69,0x6c,0x6c,0x3d,0x22,0x6e,0x6f,0x6e,0x65,0x22,0x20,0x73,0x74,0x72,0x6f,0x6b,
  0x65,0x3d,0x22,0x23,0x37,0x31,0x38,0x33,0x64,0x65,0x22,0x20,0x73,0x74,0x72,0x6f,
  0x6b,0x65,0x2d,0x77,0x69,0x64,0x74,0x68,0x3d,0x22,0x32,0x22,0x2f,0x3e,0xd,0xa,
  0x20,0x20,0x20,0x20,0x20,0x20,0x20,0x20,0x3c,0x70,0x61,0x74,0x68,0x20,0x64,0x3d,
  0x22,0x6d,0x32,0x34,0x2e,0x37,0x36,0x37,0x33,0x39,0x35,0x20,0x34,0x37,0x36,0x2e,
  0x35,0x37,0x37,0x37,0x32,0x73,0x2d,0x38,0x2e,0x32,0x32,0x38,0x31,0x32,0x31,0x2d,
  0x32,0x35,0x2e,0x35,0x37,0x32,0x32,0x31,0x2d,0x2e,0x32,0x32,0x34,0x30,0x38,0x2d,
  0x33,0x35,0x2e,0x33,0x38,0x38,0x36,0x37,0x63,0x35,0x2e,0x31,0x38,0x32,0x38,0x30,
  0x36,0x2d,0x36,0x2e,0x33,0x35,0x36,0x34,0x20,0x33,0x31,0x2e,0x33,0x33,0x36,0x37,
  0x37,0x37,0x2d,0x33,0x2e,0x32,0x38,0x32,0x30,0x39,0x20,0x34,0x32,0x2e,0x37,0x37,
  0x34,0x38,0x34,0x2d,0x31,0x2e,0x31,0x32,0x34,0x30,0x31,0x20,0x35,0x2e,0x36,0x38,
  0x39,0x33,0x30,0x36,0x20,0x31,0x2e,0x30,0x37,0x33,0x34,0x33,0x20,0x36,0x2e,0x39,
  0x39,0x31,0x30,0x38,0x32,0x20,0x32,0x2e,0x35,0x37,0x36,0x36,0x36,0x20,0x36,0x2e,
  0x39,0x39,0x31,0x30,0x38,0x32,0x20,0x32,0x2e,0x35,0x37,0x36,0x36,0x36,0x22,0x20,
  0x66,0x69,0x6c,0x6c,0x3d,0x22,0x6e,0x6f,0x6e,0x65,0x22,0x20,0x73,0x74,0x72,0x6f,
  0x6b,0x65,0x3d,0x22,0x23,0x37,0x31,0x38,0x33,0x64,0x65,0x22,0x20,0x73,0x74,0x72,
  0x6f,0x6b,0x65,0x2d,0x77,0x69,0x64,0x74,0x68,0x3d,0x22,0x33,0x22,0x2f,0x3e,0xd,
  0xa,0x20,0x20,0x20,0x20,0x20,0x20,0x20,0x20,0x3c,0x70,0x61,0x74,0x68,0x20,0x64,
  0x3d,0x22,0x6d,0x33,0x39,0x32,0x2e,0x38,0x31,0x34,0x37,0x34,0x20,0x35,0x36,0x33,
  0x2e,0x37,0x35,0x33,0x34,0x32,0x2d,0x31,0x36,0x2e,0x37,0x33,0x33,0x34,0x20,0x33,
  0x30,0x2e,0x35,0x33,0x37,0x31,0x32,0x2d,0x39,0x2e,0x38,0x32,0x34,0x32,0x32,0x20,
  0x39,0x2e,0x38,0x31,0x39,0x33,0x33,0x22,0x20,0x66,0x69,0x6c,0x6c,0x3d,0x22,0x6e,
  0x6f,0x6e,0x65,0x22,0x20,0x73,0x74,0x72,0x6f,0x6b,0x65,0x3d,0x22,0x23,0x66,0x61,
  0x37,0x66,0x37,0x30,0x22,0x20,0x73,0x74,0x72,0x6f,0x6b,0x65,0x2d,0x6c,0x69,0x6e,
  0x65,0x63,0x61,0x70,0x3d,0x22,0x72,0x6f,0x75,0x6e,0x64,0x22,0x20,0x73,0x74,0x72,
  0x6f,0x6b,0x65,0x2d,0x6c,0x69,0x6e,0x65,0x6a,0x6f,0x69,0x6e,0x3d,0x22,0x72,0x6f,
  0x75,0x6e,0x64,0x22,0x20,0x73,0x74,0x72,0x6f,0x6b,0x65,0x2d,0x77,0x69,0x64,0x74,
  0x68,0x3d,0x22,0x32,0x2e,0x35,0x22,0x2f,0x3e,0xd,0xa,0x20,0x20,0x20,0x20,0x20,
  0x20,0x20,0x20,0x3c,0x70,0x61,0x74,0x68,0x20,0x64,0x3d,0x22,0x6d,0x31,0x36,0x30,
  0x2e,0x35,0x39,0x33,0x30,0x36,0x20,0x35,0x32,0x31,0x2e,0x35,0x38,0x30,0x35,0x37,
  0x2d,0x35,0x2e,0x33,0x33,0x36,0x39,0x31,0x20,0x34,0x2e,0x39,0x32,0x36,0x37,0x37,
  0x2d,0x36,0x2e,0x39,0x38,0x32,0x34,0x33,0x20,0x38,0x2e,0x36,0x31,0x38,0x31,0x36,
  0x2d,0x32,0x2e,0x34,0x35,0x36,0x30,0x36,0x20,0x31,0x34,0x2e,0x31,0x35,0x35,0x32,
  0x37,0x2e,0x34,0x31,0x30,0x31,0x36,0x20,0x32,0x34,0x2e,0x36,0x31,0x39,0x31,0x34,
  0x2d,0x32,0x2e,0x30,0x35,0x35,0x36,0x36,0x20,0x32,0x32,0x2e,0x31,0x35,0x33,0x33,
  0x33,0x2d,0x34,0x2e,0x35,0x31,0x36,0x36,0x20,0x32,0x34,0x2e,0x30,0x30,0x33,0x39,
  0x2d,0x32,0x2e,0x36,0x37,0x35,0x37,0x39,0x20,0x31,0x38,0x2e,0x34,0x31,0x37,0x39,
  0x37,0x2d,0x31,0x2e,0x37,0x36,0x32,0x37,0x20,0x36,0x2e,0x35,0x33,0x38,0x30,0x39,
  0x2d,0x2e,0x36,0x35,0x34,0x32,0x38,0x20,0x33,0x2e,0x32,0x32,0x37,0x35,0x34,0x2d,
  0x36,0x2e,0x30,0x34,0x34,0x39,0x33,0x20,0x31,0x31,0x2e,0x39,0x36,0x37,0x37,0x37,
  0x2d,0x35,0x2e,0x35,0x36,0x36,0x34,0x31,0x20,0x38,0x2e,0x37,0x30,0x31,0x31,0x36,
  0x2d,0x36,0x2e,0x30,0x34,0x39,0x38,0x20,0x32,0x2e,0x35,0x33,0x39,0x30,0x38,0x2d,
  0x31,0x2e,0x34,0x37,0x34,0x36,0x31,0x20,0x35,0x2e,0x39,0x31,0x37,0x39,0x36,0x22,
  0x20,0x66,0x69,0x6c,0x6c,0x3d,0x22,0x6e,0x6f,0x6e,0x65,0x22,0x20,0x73,0x74,0x72,
  0x6f,0x6b,0x65,0x3d,0x22,0x23,0x66,0x61,0x37,0x66,0x37,0x30,0x22,0x20,0x73,0x74,
  0x72,0x6f,0x6b,0x65,0x2d,0x6c,0x69,0x6e,0x65,0x63,0x61,0x70,0x3d,0x22,0x72,0x6f,
  0x75,0x6e,0x64,0x22,0x20,0x73,0x74,0x72,0x6f,0x6b,0x65,0x2d,0x6c,0x69,0x6e,0x65,
  0x6a,0x6f,0x69,0x6e,0x3d,0x22,0x72,0x6f,0x75,0x6e,0x64,0x22,0x20,0x73,0x74,0x72,
  0x6f,0x6b,0x65,0x2d,0x77,0x69,0x64,0x74,0x68,0x3d,0x22,0x32,0x2e,0x35,0x22,0x2f,
  0x3e,0xd,0xa,0x20,0x20,0x20,0x20,0x20,0x20,0x20,0x20,0x3c,0x70,0x61,0x74,0x68,
  0x20,0x64,0x3d,0x22,0x6d,0x32,0x37,0x31,0x2e,0x33,0x31,0x36,0x34,0x31,0x20,0x33,
  0x35,0x33,0x2e,0x32,0x31,0x36,0x35,0x35,0x73,0x2d,0x32,0x30,0x2e,0x32,0x33,0x33,
  0x38,0x38,0x2d,0x31,0x37,0x2e,0x33,0x36,0x35,0x32,0x2d,0x31,0x35,0x2e,0x34,0x32,
  0x37,0x31,0x33,0x2d,0x33,0x30,0x2e,0x33,0x32,0x37,0x34,0x63,0x32,0x35,0x2e,0x33,
  0x31,0x35,0x34,0x35,0x2d,0x34,0x2e,0x39,0x38,0x30,0x39,0x36,0x20,0x34,0x37,0x2e,
  0x32,0x31,0x39,0x32,0x32,0x2d,0x35,0x2e,0x38,0x34,0x38,0x33,0x32,0x20,0x35,0x36,
  0x2e,0x39,0x31,0x36,0x39,0x38,0x2d,0x38,0x2e,0x39,0x34,0x30,0x38,0x39,0x22,0x20,
  0x66,0x69,0x6c,0x6c,0x3d,0x22,0x6e,0x6f,0x6e,0x65,0x22,0x20,0x73,0x74,0x72,0x6f,
  0x6b,0x65,0x3d,0x22,0x23,0x37,0x31,0x38,0x33,0x64,0x65,0x22,0x20,0x73,0x74,0x72,
  0x6f,0x6b,0x65,0x2d,0x77,0x69,0x64,0x74,0x68,0x3d,0x22,0x33,0x2e,0x35,0x22,0x2f,
  0x3e,0xd,0xa,0x20,0x20,0x20,0x20,0x20,0x20,0x20,0x20,0x3c,0x70,0x61,0x74,0x68,
  0x20,0x64,0x3d,0x22,0x6d,0x34,0x39,0x33,0x2e,0x33,0x37,0x36,0x32,0x36,0x20,0x37,
  0x30,0x30,0x2e,0x37,0x36,0x30,0x32,0x36,0x2d,0x32,0x30,0x2e,0x33,0x35,0x31,0x35,
  0x36,0x20,0x34,0x2e,0x32,0x35,0x32,0x39,0x34,0x2d,0x31,0x36,0x2e,0x34,0x38,0x39,
  0x32,0x36,0x2d,0x33,0x2e,0x33,0x34,0x34,0x37,0x33,0x2d,0x31,0x36,0x2e,0x32,0x32,
  0x35,0x35,0x39,0x2d,0x37,0x2e,0x37,0x37,0x38,0x33,0x32,0x22,0x20,0x66,0x69,0x6c,
  0x6c,0x3d,0x22,0x6e,0x6f,0x6e,0x65,0x22,0x20,0x73,0x74,0x72,0x6f,0x6b,0x65,0x3d,
  0x22,0x23,0x66,0x61,0x37,0x66,0x37,0x30,0x22,0x20,0x73,0x74,0x72,0x6f,0x6b,0x65,
  0x2d,0x6c,0x69,0x6e,0x65,0x63,0x61,0x70,0x3d,0x22,0x72,0x6f,0x75,0x6e,0x64,0x22,
  0x20,0x73,0x74,0x72,0x6f,0x6b,0x65,0x2d,0x6c,0x69,0x6e,0x65,0x6a,0x6f,0x69,0x6e,
  0x3d,0x22,0x72,0x6f,0x75,0x6e,0x64,0x22,0x20,0x73,0x74,0x72,0x6f,0x6b,0x65,0x2d,
  0x77,0x69,0x64,0x74,0x68,0x3d,0x22,0x32,0x2e,0x35,0x22,0x2f,0x3e,0xd,0xa,0x20,
  0x20,0x20,0x20,0x20,0x20,0x20,0x20,0x3c,0x70,0x61,0x74,0x68,0x20,0x64,0x3d,0x22,
  0x6d,0x35,0x33,0x35,0x2e,0x31,0x34,0x30,0x33,0x36,0x20,0x31,0x30,0x31,0x31,0x2e,
  0x35,0x36,0x30,0x39,0x2d,0x31,0x34,0x2e,0x30,0x39,0x39,0x38,0x33,0x2d,0x33,0x2e,
  0x32,0x33,0x32,0x32,0x2d,0x37,0x34,0x2e,0x34,0x34,0x36,0x34,0x39,0x20,0x34,0x2e,
  0x30,0x33,0x33,0x31,0x22,0x20,0x66,0x69,0x6c,0x6c,0x3d,0x22,0x6e,0x6f,0x6e,0x65,
  0x22,0x20,0x73,0x74,0x72,0x6f,0x6b,0x65,0x3d,0x22,0x23,0x66,0x61,0x37,0x66,0x37,
  0x30,0x22,0x20,0x73,0x74,0x72,0x6f,0x6b,0x65,0x2d,0x6c,0x69,0x6e,0x65,0x63,0x61,
  0x70,0x3d,0x22,0x72,0x6f,0x75,0x6e,0x64,0x22,0x20,0x73,0x74,0x72,0x6f,0x6b,0x65,
  0x2d,0x6c,0x69,0x6e,0x65,0x6a,0x6f,0x69,0x6e,0x3d,0x22,0x72,0x6f,0x75,0x6e,0x64,
  0x22,0x20,0x73,0x74,0x72,0x6f,0x6b,0x65,0x2d,0x77,0x69,0x64,0x74,0x68,0x3d,0x22,
  0x32,0x2e,0x35,0x22,0x2f,0x3e,0xd,0xa,0x20,0x20,0x20,0x20,0x20,0x20,0x20,0x20,
  0x3c,0x70,0x61,0x74,0x68,0x20,0x64,0x3d,0x22,0x6d,0x34,0x38,0x33,0x2e,0x39,0x33,
  0x37,0x37,0x39,0x20,0x33,0x39,0x32,0x2e,0x36,0x32,0x35,0x35,0x73,0x36,0x2e,0x38,
  0x36,0x38,0x35,0x35,0x2d,0x33,0x2e,0x33,0x35,0x39,0x34,0x37,0x20,0x31,0x30,0x2e,
  0x30,0x35,0x33,0x37,0x31,0x2d,0x33,0x2e,0x39,0x36,0x34,0x38,0x34,0x63,0x32,0x2e,
  0x36,0x39,0x31,0x30,0x38,0x2d,0x2e,0x35,0x31,0x31,0x34,0x37,0x20,0x36,0x2e,0x35,
  0x30,0x39,0x30,0x33,0x2e,0x37,0x39,0x33,0x34,0x37,0x20,0x39,0x2e,0x31,0x33,0x30,
  0x38,0x35,0x20,0x30,0x20,0x31,0x2e,0x35,0x37,0x35,0x32,0x36,0x2d,0x2e,0x34,0x37,
  0x36,0x37,0x34,0x20,0x33,0x2e,0x33,0x39,0x38,0x32,0x36,0x2d,0x31,0x2e,0x38,0x38,
  0x31,0x36,0x35,0x20,0x34,0x2e,0x35,0x36,0x35,0x34,0x34,0x2d,0x33,0x2e,0x30,0x34,
  0x32,0x20,0x33,0x2e,0x31,0x32,0x35,0x35,0x39,0x2d,0x33,0x2e,0x31,0x30,0x37,0x33,
  0x20,0x35,0x2e,0x39,0x39,0x32,0x36,0x31,0x2d,0x38,0x2e,0x33,0x37,0x33,0x33,0x36,
  0x20,0x38,0x2e,0x32,0x31,0x37,0x37,0x37,0x2d,0x31,0x32,0x2e,0x31,0x37,0x37,0x37,
  0x34,0x2e,0x38,0x32,0x34,0x38,0x37,0x2d,0x31,0x2e,0x34,0x31,0x30,0x33,0x20,0x31,
  0x2e,0x34,0x31,0x33,0x39,0x2d,0x33,0x2e,0x35,0x39,0x37,0x38,0x39,0x20,0x32,0x2e,
  0x34,0x34,0x31,0x34,0x2d,0x34,0x2e,0x38,0x36,0x38,0x31,0x36,0x20,0x32,0x2e,0x39,
  0x34,0x32,0x36,0x34,0x2d,0x33,0x2e,0x36,0x33,0x37,0x38,0x39,0x20,0x38,0x2e,0x32,
  0x34,0x39,0x39,0x37,0x2d,0x37,0x2e,0x32,0x30,0x30,0x35,0x39,0x20,0x31,0x32,0x2e,
  0x31,0x37,0x32,0x38,0x35,0x2d,0x39,0x2e,0x37,0x35,0x30,0x39,0x37,0x20,0x32,0x2e,
  0x33,0x33,0x30,0x30,0x36,0x2d,0x31,0x2e,0x35,0x31,0x34,0x38,0x34,0x20,0x36,0x2e,
  0x31,0x35,0x36,0x36,0x37,0x2d,0x32,0x2e,0x34,0x30,0x34,0x33,0x33,0x20,0x38,0x2e,
  0x32,0x32,0x37,0x35,0x34,0x2d,0x34,0x2e,0x32,0x35,0x37,0x38,0x32,0x20,0x32,0x2e,
  0x36,0x39,0x38,0x38,0x32,0x2d,0x32,0x2e,0x34,0x31,0x35,0x35,0x33,0x20,0x33,0x2e,
  0x36,0x35,0x38,0x31,0x36,0x2d,0x38,0x2e,0x30,0x37,0x36,0x36,0x31,0x20,0x36,0x2e,
  0x36,0x39,0x39,0x32,0x32,0x2d,0x31,0x30,0x2e,0x30,0x34,0x33,0x39,0x33,0x20,0x32,
  0x2e,0x33,0x33,0x31,0x39,0x34,0x2d,0x31,0x2e,0x35,0x30,0x38,0x35,0x38,0x20,0x36,
  0x2e,0x34,0x30,0x32,0x30,0x34,0x2d,0x32,0x2e,0x30,0x34,0x35,0x33,0x20,0x39,0x2e,
  0x31,0x33,0x30,0x38,0x37,0x2d,0x31,0x2e,0x35,0x32,0x38,0x33,0x33,0x20,0x32,0x2e,
  0x30,0x39,0x32,0x38,0x35,0x2e,0x33,0x39,0x36,0x34,0x39,0x20,0x34,0x2e,0x38,0x34,
  0x39,0x39,0x20,0x31,0x2e,0x39,0x31,0x39,0x36,0x35,0x20,0x36,0x2e,0x30,0x38,0x38,
  0x38,0x36,0x20,0x33,0x2e,0x36,0x35,0x32,0x33,0x34,0x20,0x31,0x2e,0x35,0x32,0x31,
  0x33,0x38,0x20,0x32,0x2e,0x31,0x32,0x37,0x36,0x36,0x20,0x32,0x2e,0x38,0x32,0x33,
  0x33,0x35,0x20,0x36,0x2e,0x31,0x30,0x37,0x33,0x20,0x31,0x2e,0x38,0x32,0x36,0x31,
  0x37,0x20,0x38,0x2e,0x35,0x32,0x35,0x34,0x2d,0x31,0x2e,0x37,0x38,0x37,0x30,0x33,
  0x20,0x34,0x2e,0x33,0x33,0x33,0x34,0x34,0x2d,0x38,0x2e,0x35,0x35,0x30,0x36,0x35,
  0x20,0x37,0x2e,0x33,0x36,0x34,0x35,0x2d,0x31,0x33,0x2e,0x30,0x39,0x30,0x38,0x32,
  0x20,0x38,0x2e,0x35,0x33,0x30,0x32,0x37,0x2d,0x33,0x2e,0x35,0x34,0x38,0x34,0x37,
  0x2e,0x39,0x31,0x31,0x31,0x33,0x2d,0x38,0x2e,0x36,0x38,0x32,0x36,0x35,0x2e,0x31,
  0x38,0x35,0x31,0x37,0x2d,0x31,0x32,0x2e,0x31,0x37,0x37,0x37,0x34,0x2d,0x2e,0x39,
  0x31,0x33,0x30,0x38,0x2d,0x32,0x2e,0x32,0x32,0x39,0x31,0x37,0x2d,0x2e,0x37,0x30,
  0x30,0x34,0x37,0x2d,0x36,0x2e,0x37,0x30,0x34,0x31,0x2d,0x33,0x2e,0x39,0x36,0x34,
  0x38,0x35,0x2d,0x36,0x2e,0x37,0x30,0x34,0x31,0x2d,0x33,0x2e,0x39,0x36,0x34,0x38,
  0x35,0x22,0x20,0x66,0x69,0x6c,0x6c,0x3d,0x22,0x6e,0x6f,0x6e,0x65,0x22,0x20,0x73,
  0x74,0x72,0x6f,0x6b,0x65,0x3d,0x22,0x23,0x66,0x61,0x37,0x66,0x37,0x30,0x22,0x20,
  0x73,0x74,0x72,0x6f,0x6b,0x65,0x2d,0x6c,0x69,0x6e,0x65,0x63,0x61,0x70,0x3d,0x22,
  0x72,0x6f,0x75,0x6e,0x64,0x22,0x20,0x73,0x74,0x72,0x6f,0x6b,0x65,0x2d,0x6c,0x69,
  0x6e,0x65,0x6a,0x6f,0x69,0x6e,0x3d,0x22,0x72,0x6f,0x75,0x6e,0x64,0x22,0x20,0x73,
  0x74,0x72,0x6f,0x6b,0x65,0x2d,0x77,0x69,0x64,0x74,0x68,0x3d,0x22,0x32,0x2e,0x35,
  0x22,0x2f,0x3e,0xd,0xa,0x20,0x20,0x20,0x20,0x20,0x20,0x20,0x20,0x3c,0x70,0x61,
  0x74,0x68,0x20,0x64,0x3d,0x22,0x6d,0x36,0x31,0x36,0x2e,0x39,0x35,0x30,0x34,0x37,
  0x20,0x31,0x34,0x37,0x2e,0x37,0x32,0x38,0x30,0x34,0x2d,0x36,0x2e,0x32,0x35,0x34,
  0x38,0x37,0x2d,0x31,0x2e,0x31,0x38,0x36,0x35,0x33,0x2d,0x35,0x2e,0x31,0x35,0x31,
  0x33,0x38,0x2d,0x2e,0x39,0x32,0x37,0x37,0x32,0x2d,0x35,0x2e,0x31,0x38,0x30,0x36,
  0x36,0x2d,0x2e,0x39,0x33,0x32,0x36,0x33,0x2d,0x31,0x36,0x2e,0x31,0x31,0x38,0x31,
  0x36,0x2d,0x32,0x2e,0x39,0x31,0x35,0x30,0x34,0x2d,0x39,0x2e,0x32,0x30,0x38,0x39,
  0x39,0x2d,0x31,0x2e,0x36,0x33,0x30,0x38,0x36,0x2d,0x31,0x37,0x2e,0x33,0x34,0x38,
  0x36,0x32,0x2d,0x33,0x2e,0x31,0x33,0x39,0x36,0x34,0x2d,0x34,0x2e,0x35,0x30,0x36,
  0x38,0x34,0x2d,0x2e,0x36,0x36,0x38,0x39,0x35,0x2d,0x34,0x2e,0x36,0x32,0x34,0x30,
  0x33,0x2d,0x2e,0x39,0x38,0x31,0x34,0x35,0x2d,0x37,0x2e,0x33,0x38,0x32,0x38,0x31,
  0x2d,0x2e,0x35,0x34,0x31,0x39,0x38,0x2d,0x34,0x33,0x2e,0x31,0x35,0x39,0x31,0x37,
  0x2d,0x37,0x2e,0x37,0x31,0x34,0x38,0x35,0x22,0x20,0x66,0x69,0x6c,0x6c,0x3d,0x22,
  0x6e,0x6f,0x6e,0x65,0x22,0x20,0x73,0x74,0x72,0x6f,0x6b,0x65,0x3d,0x22,0x23,0x66,
  0x61,0x37,0x66,0x37,0x30,0x22,0x20,0x73,0x74,0x72,0x6f,0x6b,0x65,0x2d,0x6c,0x69,
  0x6e,0x65,0x63,0x61,0x70,0x3d,0x22,0x72,0x6f,0x75,0x6e,0x64,0x22,0x20,0x73,0x74,
  0x72,0x6f,0x6b,0x65,0x2d,0x6c,0x69,0x6e,0x65,0x6a,0x6f,0x69,0x6e,0x3d,0x22,0x72,
  0x6f,0x75,0x6e,0x64,0x22,0x20,0x73,0x74,0x72,0x6f,0x6b,0x65,0x2d,0x77,0x69,0x64,
  0x74,0x68,0x3d,0x22,0x31,0x2e,0x35,0x22,0x2f,0x3e,0xd,0xa,0x20,0x20,0x20,0x20,
  0x20,0x20,0x20,0x20,0x3c,0x70,0x61,0x74,0x68,0x20,0x64,0x3d,0x22,0x6d,0x38,0x34,
  0x2e,0x34,0x36,0x30,0x32,0x35,0x34,0x20,0x35,0x33,0x36,0x2e,0x33,0x34,0x31,0x33,
  0x32,0x73,0x32,0x2e,0x31,0x37,0x33,0x33,0x31,0x37,0x20,0x38,0x2e,0x32,0x38,0x31,
  0x35,0x20,0x33,0x2e,0x34,0x36,0x36,0x37,0x39,0x20,0x31,0x31,0x2e,0x37,0x30,0x38,
  0x39,0x38,0x63,0x32,0x2e,0x35,0x38,0x36,0x31,0x35,0x39,0x20,0x36,0x2e,0x38,0x35,
  0x32,0x38,0x38,0x20,0x36,0x2e,0x31,0x38,0x39,0x36,0x38,0x35,0x20,0x31,0x36,0x2e,
  0x30,0x36,0x36,0x32,0x32,0x20,0x31,0x30,0x2e,0x32,0x36,0x33,0x36,0x37,0x20,0x32,
  0x32,0x2e,0x31,0x35,0x33,0x33,0x32,0x20,0x33,0x2e,0x36,0x33,0x34,0x36,0x39,0x36,
  0x20,0x35,0x2e,0x34,0x33,0x30,0x37,0x34,0x20,0x31,0x30,0x2e,0x33,0x39,0x31,0x36,
  0x35,0x36,0x20,0x31,0x31,0x2e,0x31,0x35,0x39,0x30,0x38,0x20,0x31,0x34,0x2e,0x37,
  0x38,0x30,0x32,0x37,0x36,0x20,0x31,0x36,0x2e,0x30,0x30,0x30,0x39,0x38,0x20,0x33,
  0x2e,0x34,0x38,0x36,0x31,0x33,0x20,0x33,0x2e,0x38,0x34,0x36,0x32,0x20,0x38,0x2e,
  0x33,0x32,0x36,0x32,0x20,0x38,0x2e,0x38,0x32,0x31,0x32,0x31,0x20,0x31,0x31,0x2e,
  0x34,0x39,0x39,0x30,0x32,0x20,0x31,0x32,0x2e,0x39,0x32,0x39,0x36,0x39,0x20,0x32,
  0x2e,0x35,0x37,0x36,0x35,0x38,0x20,0x33,0x2e,0x33,0x33,0x36,0x34,0x32,0x20,0x35,
  0x2e,0x33,0x30,0x39,0x30,0x33,0x20,0x38,0x2e,0x32,0x38,0x37,0x30,0x37,0x20,0x37,
  0x2e,0x37,0x39,0x37,0x38,0x35,0x20,0x31,0x31,0x2e,0x36,0x38,0x39,0x34,0x36,0x20,
  0x32,0x2e,0x30,0x39,0x34,0x34,0x35,0x20,0x32,0x2e,0x38,0x36,0x33,0x32,0x37,0x20,
  0x37,0x2e,0x33,0x38,0x37,0x37,0x20,0x39,0x2e,0x32,0x33,0x33,0x33,0x39,0x20,0x37,
  0x2e,0x33,0x38,0x37,0x37,0x20,0x39,0x2e,0x32,0x33,0x33,0x33,0x39,0x22,0x20,0x66,
  0x69,0x6c,0x6c,0x3d,0x22,0x6e,0x6f,0x6e,0x65,0x22,0x20,0x73,0x74,0x72,0x6f,0x6b,
  0x65,0x3d,0x22,0x23,0x66,0x61,0x37,0x66,0x37,0x30,0x22,0x20,0x73,0x74,0x72,0x6f,
  0x6b,0x65,0x2d,0x6c,0x69,0x6e,0x65,0x63,0x61,0x70,0x3d,0x22,0x72,0x6f,0x75,0x6e,
  0x64,0x22,0x20,0x73,0x74,0x72,0x6f,0x6b,0x65,0x2d,0x6c,0x69,0x6e,0x65,0x6a,0x6f,
  0x69,0x6e,0x3d,0x22,0x72,0x6f,0x75,0x6e,0x64,0x22,0x20,0x73,0x74,0x72,0x6f,0x6b,
  0x65,0x2d,0x77,0x69,0x64,0x74,0x68,0x3d,0x22,0x32,0x2e,0x35,0x22,0x2f,0x3e,0xd,
  0xa,0x20,0x20,0x20,0x20,0x20,0x20,0x20,0x20,0x3c,0x70,0x61,0x74,0x68,0x20,0x64,
  0x3d,0x22,0x6d,0x31,0x33,0x30,0x2e,0x31,0x32,0x39,0x31,0x39,0x20,0x33,0x32,0x37,
  0x2e,0x31,0x36,0x31,0x36,0x34,0x20,0x31,0x31,0x2e,0x35,0x37,0x32,0x32,0x36,0x20,
  0x35,0x2e,0x31,0x37,0x30,0x39,0x20,0x32,0x38,0x2e,0x30,0x31,0x32,0x37,0x20,0x34,
  0x2e,0x35,0x37,0x30,0x33,0x31,0x20,0x31,0x32,0x2e,0x37,0x38,0x38,0x30,0x39,0x20,
  0x36,0x2e,0x36,0x39,0x39,0x32,0x31,0x20,0x39,0x2e,0x31,0x33,0x35,0x37,0x33,0x20,
  0x31,0x2e,0x38,0x32,0x36,0x31,0x38,0x20,0x34,0x2e,0x38,0x36,0x38,0x31,0x38,0x20,
  0x35,0x2e,0x31,0x37,0x35,0x37,0x37,0x20,0x34,0x38,0x2e,0x38,0x30,0x33,0x37,0x20,
  0x38,0x2e,0x31,0x30,0x30,0x35,0x39,0x22,0x20,0x66,0x69,0x6c,0x6c,0x3d,0x22,0x6e,
  0x6f,0x6e,0x65,0x22,0x20,0x73,0x74,0x72,0x6f,0x6b,0x65,0x3d,0x22,0x23,0x66,0x61,
  0x37,0x66,0x37,0x30,0x22,0x20,0x73,0x74,0x72,0x6f,0x6b,0x65,0x2d,0x6c,0x69,0x6e,
  0x65,0x63,0x61,0x70,0x3d,0x22,0x72,0x6f,0x75,0x6e,0x64,0x22,0x20,0x73,0x74,0x72,
  0x6f,0x6b,0x65,0x2d,0x6c,0x69,0x6e,0x65,0x6a,0x6f,0x69,0x6e,0x3d,0x22,0x72,0x6f,
  0x75,0x6e,0x64,0x22,0x20,0x73,0x74,0x72,0x6f,0x6b,0x65,0x2d,0x77,0x69,0x64,0x74,
  0x68,0x3d,0x22,0x32,0x2e,0x35,0x22,0x2f,0x3e,0xd,0xa,0x20,0x20,0x20,0x20,0x20,
  0x20,0x20,0x20,0x3c,0x70,0x61,0x74,0x68,0x20,0x64,0x3d,0x22,0x6d,0x33,0x31,0x32,
  0x2e,0x36,0x34,0x32,0x32,0x31,0x20,0x32,0x30,0x35,0x2e,0x30,0x32,0x36,0x31,0x32,
  0x63,0x37,0x2e,0x30,0x39,0x32,0x31,0x38,0x20,0x36,0x2e,0x39,0x30,0x32,0x31,0x34,
  0x20,0x37,0x2e,0x31,0x34,0x37,0x32,0x37,0x20,0x32,0x35,0x2e,0x39,0x32,0x37,0x37,
  0x31,0x20,0x31,0x33,0x2e,0x31,0x33,0x31,0x39,0x38,0x20,0x33,0x31,0x2e,0x33,0x31,
  0x34,0x37,0x33,0x20,0x36,0x2e,0x31,0x34,0x35,0x37,0x33,0x20,0x35,0x2e,0x35,0x33,
  0x31,0x39,0x36,0x20,0x32,0x32,0x2e,0x32,0x33,0x35,0x38,0x31,0x20,0x34,0x2e,0x33,
  0x33,0x32,0x39,0x35,0x20,0x33,0x30,0x2e,0x33,0x30,0x34,0x35,0x38,0x20,0x32,0x2e,
  0x35,0x32,0x35,0x33,0x38,0x20,0x37,0x2e,0x30,0x34,0x33,0x30,0x38,0x2d,0x31,0x2e,
  0x35,0x37,0x37,0x38,0x20,0x31,0x38,0x2e,0x35,0x34,0x36,0x30,0x34,0x2d,0x31,0x35,
  0x2e,0x33,0x33,0x30,0x38,0x37,0x20,0x32,0x33,0x2e,0x32,0x33,0x33,0x35,0x31,0x2d,
  0x31,0x39,0x2e,0x31,0x39,0x32,0x39,0x20,0x34,0x2e,0x38,0x36,0x32,0x32,0x34,0x2d,
  0x34,0x2e,0x30,0x30,0x36,0x30,0x33,0x2d,0x33,0x2e,0x33,0x32,0x34,0x31,0x33,0x2d,
  0x32,0x32,0x2e,0x37,0x37,0x33,0x31,0x32,0x2d,0x38,0x2e,0x30,0x38,0x31,0x32,0x32,
  0x2d,0x32,0x39,0x2e,0x37,0x39,0x39,0x35,0x2d,0x33,0x2e,0x36,0x35,0x39,0x36,0x37,
  0x2d,0x35,0x2e,0x34,0x30,0x35,0x34,0x36,0x2d,0x32,0x30,0x2e,0x33,0x37,0x38,0x34,
  0x35,0x2d,0x33,0x31,0x2e,0x34,0x39,0x38,0x35,0x35,0x2d,0x32,0x36,0x2e,0x37,0x36,
  0x39,0x30,0x34,0x2d,0x33,0x32,0x2e,0x38,0x32,0x39,0x39,0x36,0x2d,0x32,0x2e,0x33,
  0x37,0x32,0x30,0x31,0x20,0x36,0x2e,0x30,0x35,0x30,0x37,0x36,0x2d,0x35,0x2e,0x35,
  0x31,0x35,0x32,0x35,0x20,0x32,0x33,0x2e,0x32,0x35,0x35,0x39,0x32,0x2d,0x31,0x30,
  0x2e,0x31,0x30,0x31,0x35,0x33,0x20,0x32,0x35,0x2e,0x32,0x35,0x33,0x38,0x32,0x2d,
  0x36,0x2e,0x33,0x37,0x33,0x32,0x34,0x20,0x36,0x2e,0x32,0x34,0x36,0x38,0x36,0x2d,
  0x31,0x35,0x2e,0x36,0x37,0x38,0x32,0x31,0x20,0x31,0x38,0x2e,0x33,0x35,0x30,0x32,
  0x38,0x2d,0x32,0x31,0x2e,0x37,0x31,0x38,0x32,0x38,0x20,0x32,0x32,0x2e,0x37,0x32,
  0x38,0x34,0x33,0x7a,0x22,0x20,0x66,0x69,0x6c,0x6c,0x3d,0x22,0x23,0x62,0x35,0x66,
  0x64,0x62,0x35,0x22,0x20,0x66,0x69,0x6c,0x6c,0x2d,0x72,0x75,0x6c,0x65,0x3d,0x22,
  0x65,0x76,0x65,0x6e,0x6f,0x64,0x64,0x22,0x20,0x74,0x72,0x61,0x6e,0x73,0x66,0x6f,
  0x72,0x6d,0x3d,0x22,0x74,0x72,0x61,0x6e,0x73,0x6c,0x61,0x74,0x65,0x28,0x2d,0x31,
  0x32,0x33,0x2e,0x36,0x31,0x36,0x34,0x34,0x20,0x35,0x34,0x2e,0x33,0x31,0x30,0x30,
  0x37,0x29,0x22,0x2f,0x3e,0xd,0xa,0x20,0x20,0x20,0x20,0x20,0x20,0x20,0x20,0x3c,
  0x70,0x61,0x74,0x68,0x20,0x64,0x3d,0x22,0x6d,0x35,0x33,0x39,0x2e,0x39,0x39,0x32,
  0x34,0x37,0x20,0x34,0x32,0x31,0x2e,0x39,0x39,0x30,0x37,0x34,0x2d,0x32,0x2e,0x35,
  0x37,0x33,0x32,0x35,0x2d,0x2e,0x38,0x30,0x30,0x37,0x39,0x22,0x20,0x73,0x74,0x79,
  0x6c,0x65,0x3d,0x22,0x66,0x69,0x6c,0x6c,0x3a,0x6e,0x6f,0x6e,0x65,0x3b,0x73,0x74,
  0x72,0x6f,0x6b,0x65,0x3a,0x23,0x66,0x61,0x37,0x66,0x37,0x30,0x3b,0x73,0x74,0x72,
  0x6f,0x6b,0x65,0x2d,0x77,0x69,0x64,0x74,0x68,0x3a,0x32,0x2e,0x35,0x3b,0x73,0x74,
  0x72,0x6f,0x6b,0x65,0x2d,0x6c,0x69,0x6e,0x65,0x63,0x61,0x70,0x3a,0x72,0x6f,0x75,
  0x6e,0x64,0x3b,0x73,0x74,0x72,0x6f,0x6b,0x65,0x2d,0x6c,0x69,0x6e,0x65,0x6a,0x6f,
  0x69,0x6e,0x3a,0x72,0x6f,0x75,0x6e,0x64,0x3b,0x73,0x74,0x72,0x6f,0x6b,0x65,0x2d,
  0x64,0x61,0x73,0x68,0x61,0x72,0x72,0x61,0x79,0x3a,0x31,0x2e,0x32,0x35,0x20,0x33,
  0x2e,0x37,0x35,0x22,0x2f,0x3e,0xd,0xa,0x20,0x20,0x20,0x20,0x20,0x20,0x20,0x20,
  0x3c,0x70,0x61,0x74,0x68,0x20,0x64,0x3d,0x22,0x6d,0x35,0x34,0x31,0x2e,0x30,0x39,
  0x31,0x31,0x20,0x34,0x34,0x36,0x2e,0x36,0x39,0x37,0x37,0x36,0x20,0x34,0x31,0x2e,
  0x31,0x34,0x32,0x35,0x39,0x2d,0x31,0x2e,0x35,0x39,0x31,0x37,0x39,0x22,0x20,0x66,
  0x69,0x6c,0x6c,0x3d,0x22,0x6e,0x6f,0x6e,0x65,0x22,0x20,0x73,0x74,0x72,0x6f,0x6b,
  0x65,0x3d,0x22,0x23,0x66,0x61,0x37,0x66,0x37,0x30,0x22,0x20,0x73,0x74,0x72,0x6f,
  0x6b,0x65,0x2d,0x6c,0x69,0x6e,0x65,0x63,0x61,0x70,0x3d,0x22,0x72,0x6f,0x75,0x6e,
  0x64,0x22,0x20,0x73,0x74,0x72,0x6f,0x6b,0x65,0x2d,0x6c,0x69,0x6e,0x65,0x6a,0x6f,
  0x69,0x6e,0x3d,0x22,0x72,0x6f,0x75,0x6e,0x64,0x22,0x20,0x73,0x74,0x72,0x6f,0x6b,
  0x65,0x2d,0x77,0x69,0x64,0x74,0x68,0x3d,0x22,0x32,0x2e,0x35,0x22,0x2f,0x3e,0xd,
  0xa,0x20,0x20,0x20,0x20,0x20,0x20,0x20,0x20,0x3c,0x70,0x61,0x74,0x68,0x20,0x64,
  0x3d,0x22,0x6d,0x35,0x34,0x35,0x2e,0x35,0x31,0x30,0x30,0x35,0x20,0x31,0x35,0x33,
  0x2e,0x39,0x32,0x34,0x33,0x32,0x20,0x35,0x2e,0x30,0x37,0x38,0x31,0x32,0x2e,0x37,
  0x34,0x32,0x31,0x39,0x20,0x35,0x2e,0x31,0x33,0x36,0x37,0x33,0x2e,0x38,0x38,0x38,
  0x36,0x38,0x20,0x38,0x2e,0x34,0x33,0x37,0x35,0x20,0x31,0x2e,0x30,0x36,0x34,0x34,
  0x35,0x20,0x38,0x2e,0x32,0x32,0x32,0x36,0x35,0x20,0x31,0x2e,0x34,0x37,0x39,0x35,
  0x20,0x39,0x2e,0x32,0x30,0x34,0x31,0x20,0x31,0x2e,0x34,0x33,0x30,0x36,0x36,0x20,
  0x38,0x2e,0x36,0x35,0x37,0x32,0x32,0x20,0x31,0x2e,0x33,0x34,0x37,0x36,0x35,0x20,
  0x38,0x2e,0x30,0x33,0x32,0x32,0x33,0x20,0x31,0x2e,0x32,0x34,0x35,0x31,0x32,0x20,
  0x35,0x2e,0x31,0x35,0x36,0x32,0x35,0x2e,0x38,0x30,0x30,0x37,0x38,0x20,0x34,0x2e,
  0x37,0x39,0x39,0x38,0x31,0x2e,0x37,0x34,0x32,0x31,0x39,0x20,0x37,0x2e,0x36,0x30,
  0x32,0x35,0x34,0x20,0x31,0x2e,0x33,0x33,0x37,0x38,0x38,0x2d,0x35,0x2e,0x34,0x34,
  0x39,0x32,0x33,0x20,0x33,0x37,0x2e,0x35,0x39,0x37,0x36,0x37,0x2d,0x31,0x2e,0x30,
  0x36,0x34,0x34,0x35,0x20,0x37,0x2e,0x33,0x35,0x38,0x34,0x2d,0x31,0x38,0x2e,0x38,
  0x30,0x33,0x37,0x31,0x2d,0x32,0x2e,0x35,0x37,0x33,0x32,0x34,0x2d,0x39,0x2e,0x31,
  0x33,0x35,0x37,0x34,0x2d,0x31,0x2e,0x35,0x31,0x38,0x35,0x36,0x2d,0x37,0x2e,0x36,
  0x35,0x36,0x32,0x35,0x2d,0x31,0x2e,0x31,0x36,0x32,0x31,0x32,0x22,0x20,0x66,0x69,
  0x6c,0x6c,0x3d,0x22,0x6e,0x6f,0x6e,0x65,0x22,0x20,0x73,0x74,0x72,0x6f,0x6b,0x65,
  0x3d,0x22,0x23,0x66,0x61,0x37,0x66,0x37,0x30,0x22,0x20,0x73,0x74,0x72,0x6f,0x6b,
  0x65,0x2d,0x6c,0x69,0x6e,0x65,0x63,0x61,0x70,0x3d,0x22,0x72,0x6f,0x75,0x6e,0x64,
  0x22,0x20,0x73,0x74,0x72,0x6f,0x6b,0x65,0x2d,0x6c,0x69,0x6e,0x65,0x6a,0x6f,0x69,
  0x6e,0x3d,0x22,0x72,0x6f,0x75,0x6e,0x64,0x22,0x20,0x73,0x74,0x72,0x6f,0x6b,0x65,
  0x2d,0x77,0x69,0x64,0x74,0x68,0x3d,0x22,0x31,0x2e,0x35,0x22,0x2f,0x3e,0xd,0xa,
  0x20,0x20,0x20,0x20,0x20,0x20,0x20,0x20,0x3c,0x70,0x61,0x74,0x68,0x20,0x64,0x3d,
  0x22,0x6d,0x36,0x31,0x36,0x2e,0x33,0x30,0x35,0x39,0x35,0x20,0x31,0x30,0x34,0x2e,
  0x35,0x32,0x30,0x30,0x34,0x2d,0x35,0x2e,0x36,0x31,0x30,0x33,0x35,0x20,0x34,0x32,
  0x2e,0x30,0x32,0x31,0x34,0x37,0x2d,0x32,0x2e,0x34,0x36,0x30,0x39,0x34,0x20,0x31,
  0x37,0x2e,0x31,0x32,0x34,0x30,0x33,0x2d,0x31,0x2e,0x30,0x36,0x34,0x34,0x36,0x20,
  0x33,0x2e,0x38,0x38,0x36,0x37,0x32,0x2d,0x33,0x2e,0x30,0x34,0x36,0x38,0x38,0x20,
  0x33,0x2e,0x30,0x34,0x31,0x39,0x39,0x2d,0x33,0x2e,0x35,0x30,0x30,0x39,0x37,0x20,
  0x31,0x2e,0x37,0x34,0x38,0x30,0x35,0x2d,0x33,0x2e,0x33,0x35,0x39,0x33,0x38,0x2d,
  0x2e,0x34,0x36,0x38,0x37,0x35,0x2d,0x35,0x2e,0x30,0x36,0x38,0x33,0x35,0x2d,0x2e,
  0x37,0x30,0x38,0x30,0x31,0x2d,0x31,0x32,0x2e,0x31,0x39,0x32,0x33,0x38,0x2d,0x31,
  0x2e,0x36,0x39,0x34,0x33,0x34,0x2d,0x39,0x2e,0x31,0x37,0x39,0x36,0x39,0x2d,0x31,
  0x2e,0x32,0x37,0x39,0x32,0x39,0x2d,0x31,0x34,0x2e,0x32,0x30,0x38,0x39,0x39,0x2d,
  0x31,0x2e,0x39,0x38,0x32,0x34,0x32,0x2d,0x36,0x2e,0x32,0x33,0x30,0x34,0x36,0x2d,
  0x2e,0x38,0x36,0x34,0x32,0x37,0x2d,0x33,0x2e,0x31,0x39,0x38,0x32,0x35,0x2d,0x33,
  0x2e,0x38,0x38,0x31,0x38,0x33,0x2d,0x31,0x2e,0x32,0x32,0x35,0x35,0x38,0x2d,0x33,
  0x2e,0x35,0x30,0x30,0x39,0x38,0x2d,0x2e,0x34,0x34,0x39,0x32,0x32,0x2d,0x34,0x2e,
  0x30,0x33,0x38,0x30,0x39,0x20,0x33,0x2e,0x30,0x34,0x36,0x38,0x37,0x2d,0x31,0x38,
  0x2e,0x35,0x37,0x39,0x31,0x22,0x20,0x66,0x69,0x6c,0x6c,0x3d,0x22,0x6e,0x6f,0x6e,
  0x65,0x22,0x20,0x73,0x74,0x72,0x6f,0x6b,0x65,0x3d,0x22,0x23,0x66,0x61,0x37,0x66,
  0x37,0x30,0x22,0x20,0x73,0x74,0x72,0x6f,0x6b,0x65,0x2d,0x6c,0x69,0x6e,0x65,0x63,
  0x61,0x70,0x3d,0x22,0x72,0x6f,0x75,0x6e,0x64,0x22,0x20,0x73,0x74,0x72,0x6f,0x6b,
  0x65,0x2d,0x6c,0x69,0x6e,0x65,0x6a,0x6f,0x69,0x6e,0x3d,0x22,0x72,0x6f,0x75,0x6e,
  0x64,0x22,0x20,0x73,0x74,0x72,0x6f,0x6b,0x65,0x2d,0x77,0x69,0x64,0x74,0x68,0x3d,
  0x22,0x31,0x2e,0x35,0x22,0x2f,0x3e,0xd,0xa,0x20,0x20,0x20,0x20,0x20,0x20,0x20,
  0x20,0x3c,0x70,0x61,0x74,0x68,0x20,0x64,0x3d,0x22,0x6d,0x2d,0x37,0x2e,0x37,0x34,
  0x31,0x38,0x39,0x35,0x37,0x20,0x33,0x39,0x32,0x2e,0x37,0x38,0x36,0x36,0x34,0x73,
  0x37,0x2e,0x39,0x31,0x37,0x30,0x36,0x39,0x35,0x37,0x2d,0x32,0x38,0x2e,0x31,0x34,
  0x32,0x37,0x32,0x20,0x31,0x35,0x2e,0x33,0x34,0x31,0x38,0x2d,0x33,0x37,0x2e,0x39,
  0x31,0x30,0x31,0x37,0x63,0x35,0x2e,0x32,0x32,0x37,0x33,0x31,0x32,0x37,0x2d,0x36,
  0x2e,0x38,0x37,0x36,0x36,0x38,0x20,0x31,0x36,0x2e,0x36,0x35,0x30,0x32,0x32,0x30,
  0x37,0x2d,0x31,0x31,0x2e,0x35,0x31,0x30,0x36,0x37,0x20,0x32,0x32,0x2e,0x38,0x32,
  0x37,0x31,0x33,0x39,0x37,0x2d,0x31,0x37,0x2e,0x35,0x34,0x38,0x38,0x32,0x20,0x36,
  0x2e,0x30,0x33,0x39,0x35,0x33,0x2d,0x35,0x2e,0x39,0x30,0x33,0x38,0x34,0x20,0x31,
  0x31,0x2e,0x37,0x32,0x39,0x33,0x34,0x38,0x2d,0x31,0x35,0x2e,0x39,0x31,0x31,0x37,
  0x34,0x20,0x31,0x37,0x2e,0x36,0x36,0x31,0x31,0x33,0x2d,0x32,0x31,0x2e,0x39,0x32,
  0x33,0x38,0x33,0x20,0x32,0x2e,0x34,0x31,0x34,0x39,0x34,0x36,0x2d,0x32,0x2e,0x34,
  0x34,0x37,0x36,0x34,0x20,0x38,0x2e,0x38,0x32,0x38,0x31,0x33,0x2d,0x37,0x2e,0x33,
  0x30,0x39,0x35,0x37,0x20,0x38,0x2e,0x38,0x32,0x38,0x31,0x33,0x2d,0x37,0x2e,0x33,
  0x30,0x39,0x35,0x37,0x22,0x20,0x66,0x69,0x6c,0x6c,0x3d,0x22,0x6e,0x6f,0x6e,0x65,
  0x22,0x20,0x73,0x74,0x72,0x6f,0x6b,0x65,0x3d,0x22,0x23,0x66,0x61,0x37,0x66,0x37,
  0x30,0x22,0x20,0x73,0x74,0x72,0x6f,0x6b,0x65,0x2d,0x6c,0x69,0x6e,0x65,0x63,0x61,
  0x70,0x3d,0x22,0x72,0x6f,0x75,0x6e,0x64,0x22,0x20,0x73,0x74,0x72,0x6f,0x6b,0x65,
  0x2d,0x6c,0x69,0x6e,0x65,0x6a,0x6f,0x69,0x6e,0x3d,0x22,0x72,0x6f,0x75,0x6e,0x64,
  0x22,0x20,0x73,0x74,0x72,0x6f,0x6b,0x65,0x2d,0x77,0x69,0x64,0x74,0x68,0x3d,0x22,
  0x32,0x2e,0x35,0x22,0x2f,0x3e,0xd,0xa,0x20,0x20,0x20,0x20,0x20,0x20,0x20,0x20,
  0x3c,0x70,0x61,0x74,0x68,0x20,0x64,0x3d,0x22,0x6d,0x33,0x39,0x36,0x2e,0x36,0x34,
  0x32,0x38,0x36,0x20,0x31,0x30,0x31,0x35,0x2e,0x30,0x39,0x36,0x32,0x2d,0x33,0x32,
  0x2e,0x39,0x36,0x33,0x38,0x36,0x20,0x38,0x2e,0x32,0x36,0x31,0x37,0x22,0x20,0x66,
  0x69,0x6c,0x6c,0x3d,0x22,0x6e,0x6f,0x6e,0x65,0x22,0x20,0x73,0x74,0x72,0x6f,0x6b,
  0x65,0x3d,0x22,0x23,0x66,0x61,0x37,0x66,0x37,0x30,0x22,0x20,0x73,0x74,0x72,0x6f,
  0x6b,0x65,0x2d,0x6c,0x69,0x6e,0x65,0x63,0x61,0x70,0x3d,0x22,0x72,0x6f,0x75,0x6e,
  0x64,0x22,0x20,0x73,0x74,0x72,0x6f,0x6b,0x65,0x2d,0x6c,0x69,0x6e,0x65,0x6a,0x6f,
  0x69,0x6e,0x3d,0x22,0x72,0x6f,0x75,0x6e,0x64,0x22,0x20,0x73,0x74,0x72,0x6f,0x6b,
  0x65,0x2d,0x77,0x69,0x64,0x74,0x68,0x3d,0x22,0x32,0x2e,0x35,0x22,0x2f,0x3e,0xd,
  0xa,0x20,0x20,0x20,0x20,0x20,0x20,0x20,0x20,0x3c,0x70,0x61,0x74,0x68,0x20,0x64,
  0x3d,0x22,0x6d,0x2d,0x33,0x38,0x2e,0x39,0x34,0x37,0x39,0x35,0x36,0x20,0x33,0x34,
  0x32,0x2e,0x39,0x39,0x36,0x36,0x73,0x39,0x2e,0x37,0x36,0x33,0x33,0x32,0x37,0x20,
  0x33,0x2e,0x30,0x39,0x30,0x34,0x31,0x20,0x31,0x33,0x2e,0x39,0x35,0x39,0x39,0x36,
  0x20,0x34,0x2e,0x33,0x37,0x35,0x63,0x37,0x2e,0x30,0x32,0x30,0x30,0x33,0x31,0x20,
  0x32,0x2e,0x31,0x34,0x38,0x38,0x33,0x20,0x31,0x36,0x2e,0x32,0x31,0x34,0x35,0x36,
  0x38,0x33,0x20,0x35,0x2e,0x37,0x34,0x37,0x33,0x33,0x20,0x32,0x33,0x2e,0x34,0x34,
  0x37,0x32,0x37,0x30,0x33,0x20,0x37,0x2e,0x30,0x30,0x36,0x38,0x32,0x20,0x32,0x2e,
  0x37,0x30,0x35,0x35,0x34,0x31,0x32,0x2e,0x34,0x37,0x31,0x31,0x34,0x20,0x36,0x2e,
  0x33,0x39,0x38,0x34,0x36,0x38,0x31,0x2e,0x33,0x34,0x38,0x31,0x34,0x20,0x39,0x2e,
  0x31,0x34,0x30,0x36,0x33,0x2e,0x34,0x39,0x38,0x30,0x35,0x20,0x33,0x2e,0x39,0x32,
  0x35,0x38,0x31,0x34,0x37,0x2e,0x32,0x31,0x34,0x36,0x32,0x20,0x39,0x2e,0x31,0x35,
  0x34,0x38,0x37,0x31,0x37,0x2e,0x36,0x34,0x37,0x34,0x34,0x20,0x31,0x33,0x2e,0x30,
  0x38,0x35,0x39,0x31,0x39,0x37,0x2e,0x37,0x31,0x37,0x37,0x38,0x20,0x35,0x2e,0x30,
  0x38,0x34,0x35,0x38,0x2e,0x30,0x39,0x30,0x39,0x38,0x20,0x31,0x36,0x2e,0x39,0x34,
  0x38,0x32,0x35,0x2d,0x2e,0x33,0x32,0x32,0x32,0x36,0x20,0x31,0x36,0x2e,0x39,0x34,
  0x38,0x32,0x35,0x2d,0x2e,0x33,0x32,0x32,0x32,0x36,0x22,0x20,0x66,0x69,0x6c,0x6c,
  0x3d,0x22,0x6e,0x6f,0x6e,0x65,0x22,0x20,0x73,0x74,0x72,0x6f,0x6b,0x65,0x3d,0x22,
  0x23,0x66,0x61,0x37,0x66,0x37,0x30,0x22,0x20,0x73,0x74,0x72,0x6f,0x6b,0x65,0x2d,
  0x6c,0x69,0x6e,0x65,0x63,0x61,0x70,0x3d,0x22,0x72,0x6f,0x75,0x6e,0x64,0x22,0x20,
  0x73,0x74,0x72,0x6f,0x6b,0x65,0x2d,0x6c,0x69,0x6e,0x65,0x6a,0x6f,0x69,0x6e,0x3d,
  0x22,0x72,0x6f,0x75,0x6e,0x64,0x22,0x20,0x73,0x74,0x72,0x6f,0x6b,0x65,0x2d,0x77,
  0x69,0x64,0x74,0x68,0x3d,0x22,0x32,0x2e,0x35,0x22,0x2f,0x3e,0xd,0xa,0x20,0x20,
  0x20,0x20,0x20,0x20,0x20,0x20,0x3c,0x70,0x61,0x74,0x68,0x20,0x64,0x3d,0x22,0x6d,
  0x34,0x35,0x36,0x2e,0x35,0x33,0x35,0x34,0x34,0x20,0x37,0x30,0x31,0x2e,0x36,0x36,
  0x38,0x34,0x37,0x73,0x31,0x33,0x2e,0x37,0x35,0x32,0x38,0x33,0x20,0x31,0x33,0x2e,
  0x38,0x34,0x38,0x34,0x36,0x20,0x31,0x37,0x2e,0x39,0x38,0x33,0x34,0x20,0x32,0x30,
  0x2e,0x39,0x37,0x36,0x35,0x37,0x63,0x33,0x2e,0x35,0x33,0x31,0x30,0x36,0x20,0x35,
  0x2e,0x39,0x34,0x39,0x35,0x20,0x36,0x2e,0x36,0x32,0x39,0x33,0x37,0x20,0x31,0x34,
  0x2e,0x38,0x31,0x39,0x37,0x36,0x20,0x38,0x2e,0x31,0x37,0x38,0x37,0x31,0x20,0x32,
  0x31,0x2e,0x35,0x36,0x32,0x35,0x20,0x31,0x2e,0x39,0x34,0x34,0x38,0x31,0x20,0x38,
  0x2e,0x34,0x36,0x33,0x38,0x35,0x20,0x32,0x2e,0x36,0x39,0x39,0x37,0x31,0x20,0x32,
  0x30,0x2e,0x31,0x34,0x39,0x34,0x34,0x20,0x32,0x2e,0x35,0x37,0x38,0x31,0x32,0x20,
  0x32,0x38,0x2e,0x38,0x33,0x33,0x2d,0x2e,0x30,0x33,0x32,0x36,0x33,0x20,0x32,0x2e,
  0x33,0x33,0x30,0x32,0x31,0x2d,0x31,0x2e,0x30,0x36,0x33,0x31,0x36,0x20,0x35,0x2e,
  0x33,0x38,0x39,0x35,0x37,0x2d,0x2e,0x39,0x30,0x38,0x32,0x20,0x37,0x2e,0x37,0x31,
  0x34,0x38,0x35,0x2e,0x34,0x30,0x31,0x39,0x34,0x20,0x36,0x2e,0x30,0x33,0x31,0x33,
  0x38,0x20,0x33,0x2e,0x35,0x34,0x37,0x31,0x35,0x20,0x31,0x33,0x2e,0x36,0x35,0x31,
  0x35,0x20,0x34,0x2e,0x39,0x39,0x30,0x32,0x33,0x20,0x31,0x39,0x2e,0x35,0x32,0x31,
  0x34,0x38,0x20,0x31,0x2e,0x33,0x36,0x39,0x37,0x33,0x20,0x35,0x2e,0x35,0x37,0x31,
  0x36,0x31,0x20,0x34,0x2e,0x31,0x32,0x39,0x30,0x35,0x20,0x31,0x32,0x2e,0x38,0x38,
  0x31,0x39,0x32,0x20,0x34,0x2e,0x33,0x39,0x34,0x35,0x34,0x20,0x31,0x38,0x2e,0x36,
  0x31,0x33,0x32,0x38,0x2e,0x31,0x39,0x37,0x32,0x36,0x20,0x34,0x2e,0x32,0x35,0x38,
  0x33,0x39,0x2d,0x2e,0x36,0x34,0x39,0x37,0x34,0x20,0x31,0x30,0x2e,0x30,0x31,0x39,
  0x37,0x37,0x2d,0x31,0x2e,0x39,0x37,0x32,0x36,0x37,0x20,0x31,0x34,0x2e,0x30,0x37,
  0x32,0x32,0x36,0x2d,0x31,0x2e,0x33,0x34,0x32,0x39,0x20,0x34,0x2e,0x31,0x31,0x33,
  0x36,0x38,0x2d,0x33,0x2e,0x38,0x36,0x33,0x35,0x34,0x20,0x39,0x2e,0x35,0x34,0x37,
  0x2d,0x36,0x2e,0x38,0x31,0x31,0x35,0x31,0x20,0x31,0x32,0x2e,0x37,0x31,0x34,0x38,
  0x35,0x2d,0x33,0x2e,0x30,0x33,0x38,0x37,0x35,0x20,0x33,0x2e,0x32,0x36,0x35,0x34,
  0x2d,0x38,0x2e,0x34,0x37,0x37,0x33,0x20,0x36,0x2e,0x31,0x36,0x36,0x36,0x39,0x2d,
  0x31,0x32,0x2e,0x35,0x36,0x38,0x33,0x36,0x20,0x37,0x2e,0x39,0x34,0x34,0x33,0x34,
  0x2d,0x33,0x2e,0x34,0x34,0x37,0x20,0x31,0x2e,0x34,0x39,0x37,0x37,0x39,0x2d,0x38,
  0x2e,0x33,0x39,0x39,0x39,0x38,0x20,0x32,0x2e,0x36,0x33,0x32,0x34,0x38,0x2d,0x31,
  0x32,0x2e,0x31,0x31,0x39,0x31,0x34,0x20,0x33,0x2e,0x31,0x37,0x33,0x38,0x32,0x2d,
  0x34,0x2e,0x30,0x39,0x32,0x39,0x31,0x2e,0x35,0x39,0x35,0x37,0x34,0x2d,0x39,0x2e,
  0x36,0x36,0x30,0x33,0x34,0x2e,0x30,0x37,0x38,0x37,0x31,0x2d,0x31,0x33,0x2e,0x37,
  0x37,0x39,0x33,0x2e,0x34,0x35,0x34,0x31,0x2d,0x33,0x2e,0x36,0x35,0x39,0x37,0x34,
  0x2e,0x33,0x33,0x33,0x35,0x34,0x2d,0x38,0x2e,0x35,0x31,0x30,0x32,0x34,0x20,0x31,
  0x2e,0x30,0x39,0x38,0x30,0x38,0x2d,0x31,0x32,0x2e,0x31,0x31,0x34,0x32,0x36,0x20,
  0x31,0x2e,0x38,0x31,0x36,0x34,0x2d,0x33,0x2e,0x30,0x33,0x30,0x39,0x34,0x2e,0x36,
  0x30,0x34,0x31,0x2d,0x37,0x2e,0x30,0x38,0x35,0x38,0x35,0x20,0x31,0x2e,0x34,0x35,
  0x32,0x32,0x2d,0x39,0x2e,0x39,0x39,0x35,0x31,0x31,0x20,0x32,0x2e,0x34,0x39,0x35,
  0x31,0x33,0x2d,0x33,0x2e,0x38,0x38,0x32,0x37,0x31,0x20,0x31,0x2e,0x33,0x39,0x31,
  0x38,0x39,0x2d,0x38,0x2e,0x35,0x36,0x34,0x39,0x34,0x20,0x34,0x2e,0x34,0x32,0x38,
  0x37,0x32,0x2d,0x31,0x32,0x2e,0x34,0x31,0x36,0x39,0x39,0x20,0x35,0x2e,0x39,0x30,
  0x33,0x33,0x32,0x2d,0x33,0x2e,0x33,0x36,0x33,0x38,0x20,0x31,0x2e,0x32,0x38,0x37,
  0x36,0x39,0x2d,0x37,0x2e,0x39,0x34,0x38,0x39,0x36,0x20,0x32,0x2e,0x38,0x38,0x37,
  0x35,0x31,0x2d,0x31,0x31,0x2e,0x35,0x31,0x33,0x36,0x38,0x20,0x33,0x2e,0x34,0x30,
  0x33,0x33,0x32,0x2d,0x33,0x2e,0x30,0x31,0x31,0x31,0x32,0x2e,0x34,0x33,0x35,0x37,
  0x31,0x2d,0x37,0x2e,0x31,0x30,0x35,0x32,0x31,0x2e,0x31,0x39,0x32,0x33,0x38,0x2d,
  0x31,0x30,0x2e,0x31,0x34,0x31,0x36,0x20,0x30,0x2d,0x34,0x2e,0x32,0x39,0x37,0x33,
  0x2d,0x2e,0x32,0x37,0x32,0x32,0x37,0x2d,0x39,0x2e,0x39,0x34,0x33,0x37,0x35,0x2d,
  0x31,0x2e,0x34,0x39,0x38,0x35,0x37,0x2d,0x31,0x34,0x2e,0x32,0x33,0x38,0x32,0x38,
  0x2d,0x31,0x2e,0x38,0x31,0x31,0x35,0x33,0x2d,0x33,0x2e,0x36,0x32,0x35,0x33,0x32,
  0x2d,0x2e,0x32,0x36,0x34,0x31,0x39,0x2d,0x38,0x2e,0x34,0x38,0x31,0x32,0x31,0x2d,
  0x2e,0x33,0x34,0x36,0x31,0x31,0x2d,0x31,0x32,0x2e,0x31,0x31,0x34,0x32,0x37,0x2d,
  0x2e,0x32,0x32,0x39,0x34,0x39,0x2d,0x35,0x2e,0x31,0x38,0x34,0x36,0x37,0x2e,0x31,
  0x36,0x36,0x34,0x32,0x2d,0x31,0x33,0x2e,0x38,0x39,0x32,0x33,0x20,0x35,0x2e,0x34,
  0x30,0x35,0x32,0x37,0x2d,0x31,0x37,0x2e,0x32,0x33,0x31,0x34,0x33,0x20,0x31,0x2e,
  0x34,0x33,0x35,0x35,0x35,0x2d,0x31,0x2e,0x38,0x32,0x36,0x32,0x32,0x2d,0x32,0x2e,
  0x31,0x37,0x31,0x31,0x20,0x31,0x2e,0x37,0x39,0x32,0x33,0x33,0x2d,0x36,0x2e,0x33,
  0x37,0x36,0x35,0x33,0x20,0x32,0x2e,0x33,0x38,0x37,0x36,0x38,0x2d,0x39,0x2e,0x31,
  0x35,0x30,0x34,0x2e,0x39,0x37,0x31,0x31,0x34,0x2d,0x34,0x2e,0x35,0x32,0x34,0x37,
  0x38,0x20,0x32,0x2e,0x30,0x34,0x38,0x34,0x39,0x2d,0x31,0x30,0x2e,0x36,0x31,0x31,
  0x39,0x37,0x20,0x32,0x2e,0x35,0x37,0x33,0x32,0x35,0x2d,0x31,0x35,0x2e,0x32,0x30,
  0x39,0x39,0x35,0x2e,0x33,0x34,0x38,0x31,0x31,0x2d,0x33,0x2e,0x30,0x35,0x30,0x31,
  0x32,0x2e,0x36,0x31,0x30,0x33,0x35,0x2d,0x31,0x30,0x2e,0x32,0x31,0x34,0x38,0x35,
  0x2e,0x36,0x31,0x30,0x33,0x35,0x2d,0x31,0x30,0x2e,0x32,0x31,0x34,0x38,0x35,0x22,
  0x20,0x66,0x69,0x6c,0x6c,0x3d,0x22,0x6e,0x6f,0x6e,0x65,0x22,0x20,0x73,0x74,0x72,
  0x6f,0x6b,0x65,0x3d,0x22,0x23,0x66,0x61,0x37,0x66,0x37,0x30,0x22,0x20,0x73,0x74,
  0x72,0x6f,0x6b,0x65,0x2d,0x6c,0x69,0x6e,0x65,0x63,0x61,0x70,0x3d,0x22,0x72,0x6f,
  0x75,0x6e,0x64,0x22,0x20,0x73,0x74,0x72,0x6f,0x6b,0x65,0x2d,0x6c,0x69,0x6e,0x65,
  0x6a,0x6f,0x69,0x6e,0x3d,0x22,0x72,0x6f,0x75,0x6e,0x64,0x22,0x20,0x73,0x74,0x72,
  0x6f,0x6b,0x65,0x2d,0x77,0x69,0x64,0x74,0x68,0x3d,0x22,0x32,0x2e,0x35,0x22,0x2f,
  0x3e,0xd,0xa,0x20,0x20,0x20,0x20,0x20,0x20,0x20,0x20,0x3c,0x70,0x61,0x74,0x68,
  0x20,0x64,0x3d,0x22,0x6d,0x2d,0x35,0x39,0x2e,0x30,0x35,0x30,0x34,0x39,0x36,0x20,
  0x34,0x30,0x32,0x2e,0x33,0x36,0x31,0x38,0x32,0x73,0x2d,0x31,0x2e,0x36,0x32,0x30,
  0x35,0x36,0x35,0x2d,0x35,0x2e,0x37,0x30,0x34,0x31,0x33,0x2d,0x31,0x2e,0x38,0x32,
  0x36,0x31,0x38,0x2d,0x38,0x2e,0x32,0x32,0x32,0x36,0x35,0x63,0x2d,0x2e,0x32,0x36,
  0x38,0x30,0x30,0x37,0x2d,0x33,0x2e,0x32,0x38,0x32,0x37,0x34,0x2d,0x2e,0x37,0x35,
  0x39,0x32,0x34,0x32,0x2d,0x37,0x2e,0x39,0x36,0x36,0x35,0x31,0x2e,0x36,0x31,0x30,
  0x33,0x37,0x2d,0x31,0x30,0x2e,0x39,0x36,0x31,0x39,0x31,0x20,0x33,0x2e,0x32,0x37,
  0x36,0x39,0x33,0x38,0x2d,0x37,0x2e,0x31,0x36,0x36,0x37,0x39,0x20,0x31,0x34,0x2e,
  0x35,0x39,0x31,0x39,0x30,0x33,0x2d,0x31,0x31,0x2e,0x36,0x35,0x31,0x32,0x39,0x20,
  0x31,0x38,0x2e,0x38,0x38,0x31,0x38,0x33,0x2d,0x31,0x38,0x2e,0x32,0x36,0x31,0x37,
  0x32,0x20,0x31,0x2e,0x37,0x34,0x35,0x36,0x36,0x34,0x2d,0x32,0x2e,0x36,0x38,0x39,
  0x39,0x33,0x20,0x33,0x2e,0x32,0x36,0x32,0x35,0x38,0x32,0x2d,0x36,0x2e,0x38,0x36,
  0x31,0x36,0x20,0x33,0x2e,0x36,0x35,0x37,0x32,0x33,0x2d,0x31,0x30,0x2e,0x30,0x34,
  0x33,0x39,0x34,0x2e,0x34,0x34,0x30,0x37,0x34,0x34,0x2d,0x33,0x2e,0x35,0x35,0x34,
  0x30,0x35,0x2d,0x2e,0x31,0x32,0x34,0x38,0x35,0x39,0x2d,0x38,0x2e,0x34,0x36,0x35,
  0x35,0x31,0x2d,0x31,0x2e,0x32,0x32,0x30,0x37,0x31,0x2d,0x31,0x31,0x2e,0x38,0x37,
  0x35,0x2d,0x32,0x2e,0x30,0x32,0x37,0x37,0x37,0x37,0x2d,0x36,0x2e,0x33,0x30,0x38,
  0x39,0x37,0x2d,0x38,0x2e,0x39,0x36,0x32,0x37,0x38,0x39,0x2d,0x31,0x32,0x2e,0x38,
  0x35,0x38,0x32,0x35,0x2d,0x31,0x30,0x2e,0x39,0x36,0x36,0x37,0x39,0x2d,0x31,0x39,
  0x2e,0x31,0x37,0x34,0x38,0x31,0x2d,0x31,0x2e,0x37,0x34,0x38,0x33,0x33,0x32,0x2d,
  0x35,0x2e,0x35,0x31,0x30,0x37,0x2d,0x33,0x2e,0x34,0x36,0x35,0x36,0x36,0x38,0x2d,
  0x31,0x33,0x2e,0x36,0x34,0x30,0x35,0x32,0x2d,0x31,0x2e,0x38,0x32,0x36,0x31,0x38,
  0x2d,0x31,0x39,0x2e,0x31,0x38,0x34,0x35,0x37,0x20,0x31,0x2e,0x35,0x38,0x36,0x31,
  0x34,0x31,0x2d,0x35,0x2e,0x33,0x36,0x33,0x36,0x35,0x20,0x38,0x2e,0x30,0x32,0x35,
  0x38,0x31,0x36,0x2d,0x31,0x30,0x2e,0x32,0x39,0x33,0x30,0x37,0x20,0x31,0x31,0x2e,
  0x35,0x37,0x37,0x31,0x35,0x2d,0x31,0x34,0x2e,0x36,0x31,0x34,0x32,0x36,0x20,0x34,
  0x2e,0x31,0x31,0x34,0x38,0x33,0x36,0x2d,0x35,0x2e,0x30,0x30,0x36,0x38,0x34,0x20,
  0x31,0x30,0x2e,0x31,0x38,0x33,0x31,0x30,0x33,0x2d,0x31,0x31,0x2e,0x32,0x31,0x32,
  0x38,0x39,0x20,0x31,0x34,0x2e,0x30,0x31,0x33,0x36,0x38,0x2d,0x31,0x36,0x2e,0x34,
  0x34,0x30,0x34,0x32,0x20,0x36,0x2e,0x31,0x31,0x31,0x38,0x39,0x32,0x2d,0x38,0x2e,
  0x33,0x34,0x30,0x38,0x20,0x31,0x31,0x2e,0x35,0x39,0x36,0x34,0x34,0x2d,0x32,0x31,
  0x2e,0x33,0x33,0x30,0x34,0x32,0x20,0x31,0x38,0x2e,0x32,0x37,0x36,0x33,0x36,0x30,
  0x33,0x2d,0x32,0x39,0x2e,0x32,0x32,0x33,0x36,0x34,0x20,0x33,0x2e,0x34,0x37,0x30,
  0x34,0x30,0x33,0x31,0x2d,0x34,0x2e,0x31,0x30,0x30,0x37,0x34,0x20,0x38,0x2e,0x37,
  0x31,0x30,0x30,0x33,0x35,0x35,0x31,0x2d,0x39,0x2e,0x32,0x36,0x31,0x30,0x31,0x20,
  0x31,0x33,0x2e,0x34,0x30,0x33,0x33,0x31,0x2d,0x31,0x31,0x2e,0x38,0x37,0x35,0x20,
  0x34,0x2e,0x31,0x36,0x35,0x37,0x36,0x36,0x39,0x2d,0x32,0x2e,0x33,0x32,0x30,0x31,
  0x39,0x20,0x31,0x30,0x2e,0x35,0x30,0x36,0x37,0x39,0x38,0x37,0x2d,0x33,0x2e,0x38,
  0x37,0x33,0x32,0x38,0x20,0x31,0x35,0x2e,0x32,0x32,0x34,0x36,0x31,0x39,0x37,0x2d,
  0x34,0x2e,0x35,0x36,0x35,0x34,0x33,0x20,0x34,0x2e,0x33,0x34,0x30,0x37,0x34,0x31,
  0x2d,0x2e,0x36,0x33,0x36,0x38,0x32,0x20,0x31,0x30,0x2e,0x33,0x35,0x34,0x31,0x32,
  0x32,0x2d,0x31,0x2e,0x30,0x30,0x37,0x37,0x35,0x20,0x31,0x34,0x2e,0x36,0x32,0x34,
  0x30,0x32,0x20,0x30,0x20,0x35,0x2e,0x39,0x36,0x35,0x38,0x34,0x38,0x20,0x31,0x2e,
  0x34,0x30,0x38,0x30,0x31,0x20,0x31,0x32,0x2e,0x36,0x32,0x36,0x30,0x32,0x37,0x20,
  0x36,0x2e,0x37,0x35,0x39,0x32,0x38,0x20,0x31,0x38,0x2e,0x32,0x37,0x36,0x33,0x36,
  0x20,0x39,0x2e,0x31,0x33,0x35,0x37,0x34,0x20,0x34,0x2e,0x36,0x33,0x34,0x34,0x35,
  0x35,0x20,0x31,0x2e,0x39,0x34,0x39,0x32,0x20,0x31,0x30,0x2e,0x38,0x31,0x32,0x32,
  0x39,0x20,0x35,0x2e,0x34,0x33,0x39,0x32,0x36,0x20,0x31,0x35,0x2e,0x38,0x33,0x39,
  0x38,0x35,0x20,0x35,0x2e,0x34,0x37,0x33,0x36,0x34,0x20,0x32,0x32,0x2e,0x37,0x31,
  0x30,0x39,0x37,0x36,0x2e,0x31,0x35,0x35,0x33,0x31,0x20,0x37,0x31,0x2e,0x38,0x38,
  0x34,0x37,0x36,0x36,0x2d,0x32,0x33,0x2e,0x37,0x34,0x35,0x31,0x33,0x20,0x37,0x31,
  0x2e,0x38,0x38,0x34,0x37,0x36,0x36,0x2d,0x32,0x33,0x2e,0x37,0x34,0x35,0x31,0x33,
  0x22,0x20,0x66,0x69,0x6c,0x6c,0x3d,0x22,0x6e,0x6f,0x6e,0x65,0x22,0x20,0x73,0x74,
  0x72,0x6f,0x6b,0x65,0x3d,0x22,0x23,0x66,0x61,0x37,0x66,0x37,0x30,0x22,0x20,0x73,
  0x74,0x72,0x6f,0x6b,0x65,0x2d,0x6c,0x69,0x6e,0x65,0x63,0x61,0x70,0x3d,0x22,0x72,
  0x6f,0x75,0x6e,0x64,0x22,0x20,0x73,0x74,0x72,0x6f,0x6b,0x65,0x2d,0x6c,0x69,0x6e,
  0x65,0x6a,0x6f,0x69,0x6e,0x3d,0x22,0x72,0x6f,0x75,0x6e,0x64,0x22,0x20,0x73,0x74,
  0x72,0x6f,0x6b,0x65,0x2d,0x77,0x69,0x64,0x74,0x68,0x3d,0x22,0x32,0x2e,0x35,0x22,
  0x2f,0x3e,0xd,0xa,0x20,0x20,0x20,0x20,0x20,0x20,0x20,0x20,0x3c,0x70,0x61,0x74,
  0x68,0x20,0x64,0x3d,0x22,0x6d,0x31,0x31,0x35,0x2e,0x34,0x32,0x37,0x30,0x34,0x20,
  0x36,0x37,0x37,0x2e,0x33,0x36,0x36,0x37,0x31,0x73,0x2d,0x32,0x37,0x2e,0x37,0x31,
  0x36,0x36,0x34,0x34,0x2d,0x33,0x2e,0x37,0x33,0x32,0x33,0x39,0x2d,0x33,0x39,0x2e,
  0x34,0x34,0x33,0x33,0x34,0x36,0x2d,0x36,0x2e,0x31,0x36,0x36,0x39,0x39,0x63,0x2d,
  0x31,0x32,0x2e,0x35,0x35,0x39,0x33,0x30,0x33,0x2d,0x32,0x2e,0x36,0x30,0x37,0x34,
  0x36,0x2d,0x32,0x38,0x2e,0x38,0x35,0x31,0x39,0x31,0x34,0x2d,0x38,0x2e,0x30,0x31,
  0x31,0x36,0x37,0x2d,0x34,0x31,0x2e,0x33,0x38,0x31,0x38,0x34,0x2d,0x31,0x30,0x2e,
  0x37,0x35,0x36,0x38,0x33,0x2d,0x39,0x2e,0x34,0x38,0x39,0x32,0x38,0x34,0x2d,0x32,
  0x2e,0x30,0x37,0x38,0x39,0x39,0x2d,0x32,0x32,0x2e,0x32,0x34,0x39,0x31,0x37,0x39,
  0x2d,0x34,0x2e,0x33,0x39,0x34,0x35,0x38,0x2d,0x33,0x31,0x2e,0x38,0x37,0x34,0x39,
  0x39,0x39,0x37,0x2d,0x35,0x2e,0x37,0x30,0x33,0x31,0x33,0x2d,0x33,0x2e,0x30,0x32,
  0x36,0x34,0x33,0x31,0x38,0x37,0x2d,0x2e,0x34,0x31,0x31,0x34,0x32,0x2d,0x37,0x2e,
  0x32,0x33,0x35,0x39,0x33,0x38,0x2e,0x30,0x30,0x38,0x37,0x35,0x2d,0x31,0x30,0x2e,
  0x31,0x33,0x36,0x37,0x33,0x2d,0x2e,0x39,0x34,0x37,0x32,0x36,0x2d,0x34,0x2e,0x33,
  0x35,0x37,0x39,0x35,0x36,0x33,0x2d,0x31,0x2e,0x34,0x33,0x36,0x32,0x35,0x2d,0x39,
  0x2e,0x35,0x38,0x39,0x31,0x38,0x32,0x33,0x2d,0x34,0x2e,0x39,0x34,0x34,0x38,0x33,
  0x2d,0x31,0x33,0x2e,0x30,0x39,0x30,0x38,0x31,0x30,0x33,0x2d,0x37,0x2e,0x39,0x31,
  0x30,0x31,0x36,0x2d,0x34,0x2e,0x30,0x30,0x38,0x39,0x38,0x31,0x2d,0x33,0x2e,0x33,
  0x39,0x34,0x39,0x38,0x2d,0x38,0x2e,0x30,0x33,0x34,0x34,0x39,0x39,0x2d,0x39,0x2e,
  0x32,0x35,0x38,0x34,0x2d,0x31,0x31,0x2e,0x34,0x30,0x31,0x33,0x37,0x2d,0x31,0x33,
  0x2e,0x32,0x39,0x31,0x30,0x32,0x2d,0x36,0x2e,0x31,0x31,0x35,0x39,0x32,0x32,0x2d,
  0x37,0x2e,0x33,0x32,0x35,0x32,0x35,0x2d,0x31,0x34,0x2e,0x31,0x39,0x37,0x39,0x34,
  0x39,0x2d,0x31,0x37,0x2e,0x31,0x35,0x36,0x34,0x35,0x2d,0x32,0x30,0x2e,0x30,0x35,
  0x38,0x35,0x39,0x2d,0x32,0x34,0x2e,0x36,0x38,0x37,0x35,0x2d,0x35,0x2e,0x31,0x30,
  0x33,0x32,0x36,0x33,0x2d,0x36,0x2e,0x35,0x35,0x37,0x38,0x2d,0x39,0x2e,0x33,0x37,
  0x35,0x39,0x37,0x33,0x2d,0x31,0x38,0x2e,0x30,0x31,0x35,0x32,0x32,0x2d,0x31,0x36,
  0x2e,0x35,0x34,0x37,0x38,0x35,0x2d,0x32,0x32,0x2e,0x32,0x31,0x31,0x39,0x31,0x2d,
  0x31,0x2e,0x37,0x39,0x37,0x34,0x34,0x39,0x2d,0x31,0x2e,0x30,0x35,0x31,0x37,0x39,
  0x2d,0x34,0x2e,0x38,0x30,0x39,0x38,0x31,0x32,0x2d,0x2e,0x37,0x31,0x30,0x39,0x2d,
  0x36,0x2e,0x38,0x38,0x34,0x37,0x38,0x2d,0x2e,0x38,0x38,0x38,0x36,0x37,0x2d,0x32,
  0x2e,0x30,0x35,0x38,0x32,0x39,0x32,0x2d,0x2e,0x31,0x37,0x36,0x33,0x34,0x2d,0x34,
  0x2e,0x38,0x31,0x34,0x30,0x35,0x36,0x2d,0x2e,0x32,0x38,0x34,0x34,0x32,0x2d,0x36,
  0x2e,0x38,0x37,0x39,0x38,0x37,0x2d,0x2e,0x32,0x39,0x32,0x39,0x38,0x2d,0x31,0x2e,
  0x35,0x38,0x31,0x34,0x38,0x33,0x2d,0x2e,0x30,0x30,0x36,0x35,0x35,0x2d,0x35,0x2e,
  0x32,0x36,0x38,0x35,0x36,0x2e,0x31,0x38,0x30,0x36,0x36,0x2d,0x35,0x2e,0x32,0x36,
  0x38,0x35,0x36,0x2e,0x31,0x38,0x30,0x36,0x36,0x22,0x20,0x66,0x69,0x6c,0x6c,0x3d,
  0x22,0x6e,0x6f,0x6e,0x65,0x22,0x20,0x73,0x74,0x72,0x6f,0x6b,0x65,0x3d,0x22,0x23,
  0x66,0x61,0x37,0x66,0x37,0x30,0x22,0x20,0x73,0x74,0x72,0x6f,0x6b,0x65,0x2d,0x6c,
  0x69,0x6e,0x65,0x63,0x61,0x70,0x3d,0x22,0x72,0x6f,0x75,0x6e,0x64,0x22,0x20,0x73,
  0x74,0x72,0x6f,0x6b,0x65,0x2d,0x6c,0x69,0x6e,0x65,0x6a,0x6f,0x69,0x6e,0x3d,0x22,
  0x72,0x6f,0x75,0x6e,0x64,0x22,0x20,0x73,0x74,0x72,0x6f,0x6b,0x65,0x2d,0x77,0x69,
  0x64,0x74,0x68,0x3d,0x22,0x32,0x2e,0x35,0x22,0x2f,0x3e,0xd,0xa,0x20,0x20,0x20,
  0x20,0x20,0x20,0x20,0x20,0x3c,0x70,0x61,0x74,0x68,0x20,0x64,0x3d,0x22,0x6d,0x33,
  0x33,0x32,0x2e,0x31,0x37,0x35,0x30,0x39,0x20,0x38,0x31,0x37,0x2e,0x36,0x30,0x31,
  0x30,0x39,0x20,0x33,0x2e,0x36,0x34,0x32,0x35,0x37,0x2d,0x31,0x37,0x2e,0x32,0x35,
  0x30,0x39,0x38,0x20,0x37,0x2e,0x38,0x37,0x31,0x31,0x2d,0x31,0x36,0x2e,0x33,0x34,
  0x32,0x37,0x37,0x20,0x39,0x2e,0x30,0x38,0x36,0x39,0x31,0x2d,0x32,0x32,0x2e,0x37,
  0x30,0x30,0x32,0x20,0x34,0x2e,0x38,0x34,0x33,0x37,0x35,0x2d,0x31,0x39,0x2e,0x30,
  0x36,0x37,0x33,0x38,0x20,0x33,0x2e,0x36,0x33,0x37,0x37,0x2d,0x32,0x33,0x2e,0x36,
  0x30,0x38,0x34,0x20,0x36,0x2e,0x30,0x35,0x34,0x36,0x39,0x2d,0x31,0x39,0x2e,0x30,
  0x36,0x37,0x33,0x39,0x22,0x20,0x66,0x69,0x6c,0x6c,0x3d,0x22,0x6e,0x6f,0x6e,0x65,
  0x22,0x20,0x73,0x74,0x72,0x6f,0x6b,0x65,0x3d,0x22,0x23,0x66,0x61,0x37,0x66,0x37,
  0x30,0x22,0x20,0x73,0x74,0x72,0x6f,0x6b,0x65,0x2d,0x6c,0x69,0x6e,0x65,0x63,0x61,
  0x70,0x3d,0x22,0x72,0x6f,0x75,0x6e,0x64,0x22,0x20,0x73,0x74,0x72,0x6f,0x6b,0x65,
  0x2d,0x6c,0x69,0x6e,0x65,0x6a,0x6f,0x69,0x6e,0x3d,0x22,0x72,0x6f,0x75,0x6e,0x64,
  0x22,0x20,0x73,0x74,0x72,0x6f,0x6b,0x65,0x2d,0x77,0x69,0x64,0x74,0x68,0x3d,0x22,
  0x32,0x2e,0x35,0x22,0x2f,0x3e,0xd,0xa,0x20,0x20,0x20,0x20,0x20,0x20,0x20,0x20,
  0x3c,0x70,0x61,0x74,0x68,0x20,0x64,0x3d,0x22,0x6d,0x34,0x35,0x32,0x2e,0x38,0x35,
  0x38,0x36,0x39,0x20,0x36,0x38,0x32,0x2e,0x34,0x36,0x34,0x33,0x37,0x20,0x33,0x2e,
  0x36,0x37,0x36,0x37,0x35,0x20,0x31,0x39,0x2e,0x32,0x30,0x34,0x31,0x20,0x34,0x2e,
  0x36,0x37,0x32,0x38,0x35,0x20,0x33,0x32,0x2e,0x33,0x39,0x37,0x34,0x35,0x20,0x36,
  0x2e,0x30,0x35,0x34,0x36,0x38,0x20,0x32,0x34,0x2e,0x35,0x32,0x31,0x34,0x39,0x76,
  0x32,0x36,0x2e,0x33,0x32,0x38,0x31,0x33,0x6c,0x2d,0x31,0x30,0x2e,0x32,0x39,0x37,
  0x38,0x35,0x20,0x32,0x34,0x2e,0x35,0x31,0x31,0x37,0x32,0x2d,0x32,0x31,0x2e,0x32,
  0x30,0x31,0x31,0x37,0x20,0x32,0x33,0x2e,0x36,0x31,0x33,0x32,0x38,0x2d,0x32,0x37,
  0x2e,0x38,0x36,0x36,0x32,0x20,0x31,0x30,0x2e,0x38,0x39,0x33,0x35,0x36,0x2d,0x32,
  0x33,0x2e,0x30,0x31,0x37,0x35,0x39,0x2e,0x39,0x30,0x38,0x32,0x2d,0x32,0x37,0x2e,
  0x32,0x36,0x30,0x37,0x34,0x2d,0x35,0x2e,0x34,0x34,0x39,0x32,0x33,0x2d,0x35,0x2e,
  0x33,0x31,0x32,0x35,0x2d,0x33,0x2e,0x37,0x30,0x36,0x30,0x35,0x2d,0x31,0x34,0x2e,
  0x30,0x36,0x37,0x33,0x38,0x2d,0x39,0x2e,0x39,0x31,0x32,0x31,0x31,0x2d,0x36,0x2e,
  0x30,0x36,0x34,0x34,0x35,0x2d,0x38,0x2e,0x31,0x37,0x33,0x38,0x32,0x2d,0x34,0x2e,
  0x38,0x32,0x39,0x31,0x2e,0x39,0x30,0x38,0x32,0x22,0x20,0x66,0x69,0x6c,0x6c,0x3d,
  0x22,0x6e,0x6f,0x6e,0x65,0x22,0x20,0x73,0x74,0x72,0x6f,0x6b,0x65,0x3d,0x22,0x23,
  0x66,0x61,0x37,0x66,0x37,0x30,0x22,0x20,0x73,0x74,0x72,0x6f,0x6b,0x65,0x2d,0x6c,
  0x69,0x6e,0x65,0x63,0x61,0x70,0x3d,0x22,0x72,0x6f,0x75,0x6e,0x64,0x22,0x20,0x73,
  0x74,0x72,0x6f,0x6b,0x65,0x2d,0x6c,0x69,0x6e,0x65,0x6a,0x6f,0x69,0x6e,0x3d,0x22,
  0x72,0x6f,0x75,0x6e,0x64,0x22,0x20,0x73,0x74,0x72,0x6f,0x6b,0x65,0x2d,0x77,0x69,
  0x64,0x74,0x68,0x3d,0x22,0x32,0x2e,0x35,0x22,0x2f,0x3e,0xd,0xa,0x20,0x20,0x20,
  0x20,0x20,0x20,0x20,0x20,0x3c,0x70,0x61,0x74,0x68,0x20,0x64,0x3d,0x22,0x6d,0x36,
  0x30,0x31,0x2e,0x32,0x36,0x32,0x20,0x32,0x34,0x38,0x2e,0x36,0x39,0x34,0x38,0x34,
  0x2e,0x34,0x32,0x39,0x36,0x39,0x2d,0x32,0x2e,0x30,0x39,0x39,0x36,0x32,0x2e,0x30,
  0x34,0x38,0x38,0x33,0x2d,0x33,0x2e,0x30,0x37,0x31,0x32,0x38,0x2e,0x37,0x31,0x37,
  0x37,0x37,0x2d,0x33,0x2e,0x37,0x36,0x39,0x35,0x33,0x2e,0x30,0x37,0x33,0x32,0x35,
  0x2d,0x32,0x2e,0x39,0x32,0x39,0x36,0x39,0x2e,0x38,0x35,0x39,0x33,0x37,0x2d,0x33,
  0x2e,0x39,0x34,0x35,0x33,0x31,0x2e,0x32,0x33,0x39,0x32,0x35,0x2d,0x32,0x2e,0x32,
  0x35,0x30,0x39,0x39,0x20,0x31,0x2e,0x35,0x30,0x33,0x39,0x31,0x2d,0x31,0x31,0x2e,
  0x33,0x36,0x37,0x31,0x37,0x2d,0x31,0x35,0x2e,0x35,0x34,0x36,0x38,0x37,0x2d,0x32,
  0x2e,0x39,0x36,0x38,0x37,0x35,0x2d,0x39,0x2e,0x32,0x31,0x33,0x38,0x38,0x2d,0x31,
  0x2e,0x37,0x36,0x37,0x35,0x39,0x2d,0x37,0x2e,0x33,0x35,0x38,0x33,0x38,0x2d,0x31,
  0x2e,0x34,0x30,0x36,0x32,0x35,0x2d,0x31,0x30,0x2e,0x31,0x37,0x30,0x39,0x2d,0x31,
  0x2e,0x39,0x34,0x38,0x32,0x34,0x2d,0x31,0x33,0x2e,0x34,0x32,0x37,0x37,0x34,0x2d,
  0x32,0x2e,0x35,0x36,0x38,0x33,0x36,0x22,0x20,0x66,0x69,0x6c,0x6c,0x3d,0x22,0x6e,
  0x6f,0x6e,0x65,0x22,0x20,0x73,0x74,0x72,0x6f,0x6b,0x65,0x3d,0x22,0x23,0x66,0x61,
  0x37,0x66,0x37,0x30,0x22,0x20,0x73,0x74,0x72,0x6f,0x6b,0x65,0x2d,0x6c,0x69,0x6e,
  0x65,0x63,0x61,0x70,0x3d,0x22,0x72,0x6f,0x75,0x6e,0x64,0x22,0x20,0x73,0x74,0x72,
  0x6f,0x6b,0x65,0x2d,0x6c,0x69,0x6e,0x65,0x6a,0x6f,0x69,0x6e,0x3d,0x22,0x72,0x6f,
  0x75,0x6e,0x64,0x22,0x20,0x73,0x74,0x72,0x6f,0x6b,0x65,0x2d,0x77,0x69,0x64,0x74,
  0x68,0x3d,0x22,0x31,0x2e,0x35,0x22,0x2f,0x3e,0xd,0xa,0x20,0x20,0x20,0x20,0x20,
  0x20,0x20,0x20,0x3c,0x70,0x61,0x74,0x68,0x20,0x64,0x3d,0x22,0x6d,0x35,0x35,0x33,
  0x2e,0x31,0x38,0x30,0x39,0x35,0x20,0x31,0x33,0x36,0x2e,0x33,0x32,0x36,0x36,0x37,
  0x2d,0x32,0x2e,0x35,0x39,0x32,0x37,0x38,0x20,0x31,0x38,0x2e,0x33,0x33,0x39,0x38,
  0x34,0x2e,0x34,0x32,0x39,0x36,0x39,0x20,0x33,0x2e,0x33,0x30,0x30,0x37,0x39,0x20,
  0x31,0x2e,0x38,0x31,0x36,0x34,0x31,0x20,0x31,0x2e,0x31,0x33,0x32,0x38,0x31,0x20,
  0x32,0x2e,0x33,0x39,0x32,0x35,0x38,0x2e,0x34,0x34,0x39,0x32,0x31,0x22,0x20,0x66,
  0x69,0x6c,0x6c,0x3d,0x22,0x6e,0x6f,0x6e,0x65,0x22,0x20,0x73,0x74,0x72,0x6f,0x6b,
  0x65,0x3d,0x22,0x23,0x66,0x61,0x37,0x66,0x37,0x30,0x22,0x20,0x73,0x74,0x72,0x6f,
  0x6b,0x65,0x2d,0x6c,0x69,0x6e,0x65,0x63,0x61,0x70,0x3d,0x22,0x72,0x6f,0x75,0x6e,
  0x64,0x22,0x20,0x73,0x74,0x72,0x6f,0x6b,0x65,0x2d,0x6c,0x69,0x6e,0x65,0x6a,0x6f,
  0x69,0x6e,0x3d,0x22,0x72,0x6f,0x75,0x6e,0x64,0x22,0x20,0x73,0x74,0x72,0x6f,0x6b,
  0x65,0x2d,0x77,0x69,0x64,0x74,0x68,0x3d,0x22,0x31,0x2e,0x35,0x22,0x2f,0x3e,0xd,
  0xa,0x20,0x20,0x20,0x20,0x20,0x20,0x20,0x20,0x3c,0x70,0x61,0x74,0x68,0x20,0x64,
  0x3d,0x22,0x6d,0x35,0x35,0x34,0x2e,0x30,0x31,0x31,0x30,0x32,0x20,0x34,0x32,0x31,
  0x2e,0x32,0x34,0x33,0x36,0x36,0x2d,0x2e,0x37,0x31,0x37,0x37,0x37,0x2d,0x32,0x30,
  0x2e,0x30,0x35,0x38,0x35,0x39,0x20,0x31,0x2e,0x31,0x37,0x36,0x37,0x36,0x2d,0x2e,
  0x34,0x38,0x38,0x32,0x38,0x2e,0x37,0x38,0x36,0x31,0x34,0x2d,0x31,0x2e,0x36,0x33,
  0x35,0x37,0x34,0x2d,0x2e,0x38,0x32,0x30,0x33,0x33,0x2d,0x31,0x2e,0x37,0x34,0x33,
  0x31,0x36,0x2d,0x31,0x2e,0x33,0x34,0x32,0x37,0x36,0x2d,0x2e,0x34,0x36,0x38,0x37,
  0x35,0x2d,0x31,0x2e,0x34,0x37,0x34,0x36,0x31,0x2e,0x35,0x36,0x31,0x35,0x32,0x2d,
  0x2e,0x37,0x31,0x32,0x38,0x39,0x20,0x31,0x2e,0x34,0x39,0x39,0x30,0x31,0x2e,0x36,
  0x38,0x38,0x34,0x38,0x20,0x31,0x2e,0x36,0x39,0x39,0x32,0x33,0x20,0x31,0x2e,0x36,
  0x39,0x39,0x32,0x31,0x2e,0x35,0x37,0x36,0x31,0x37,0x22,0x20,0x66,0x69,0x6c,0x6c,
  0x3d,0x22,0x6e,0x6f,0x6e,0x65,0x22,0x20,0x73,0x74,0x72,0x6f,0x6b,0x65,0x3d,0x22,
  0x23,0x66,0x61,0x37,0x66,0x37,0x30,0x22,0x20,0x73,0x74,0x72,0x6f,0x6b,0x65,0x2d,
  0x6c,0x69,0x6e,0x65,0x63,0x61,0x70,0x3d,0x22,0x72,0x6f,0x75,0x6e,0x64,0x22,0x20,
  0x73,0x74,0x72,0x6f,0x6b,0x65,0x2d,0x6c,0x69,0x6e,0x65,0x6a,0x6f,0x69,0x6e,0x3d,
  0x22,0x72,0x6f,0x75,0x6e,0x64,0x22,0x20,0x73,0x74,0x72,0x6f,0x6b,0x65,0x2d,0x77,
  0x69,0x64,0x74,0x68,0x3d,0x22,0x32,0x2e,0x35,0x22,0x2f,0x3e,0xd,0xa,0x20,0x20,
  0x20,0x20,0x20,0x20,0x20,0x20,0x3c,0x70,0x61,0x74,0x68,0x20,0x64,0x3d,0x22,0x6d,
  0x35,0x35,0x33,0x2e,0x30,0x39,0x33,0x30,0x36,0x20,0x33,0x39,0x36,0x2e,0x38,0x34,
  0x39,0x31,0x34,0x2d,0x2e,0x34,0x32,0x39,0x36,0x39,0x2d,0x37,0x2e,0x32,0x32,0x31,
  0x36,0x39,0x22,0x20,0x66,0x69,0x6c,0x6c,0x3d,0x22,0x6e,0x6f,0x6e,0x65,0x22,0x20,
  0x73,0x74,0x72,0x6f,0x6b,0x65,0x3d,0x22,0x23,0x66,0x61,0x37,0x66,0x37,0x30,0x22,
  0x20,0x73,0x74,0x72,0x6f,0x6b,0x65,0x2d,0x6c,0x69,0x6e,0x65,0x63,0x61,0x70,0x3d,
  0x22,0x72,0x6f,0x75,0x6e,0x64,0x22,0x20,0x73,0x74,0x72,0x6f,0x6b,0x65,0x2d,0x6c,
  0x69,0x6e,0x65,0x6a,0x6f,0x69,0x6e,0x3d,0x22,0x72,0x6f,0x75,0x6e,0x64,0x22,0x20,
  0x73,0x74,0x72,0x6f,0x6b,0x65,0x2d,0x77,0x69,0x64,0x74,0x68,0x3d,0x22,0x32,0x2e,
  0x35,0x22,0x2f,0x3e,0xd,0xa,0x20,0x20,0x20,0x20,0x20,0x20,0x20,0x20,0x3c,0x70,
  0x61,0x74,0x68,0x20,0x64,0x3d,0x22,0x6d,0x35,0x35,0x36,0x2e,0x36,0x31,0x33,0x35,
  0x36,0x20,0x31,0x36,0x36,0x2e,0x32,0x30,0x39,0x34,0x39,0x2d,0x2e,0x33,0x31,0x37,
  0x33,0x37,0x20,0x34,0x2e,0x33,0x37,0x39,0x38,0x38,0x2d,0x2e,0x36,0x35,0x34,0x33,
  0x20,0x36,0x2e,0x32,0x37,0x34,0x34,0x32,0x2d,0x2e,0x33,0x38,0x35,0x37,0x34,0x20,
  0x35,0x2e,0x30,0x32,0x34,0x34,0x31,0x2d,0x2e,0x33,0x30,0x32,0x37,0x34,0x20,0x33,
  0x2e,0x37,0x37,0x39,0x33,0x2e,0x34,0x35,0x38,0x39,0x39,0x20,0x33,0x2e,0x36,0x33,
  0x32,0x38,0x2e,0x39,0x30,0x33,0x33,0x31,0x20,0x32,0x2e,0x34,0x39,0x35,0x31,0x32,
  0x20,0x31,0x2e,0x33,0x36,0x37,0x31,0x39,0x20,0x32,0x2e,0x30,0x34,0x35,0x39,0x20,
  0x31,0x2e,0x36,0x36,0x35,0x30,0x34,0x20,0x31,0x2e,0x33,0x35,0x37,0x34,0x33,0x20,
  0x31,0x2e,0x39,0x36,0x37,0x37,0x37,0x2e,0x39,0x31,0x33,0x30,0x37,0x20,0x32,0x2e,
  0x34,0x32,0x31,0x38,0x38,0x2d,0x31,0x2e,0x37,0x30,0x38,0x39,0x37,0x20,0x32,0x2e,
  0x31,0x32,0x34,0x30,0x32,0x2d,0x31,0x2e,0x34,0x36,0x39,0x37,0x33,0x20,0x31,0x2e,
  0x35,0x31,0x33,0x36,0x38,0x2d,0x31,0x2e,0x31,0x33,0x37,0x37,0x20,0x32,0x2e,0x36,
  0x35,0x31,0x33,0x36,0x2e,0x36,0x37,0x38,0x37,0x32,0x20,0x32,0x2e,0x31,0x39,0x32,
  0x33,0x39,0x2e,0x32,0x34,0x39,0x30,0x32,0x20,0x31,0x2e,0x38,0x31,0x36,0x34,0x2e,
  0x32,0x30,0x39,0x39,0x36,0x68,0x31,0x2e,0x32,0x38,0x39,0x30,0x36,0x6c,0x32,0x2e,
  0x35,0x33,0x34,0x31,0x39,0x20,0x32,0x2e,0x39,0x34,0x39,0x32,0x32,0x2e,0x37,0x32,
  0x32,0x36,0x35,0x2e,0x36,0x38,0x33,0x35,0x38,0x20,0x31,0x2e,0x30,0x35,0x39,0x35,
  0x37,0x20,0x31,0x2e,0x33,0x35,0x37,0x34,0x33,0x20,0x31,0x2e,0x32,0x31,0x30,0x39,
  0x34,0x20,0x31,0x2e,0x31,0x33,0x32,0x38,0x31,0x68,0x31,0x2e,0x36,0x36,0x39,0x39,
  0x32,0x6c,0x32,0x2e,0x32,0x36,0x35,0x36,0x33,0x2d,0x2e,0x36,0x37,0x38,0x37,0x31,
  0x20,0x31,0x2e,0x39,0x37,0x32,0x36,0x35,0x2d,0x31,0x2e,0x38,0x31,0x31,0x35,0x33,
  0x20,0x32,0x2e,0x32,0x37,0x30,0x35,0x31,0x2d,0x32,0x2e,0x37,0x32,0x34,0x36,0x2e,
  0x37,0x35,0x36,0x38,0x34,0x2d,0x32,0x2e,0x32,0x37,0x35,0x34,0x2e,0x36,0x31,0x30,
  0x33,0x35,0x2d,0x34,0x2e,0x33,0x39,0x39,0x34,0x31,0x2e,0x35,0x34,0x36,0x38,0x37,
  0x2d,0x34,0x2e,0x39,0x33,0x31,0x36,0x34,0x2e,0x38,0x33,0x39,0x38,0x34,0x2d,0x36,
  0x2e,0x36,0x32,0x31,0x30,0x38,0x2e,0x34,0x31,0x30,0x31,0x36,0x2d,0x34,0x2e,0x34,
  0x34,0x38,0x32,0x35,0x22,0x20,0x66,0x69,0x6c,0x6c,0x3d,0x22,0x6e,0x6f,0x6e,0x65,
  0x22,0x20,0x73,0x74,0x72,0x6f,0x6b,0x65,0x3d,0x22,0x23,0x66,0x61,0x37,0x66,0x37,
  0x30,0x22,0x20,0x73,0x74,0x72,0x6f,0x6b,0x65,0x2d,0x6c,0x69,0x6e,0x65,0x63,0x61,
  0x70,0x3d,0x22,0x72,0x6f,0x75,0x6e,0x64,0x22,0x20,0x73,0x74,0x72,0x6f,0x6b,0x65,
  0x2d,0x6c,0x69,0x6e,0x65,0x6a,0x6f,0x69,0x6e,0x3d,0x22,0x72,0x6f,0x75,0x6e,0x64,
  0x22,0x20,0x73,0x74,0x72,0x6f,0x6b,0x65,0x2d,0x77,0x69,0x64,0x74,0x68,0x3d,0x22,
  0x31,0x2e,0x35,0x22,0x2f,0x3e,0xd,0xa,0x20,0x20,0x20,0x20,0x20,0x20,0x20,0x20,
  0x3c,0x70,0x61,0x74,0x68,0x20,0x64,0x3d,0x22,0x6d,0x35,0x35,0x37,0x2e,0x36,0x38,
  0x37,0x37,0x39,0x20,0x31,0x33,0x36,0x2e,0x39,0x39,0x35,0x36,0x32,0x2d,0x31,0x2e,
  0x31,0x30,0x33,0x35,0x32,0x20,0x38,0x2e,0x37,0x33,0x35,0x33,0x35,0x2d,0x2e,0x38,
  0x35,0x39,0x33,0x37,0x20,0x39,0x2e,0x38,0x32,0x34,0x32,0x32,0x2d,0x2e,0x34,0x39,
  0x38,0x30,0x35,0x20,0x33,0x2e,0x39,0x39,0x34,0x31,0x33,0x20,0x31,0x36,0x2e,0x35,
  0x36,0x37,0x33,0x37,0x20,0x32,0x2e,0x38,0x33,0x36,0x39,0x33,0x20,0x39,0x2e,0x31,
  0x35,0x30,0x34,0x20,0x31,0x2e,0x35,0x36,0x37,0x33,0x37,0x20,0x31,0x36,0x2e,0x37,
  0x31,0x38,0x37,0x35,0x20,0x32,0x2e,0x38,0x36,0x31,0x33,0x33,0x2e,0x36,0x31,0x35,
  0x32,0x33,0x2d,0x34,0x2e,0x36,0x39,0x32,0x33,0x38,0x20,0x31,0x2e,0x31,0x34,0x32,
  0x35,0x39,0x2d,0x39,0x2e,0x38,0x30,0x39,0x35,0x37,0x2e,0x39,0x34,0x32,0x33,0x37,
  0x2d,0x37,0x2e,0x36,0x33,0x31,0x38,0x34,0x22,0x20,0x66,0x69,0x6c,0x6c,0x3d,0x22,
  0x6e,0x6f,0x6e,0x65,0x22,0x20,0x73,0x74,0x72,0x6f,0x6b,0x65,0x3d,0x22,0x23,0x66,
  0x61,0x37,0x66,0x37,0x30,0x22,0x20,0x73,0x74,0x72,0x6f,0x6b,0x65,0x2d,0x6c,0x69,
  0x6e,0x65,0x63,0x61,0x70,0x3d,0x22,0x72,0x6f,0x75,0x6e,0x64,0x22,0x20,0x73,0x74,
  0x72,0x6f,0x6b,0x65,0x2d,0x6c,0x69,0x6e,0x65,0x6a,0x6f,0x69,0x6e,0x3d,0x22,0x72,
  0x6f,0x75,0x6e,0x64,0x22,0x20,0x73,0x74,0x72,0x6f,0x6b,0x65,0x2d,0x77,0x69,0x64,
  0x74,0x68,0x3d,0x22,0x31,0x2e,0x35,0x22,0x2f,0x3e,0xd,0xa,0x20,0x20,0x20,0x20,
  0x20,0x20,0x20,0x20,0x3c,0x70,0x61,0x74,0x68,0x20,0x64,0x3d,0x22,0x6d,0x35,0x39,
  0x37,0x2e,0x32,0x36,0x32,0x39,0x37,0x20,0x31,0x37,0x31,0x2e,0x38,0x37,0x33,0x35,
  0x35,0x2d,0x31,0x2e,0x32,0x36,0x34,0x36,0x35,0x20,0x31,0x30,0x2e,0x38,0x33,0x39,
  0x38,0x34,0x2d,0x2e,0x34,0x36,0x38,0x37,0x35,0x20,0x33,0x2e,0x34,0x34,0x37,0x32,
  0x37,0x2d,0x31,0x2e,0x34,0x30,0x31,0x33,0x36,0x20,0x31,0x2e,0x35,0x35,0x37,0x36,
  0x31,0x2d,0x33,0x2e,0x37,0x33,0x30,0x34,0x36,0x2d,0x2e,0x35,0x35,0x31,0x37,0x36,
  0x2d,0x33,0x2e,0x33,0x38,0x33,0x38,0x2d,0x2e,0x35,0x30,0x37,0x38,0x31,0x2d,0x33,
  0x2e,0x34,0x38,0x36,0x33,0x33,0x2d,0x2e,0x35,0x32,0x32,0x34,0x35,0x2d,0x32,0x2e,
  0x38,0x36,0x31,0x33,0x32,0x2d,0x2e,0x34,0x33,0x34,0x35,0x38,0x2d,0x34,0x2e,0x37,
  0x30,0x37,0x30,0x33,0x2d,0x2e,0x37,0x30,0x33,0x31,0x32,0x2d,0x35,0x2e,0x38,0x36,
  0x34,0x32,0x36,0x2d,0x2e,0x38,0x38,0x33,0x37,0x39,0x2d,0x34,0x2e,0x35,0x35,0x35,
  0x36,0x36,0x2d,0x2e,0x36,0x38,0x33,0x36,0x2d,0x33,0x2e,0x33,0x34,0x34,0x37,0x33,
  0x2d,0x2e,0x34,0x39,0x38,0x30,0x34,0x2d,0x33,0x2e,0x34,0x34,0x37,0x32,0x37,0x2d,
  0x2e,0x35,0x31,0x37,0x35,0x38,0x2d,0x33,0x2e,0x34,0x39,0x31,0x32,0x2d,0x2e,0x35,
  0x32,0x37,0x33,0x34,0x22,0x20,0x66,0x69,0x6c,0x6c,0x3d,0x22,0x6e,0x6f,0x6e,0x65,
  0x22,0x20,0x73,0x74,0x72,0x6f,0x6b,0x65,0x3d,0x22,0x23,0x66,0x61,0x37,0x66,0x37,
  0x30,0x22,0x20,0x73,0x74,0x72,0x6f,0x6b,0x65,0x2d,0x6c,0x69,0x6e,0x65,0x63,0x61,
  0x70,0x3d,0x22,0x72,0x6f,0x75,0x6e,0x64,0x22,0x20,0x73,0x74,0x72,0x6f,0x6b,0x65,
  0x2d,0x6c,0x69,0x6e,0x65,0x6a,0x6f,0x69,0x6e,0x3d,0x22,0x72,0x6f,0x75,0x6e,0x64,
  0x22,0x20,0x73,0x74,0x72,0x6f,0x6b,0x65,0x2d,0x77,0x69,0x64,0x74,0x68,0x3d,0x22,
  0x31,0x2e,0x35,0x22,0x2f,0x3e,0xd,0xa,0x20,0x20,0x20,0x20,0x20,0x20,0x20,0x20,
  0x3c,0x70,0x61,0x74,0x68,0x20,0x64,0x3d,0x22,0x6d,0x35,0x35,0x35,0x2e,0x36,0x34,
  0x31,0x38,0x39,0x20,0x31,0x37,0x36,0x2e,0x38,0x36,0x33,0x37,0x39,0x20,0x33,0x2e,
  0x35,0x39,0x33,0x37,0x35,0x2e,0x35,0x34,0x36,0x38,0x37,0x20,0x33,0x2e,0x35,0x37,
  0x39,0x31,0x2e,0x35,0x35,0x31,0x37,0x35,0x20,0x33,0x2e,0x33,0x33,0x39,0x38,0x33,
  0x2e,0x35,0x30,0x32,0x39,0x34,0x20,0x33,0x2e,0x31,0x34,0x39,0x34,0x33,0x2e,0x34,
  0x37,0x38,0x35,0x31,0x20,0x31,0x2e,0x33,0x37,0x32,0x30,0x36,0x2e,0x32,0x30,0x39,
  0x39,0x36,0x20,0x35,0x2e,0x37,0x37,0x31,0x34,0x39,0x2e,0x38,0x37,0x34,0x30,0x33,
  0x20,0x32,0x2e,0x30,0x39,0x39,0x36,0x31,0x2e,0x33,0x31,0x37,0x33,0x37,0x20,0x32,
  0x2e,0x37,0x33,0x34,0x33,0x38,0x2e,0x34,0x31,0x35,0x30,0x34,0x20,0x33,0x2e,0x30,
  0x30,0x37,0x38,0x31,0x2e,0x34,0x35,0x38,0x39,0x39,0x20,0x33,0x2e,0x30,0x35,0x36,
  0x36,0x34,0x2e,0x34,0x36,0x38,0x37,0x35,0x20,0x33,0x2e,0x35,0x39,0x38,0x36,0x33,
  0x2e,0x35,0x34,0x36,0x38,0x37,0x22,0x20,0x66,0x69,0x6c,0x6c,0x3d,0x22,0x6e,0x6f,
  0x6e,0x65,0x22,0x20,0x73,0x74,0x72,0x6f,0x6b,0x65,0x3d,0x22,0x23,0x66,0x61,0x37,
  0x66,0x37,0x30,0x22,0x20,0x73,0x74,0x72,0x6f,0x6b,0x65,0x2d,0x6c,0x69,0x6e,0x65,
  0x63,0x61,0x70,0x3d,0x22,0x72,0x6f,0x75,0x6e,0x64,0x22,0x20,0x73,0x74,0x72,0x6f,
  0x6b,0x65,0x2d,0x6c,0x69,0x6e,0x65,0x6a,0x6f,0x69,0x6e,0x3d,0x22,0x72,0x6f,0x75,
  0x6e,0x64,0x22,0x20,0x73,0x74,0x72,0x6f,0x6b,0x65,0x2d,0x77,0x69,0x64,0x74,0x68,
  0x3d,0x22,0x31,0x2e,0x35,0x22,0x2f,0x3e,0xd,0xa,0x20,0x20,0x20,0x20,0x20,0x20,
  0x20,0x20,0x3c,0x70,0x61,0x74,0x68,0x20,0x64,0x3d,0x22,0x6d,0x35,0x35,0x36,0x2e,
  0x32,0x39,0x36,0x31,0x39,0x20,0x31,0x37,0x30,0x2e,0x35,0x38,0x39,0x33,0x37,0x20,
  0x33,0x2e,0x37,0x36,0x34,0x36,0x33,0x2e,0x35,0x32,0x37,0x33,0x34,0x20,0x33,0x2e,
  0x36,0x36,0x32,0x31,0x32,0x2e,0x35,0x32,0x32,0x34,0x36,0x20,0x36,0x2e,0x36,0x30,
  0x36,0x34,0x35,0x2e,0x39,0x33,0x37,0x35,0x20,0x39,0x2e,0x31,0x37,0x34,0x38,0x20,
  0x31,0x2e,0x32,0x39,0x38,0x38,0x33,0x20,0x35,0x2e,0x34,0x34,0x39,0x32,0x32,0x2e,
  0x37,0x37,0x31,0x34,0x39,0x20,0x32,0x2e,0x39,0x36,0x33,0x38,0x36,0x2e,0x34,0x31,
  0x39,0x39,0x32,0x20,0x33,0x2e,0x38,0x36,0x37,0x31,0x39,0x2e,0x35,0x34,0x36,0x38,
  0x38,0x22,0x20,0x66,0x69,0x6c,0x6c,0x3d,0x22,0x6e,0x6f,0x6e,0x65,0x22,0x20,0x73,
  0x74,0x72,0x6f,0x6b,0x65,0x3d,0x22,0x23,0x66,0x61,0x37,0x66,0x37,0x30,0x22,0x20,
  0x73,0x74,0x72,0x6f,0x6b,0x65,0x2d,0x6c,0x69,0x6e,0x65,0x63,0x61,0x70,0x3d,0x22,
  0x72,0x6f,0x75,0x6e,0x64,0x22,0x20,0x73,0x74,0x72,0x6f,0x6b,0x65,0x2d,0x6c,0x69,
  0x6e,0x65,0x6a,0x6f,0x69,0x6e,0x3d,0x22,0x72,0x6f,0x75,0x6e,0x64,0x22,0x20,0x73,
  0x74,0x72,0x6f,0x6b,0x65,0x2d,0x77,0x69,0x64,0x74,0x68,0x3d,0x22,0x31,0x2e,0x35,
  0x22,0x2f,0x3e,0xd,0xa,0x20,0x20,0x20,0x20,0x20,0x20,0x20,0x20,0x3c,0x70,0x61,
  0x74,0x68,0x20,0x64,0x3d,0x22,0x6d,0x35,0x35,0x36,0x2e,0x35,0x38,0x34,0x32,0x37,
  0x20,0x31,0x34,0x35,0x2e,0x37,0x33,0x30,0x39,0x37,0x20,0x35,0x2e,0x33,0x33,0x32,
  0x30,0x33,0x2e,0x37,0x37,0x36,0x33,0x37,0x2e,0x34,0x35,0x38,0x39,0x39,0x2d,0x33,
  0x2e,0x37,0x35,0x39,0x37,0x37,0x20,0x37,0x2e,0x32,0x37,0x35,0x33,0x38,0x20,0x31,
  0x2e,0x32,0x35,0x34,0x38,0x38,0x2d,0x2e,0x33,0x37,0x35,0x39,0x37,0x20,0x33,0x2e,
  0x34,0x31,0x37,0x39,0x37,0x20,0x34,0x2e,0x35,0x31,0x31,0x37,0x31,0x2e,0x39,0x32,
  0x37,0x37,0x34,0x20,0x32,0x2e,0x38,0x31,0x37,0x33,0x39,0x2e,0x34,0x33,0x34,0x35,
  0x36,0x2e,0x33,0x31,0x32,0x35,0x2d,0x32,0x2e,0x38,0x35,0x31,0x35,0x36,0x2e,0x37,
  0x35,0x36,0x38,0x34,0x2d,0x31,0x2e,0x38,0x31,0x36,0x34,0x20,0x31,0x2e,0x35,0x31,
  0x33,0x36,0x37,0x2d,0x2e,0x39,0x30,0x38,0x32,0x31,0x20,0x31,0x2e,0x35,0x31,0x38,
  0x35,0x35,0x2e,0x39,0x30,0x38,0x32,0x31,0x76,0x32,0x2e,0x34,0x39,0x35,0x31,0x31,
  0x6c,0x2d,0x2e,0x32,0x30,0x35,0x30,0x37,0x20,0x32,0x2e,0x37,0x37,0x33,0x34,0x34,
  0x20,0x32,0x2e,0x35,0x37,0x33,0x32,0x33,0x2e,0x34,0x30,0x30,0x33,0x39,0x20,0x34,
  0x2e,0x39,0x38,0x35,0x33,0x35,0x2e,0x37,0x37,0x31,0x34,0x39,0x2e,0x33,0x35,0x31,
  0x35,0x37,0x2d,0x34,0x2e,0x31,0x35,0x35,0x32,0x38,0x20,0x36,0x2e,0x38,0x32,0x36,
  0x31,0x37,0x20,0x31,0x2e,0x31,0x31,0x38,0x31,0x36,0x2d,0x2e,0x36,0x37,0x38,0x37,
  0x31,0x20,0x34,0x2e,0x30,0x34,0x37,0x38,0x35,0x20,0x34,0x2e,0x38,0x36,0x33,0x32,
  0x39,0x2e,0x37,0x34,0x37,0x30,0x38,0x22,0x20,0x66,0x69,0x6c,0x6c,0x3d,0x22,0x6e,
  0x6f,0x6e,0x65,0x22,0x20,0x73,0x74,0x72,0x6f,0x6b,0x65,0x3d,0x22,0x23,0x66,0x61,
  0x37,0x66,0x37,0x30,0x22,0x20,0x73,0x74,0x72,0x6f,0x6b,0x65,0x2d,0x6c,0x69,0x6e,
  0x65,0x63,0x61,0x70,0x3d,0x22,0x72,0x6f,0x75,0x6e,0x64,0x22,0x20,0x73,0x74,0x72,
  0x6f,0x6b,0x65,0x2d,0x6c,0x69,0x6e,0x65,0x6a,0x6f,0x69,0x6e,0x3d,0x22,0x72,0x6f,
  0x75,0x6e,0x64,0x22,0x20,0x73,0x74,0x72,0x6f,0x6b,0x65,0x2d,0x77,0x69,0x64,0x74,
  0x68,0x3d,0x22,0x31,0x2e,0x35,0x22,0x2f,0x3e,0xd,0xa,0x20,0x20,0x20,0x20,0x20,
  0x20,0x20,0x20,0x3c,0x70,0x61,0x74,0x68,0x20,0x64,0x3d,0x22,0x6d,0x35,0x36,0x30,
  0x2e,0x30,0x36,0x30,0x38,0x32,0x20,0x31,0x37,0x31,0x2e,0x31,0x31,0x36,0x37,0x31,
  0x2d,0x2e,0x38,0x32,0x35,0x31,0x38,0x20,0x36,0x2e,0x32,0x39,0x33,0x39,0x35,0x2d,
  0x2e,0x34,0x38,0x38,0x32,0x39,0x20,0x35,0x2e,0x30,0x30,0x34,0x38,0x38,0x2d,0x2e,
  0x32,0x37,0x33,0x34,0x34,0x20,0x33,0x2e,0x39,0x33,0x30,0x36,0x36,0x2e,0x33,0x30,
  0x32,0x37,0x34,0x20,0x32,0x2e,0x32,0x37,0x30,0x35,0x31,0x2e,0x39,0x39,0x31,0x32,
  0x31,0x20,0x31,0x2e,0x38,0x31,0x31,0x35,0x33,0x2e,0x39,0x38,0x31,0x34,0x35,0x20,
  0x31,0x2e,0x33,0x36,0x37,0x31,0x38,0x20,0x31,0x2e,0x32,0x31,0x30,0x39,0x34,0x20,
  0x31,0x2e,0x30,0x32,0x35,0x33,0x39,0x20,0x31,0x2e,0x37,0x37,0x37,0x33,0x34,0x20,
  0x31,0x2e,0x35,0x38,0x32,0x30,0x34,0x22,0x20,0x66,0x69,0x6c,0x6c,0x3d,0x22,0x6e,
  0x6f,0x6e,0x65,0x22,0x20,0x73,0x74,0x72,0x6f,0x6b,0x65,0x3d,0x22,0x23,0x66,0x61,
  0x37,0x66,0x37,0x30,0x22,0x20,0x73,0x74,0x72,0x6f,0x6b,0x65,0x2d,0x6c,0x69,0x6e,
  0x65,0x63,0x61,0x70,0x3d,0x22,0x72,0x6f,0x75,0x6e,0x64,0x22,0x20,0x73,0x74,0x72,
  0x6f,0x6b,0x65,0x2d,0x6c,0x69,0x6e,0x65,0x6a,0x6f,0x69,0x6e,0x3d,0x22,0x72,0x6f,
  0x75,0x6e,0x64,0x22,0x20,0x73,0x74,0x72,0x6f,0x6b,0x65,0x2d,0x77,0x69,0x64,0x74,
  0x68,0x3d,0x22,0x31,0x2e,0x35,0x22,0x2f,0x3e,0xd,0xa,0x20,0x20,0x20,0x20,0x20,
  0x20,0x20,0x20,0x3c,0x70,0x61,0x74,0x68,0x20,0x64,0x3d,0x22,0x6d,0x36,0x37,0x38,
  0x2e,0x36,0x36,0x39,0x32,0x31,0x20,0x32,0x35,0x33,0x2e,0x36,0x36,0x35,0x35,0x34,
  0x2d,0x38,0x2e,0x30,0x37,0x31,0x33,0x2d,0x31,0x2e,0x34,0x37,0x34,0x36,0x32,0x2d,
  0x31,0x38,0x2e,0x30,0x35,0x31,0x37,0x2d,0x33,0x2e,0x33,0x32,0x35,0x31,0x38,0x2d,
  0x2e,0x37,0x39,0x35,0x39,0x2d,0x32,0x2e,0x38,0x33,0x36,0x39,0x32,0x2d,0x32,0x2e,
  0x32,0x38,0x30,0x33,0x2d,0x31,0x2e,0x32,0x38,0x39,0x30,0x36,0x2d,0x32,0x2e,0x35,
  0x32,0x34,0x34,0x2e,0x35,0x35,0x31,0x37,0x35,0x2d,0x31,0x2e,0x35,0x37,0x32,0x33,
  0x20,0x32,0x2e,0x32,0x36,0x35,0x36,0x33,0x2d,0x32,0x33,0x2e,0x36,0x34,0x32,0x35,
  0x36,0x2d,0x34,0x2e,0x32,0x38,0x32,0x32,0x33,0x2d,0x37,0x2e,0x38,0x34,0x31,0x38,
  0x2d,0x31,0x2e,0x34,0x32,0x35,0x37,0x37,0x2d,0x32,0x2e,0x37,0x39,0x32,0x39,0x36,
  0x2d,0x2e,0x35,0x32,0x37,0x33,0x35,0x2d,0x33,0x2e,0x36,0x37,0x36,0x37,0x37,0x2d,
  0x2e,0x38,0x35,0x39,0x33,0x38,0x2d,0x34,0x2e,0x39,0x36,0x30,0x39,0x33,0x2d,0x2e,
  0x37,0x30,0x38,0x2d,0x33,0x2e,0x34,0x34,0x32,0x33,0x38,0x2d,0x2e,0x36,0x35,0x39,
  0x31,0x39,0x2d,0x34,0x2e,0x30,0x30,0x38,0x37,0x39,0x2d,0x2e,0x36,0x33,0x39,0x36,
  0x35,0x2d,0x33,0x2e,0x32,0x33,0x37,0x33,0x31,0x2d,0x2e,0x36,0x34,0x39,0x34,0x31,
  0x2d,0x31,0x33,0x2e,0x38,0x34,0x37,0x36,0x35,0x2d,0x32,0x2e,0x35,0x32,0x39,0x32,
  0x39,0x2d,0x36,0x2e,0x36,0x39,0x34,0x33,0x34,0x2d,0x31,0x2e,0x31,0x36,0x32,0x31,
  0x31,0x2d,0x31,0x31,0x2e,0x30,0x30,0x30,0x39,0x37,0x2d,0x32,0x2e,0x30,0x36,0x35,
  0x34,0x34,0x20,0x32,0x2e,0x36,0x31,0x37,0x31,0x39,0x2d,0x32,0x30,0x2e,0x38,0x37,
  0x38,0x39,0x2e,0x33,0x36,0x31,0x33,0x32,0x2d,0x32,0x2e,0x39,0x32,0x34,0x38,0x22,
  0x20,0x66,0x69,0x6c,0x6c,0x3d,0x22,0x6e,0x6f,0x6e,0x65,0x22,0x20,0x73,0x74,0x72,
  0x6f,0x6b,0x65,0x3d,0x22,0x23,0x66,0x61,0x37,0x66,0x37,0x30,0x22,0x20,0x73,0x74,
  0x72,0x6f,0x6b,0x65,0x2d,0x6c,0x69,0x6e,0x65,0x63,0x61,0x70,0x3d,0x22,0x72,0x6f,
  0x75,0x6e,0x64,0x22,0x20,0x73,0x74,0x72,0x6f,0x6b,0x65,0x2d,0x6c,0x69,0x6e,0x65,
  0x6a,0x6f,0x69,0x6e,0x3d,0x22,0x72,0x6f,0x75,0x6e,0x64,0x22,0x20,0x73,0x74,0x72,
  0x6f,0x6b,0x65,0x2d,0x77,0x69,0x64,0x74,0x68,0x3d,0x22,0x31,0x2e,0x35,0x22,0x2f,
  0x3e,0xd,0xa,0x20,0x20,0x20,0x20,0x20,0x20,0x20,0x20,0x3c,0x70,0x61,0x74,0x68,
  0x20,0x64,0x3d,0x22,0x6d,0x35,0x36,0x31,0x2e,0x39,0x31,0x36,0x33,0x20,0x31,0x34,
  0x36,0x2e,0x35,0x30,0x37,0x33,0x34,0x2d,0x2e,0x34,0x34,0x39,0x32,0x33,0x20,0x34,
  0x2e,0x31,0x39,0x34,0x33,0x33,0x20,0x33,0x2e,0x31,0x39,0x33,0x33,0x37,0x2e,0x35,
  0x30,0x37,0x38,0x32,0x20,0x34,0x2e,0x32,0x32,0x38,0x35,0x31,0x2e,0x34,0x33,0x39,
  0x34,0x35,0x2e,0x33,0x38,0x35,0x37,0x35,0x2d,0x34,0x2e,0x32,0x32,0x38,0x35,0x32,
  0x22,0x20,0x66,0x69,0x6c,0x6c,0x3d,0x22,0x6e,0x6f,0x6e,0x65,0x22,0x20,0x73,0x74,
  0x72,0x6f,0x6b,0x65,0x3d,0x22,0x23,0x66,0x61,0x37,0x66,0x37,0x30,0x22,0x20,0x73,
  0x74,0x72,0x6f,0x6b,0x65,0x2d,0x6c,0x69,0x6e,0x65,0x63,0x61,0x70,0x3d,0x22,0x72,
  0x6f,0x75,0x6e,0x64,0x22,0x20,0x73,0x74,0x72,0x6f,0x6b,0x65,0x2d,0x6c,0x69,0x6e,
  0x65,0x6a,0x6f,0x69,0x6e,0x3d,0x22,0x72,0x6f,0x75,0x6e,0x64,0x22,0x20,0x73,0x74,
  0x72,0x6f,0x6b,0x65,0x2d,0x77,0x69,0x64,0x74,0x68,0x3d,0x22,0x31,0x2e,0x35,0x22,
  0x2f,0x3e,0xd,0xa,0x20,0x20,0x20,0x20,0x20,0x20,0x20,0x20,0x3c,0x70,0x61,0x74,
  0x68,0x20,0x64,0x3d,0x22,0x6d,0x35,0x36,0x33,0x2e,0x37,0x32,0x32,0x39,0x34,0x20,
  0x31,0x37,0x31,0x2e,0x36,0x33,0x39,0x31,0x37,0x2d,0x2e,0x39,0x30,0x38,0x32,0x20,
  0x36,0x2e,0x33,0x32,0x33,0x32,0x34,0x2d,0x2e,0x36,0x32,0x30,0x31,0x32,0x20,0x34,
  0x2e,0x39,0x37,0x30,0x37,0x31,0x2d,0x2e,0x31,0x32,0x32,0x30,0x37,0x20,0x32,0x2e,
  0x37,0x33,0x34,0x33,0x38,0x2e,0x36,0x30,0x35,0x34,0x37,0x20,0x32,0x2e,0x30,0x34,
  0x31,0x30,0x31,0x2e,0x39,0x31,0x33,0x30,0x38,0x20,0x31,0x2e,0x35,0x39,0x31,0x37,
  0x39,0x20,0x31,0x2e,0x32,0x30,0x36,0x30,0x36,0x2e,0x39,0x30,0x38,0x32,0x31,0x20,
  0x32,0x2e,0x35,0x37,0x38,0x31,0x33,0x20,0x31,0x2e,0x35,0x38,0x36,0x39,0x31,0x22,
  0x20,0x66,0x69,0x6c,0x6c,0x3d,0x22,0x6e,0x6f,0x6e,0x65,0x22,0x20,0x73,0x74,0x72,
  0x6f,0x6b,0x65,0x3d,0x22,0x23,0x66,0x61,0x37,0x66,0x37,0x30,0x22,0x20,0x73,0x74,
  0x72,0x6f,0x6b,0x65,0x2d,0x6c,0x69,0x6e,0x65,0x63,0x61,0x70,0x3d,0x22,0x72,0x6f,
  0x75,0x6e,0x64,0x22,0x20,0x73,0x74,0x72,0x6f,0x6b,0x65,0x2d,0x6c,0x69,0x6e,0x65,
  0x6a,0x6f,0x69,0x6e,0x3d,0x22,0x72,0x6f,0x75,0x6e,0x64,0x22,0x20,0x73,0x74,0x72,
  0x6f,0x6b,0x65,0x2d,0x77,0x69,0x64,0x74,0x68,0x3d,0x22,0x31,0x2e,0x35,0x22,0x2f,
  0x3e,0xd,0xa,0x20,0x20,0x20,0x20,0x20,0x20,0x20,0x20,0x3c,0x70,0x61,0x74,0x68,
  0x20,0x64,0x3d,0x22,0x6d,0x35,0x36,0x32,0x2e,0x34,0x37,0x32,0x39,0x34,0x20,0x35,
  0x34,0x31,0x2e,0x31,0x34,0x36,0x30,0x31,0x20,0x31,0x37,0x2e,0x36,0x35,0x36,0x32,
  0x35,0x2d,0x31,0x2e,0x32,0x38,0x39,0x30,0x36,0x20,0x31,0x33,0x2e,0x34,0x38,0x37,
  0x35,0x2d,0x31,0x31,0x2e,0x34,0x33,0x38,0x38,0x33,0x20,0x37,0x34,0x2e,0x30,0x34,
  0x31,0x38,0x32,0x2d,0x34,0x2e,0x38,0x34,0x37,0x34,0x35,0x22,0x20,0x66,0x69,0x6c,
  0x6c,0x3d,0x22,0x6e,0x6f,0x6e,0x65,0x22,0x20,0x73,0x74,0x72,0x6f,0x6b,0x65,0x3d,
  0x22,0x23,0x66,0x61,0x37,0x66,0x37,0x30,0x22,0x20,0x73,0x74,0x72,0x6f,0x6b,0x65,
  0x2d,0x6c,0x69,0x6e,0x65,0x63,0x61,0x70,0x3d,0x22,0x72,0x6f,0x75,0x6e,0x64,0x22,
  0x20,0x73,0x74,0x72,0x6f,0x6b,0x65,0x2d,0x6c,0x69,0x6e,0x65,0x6a,0x6f,0x69,0x6e,
  0x3d,0x22,0x72,0x6f,0x75,0x6e,0x64,0x22,0x20,0x73,0x74,0x72,0x6f,0x6b,0x65,0x2d,
  0x77,0x69,0x64,0x74,0x68,0x3d,0x22,0x32,0x2e,0x35,0x22,0x2f,0x3e,0xd,0xa,0x20,
  0x20,0x20,0x20,0x20,0x20,0x20,0x20,0x3c,0x70,0x61,0x74,0x68,0x20,0x64,0x3d,0x22,
  0x6d,0x35,0x36,0x34,0x2e,0x36,0x36,0x30,0x34,0x34,0x20,0x31,0x35,0x31,0x2e,0x32,
  0x30,0x39,0x34,0x39,0x2d,0x2e,0x34,0x39,0x38,0x30,0x34,0x20,0x35,0x2e,0x34,0x31,
  0x30,0x31,0x35,0x22,0x20,0x66,0x69,0x6c,0x6c,0x3d,0x22,0x6e,0x6f,0x6e,0x65,0x22,
  0x20,0x73,0x74,0x72,0x6f,0x6b,0x65,0x3d,0x22,0x23,0x66,0x61,0x37,0x66,0x37,0x30,
  0x22,0x20,0x73,0x74,0x72,0x6f,0x6b,0x65,0x2d,0x6c,0x69,0x6e,0x65,0x63,0x61,0x70,
  0x3d,0x22,0x72,0x6f,0x75,0x6e,0x64,0x22,0x20,0x73,0x74,0x72,0x6f,0x6b,0x65,0x2d,
  0x6c,0x69,0x6e,0x65,0x6a,0x6f,0x69,0x6e,0x3d,0x22,0x72,0x6f,0x75,0x6e,0x64,0x22,
  0x20,0x73,0x74,0x72,0x6f,0x6b,0x65,0x2d,0x77,0x69,0x64,0x74,0x68,0x3d,0x22,0x31,
  0x2e,0x35,0x22,0x2f,0x3e,0xd,0xa,0x20,0x20,0x20,0x20,0x20,0x20,0x20,0x20,0x3c,
  0x70,0x61,0x74,0x68,0x20,0x64,0x3d,0x22,0x6d,0x35,0x39,0x31,0x2e,0x38,0x32,0x37,
  0x31,0x37,0x20,0x34,0x38,0x30,0x2e,0x36,0x35,0x36,0x34,0x31,0x20,0x31,0x2e,0x35,
  0x31,0x35,0x32,0x33,0x20,0x33,0x32,0x2e,0x38,0x31,0x32,0x30,0x32,0x63,0x33,0x2e,
  0x32,0x31,0x37,0x31,0x39,0x2e,0x30,0x39,0x30,0x31,0x35,0x20,0x35,0x2e,0x30,0x36,
  0x32,0x33,0x33,0x2d,0x2e,0x31,0x35,0x33,0x32,0x34,0x20,0x38,0x2e,0x38,0x39,0x33,
  0x39,0x36,0x2d,0x2e,0x32,0x33,0x34,0x36,0x6c,0x2d,0x31,0x2e,0x38,0x32,0x39,0x30,
  0x34,0x2d,0x33,0x32,0x2e,0x39,0x31,0x36,0x36,0x7a,0x22,0x20,0x66,0x69,0x6c,0x6c,
  0x3d,0x22,0x23,0x62,0x35,0x66,0x64,0x62,0x35,0x22,0x20,0x66,0x69,0x6c,0x6c,0x2d,
  0x72,0x75,0x6c,0x65,0x3d,0x22,0x65,0x76,0x65,0x6e,0x6f,0x64,0x64,0x22,0x2f,0x3e,
  0xd,0xa,0x20,0x20,0x20,0x20,0x20,0x20,0x20,0x20,0x3c,0x67,0x20,0x66,0x69,0x6c,
  0x6c,0x3d,0x22,0x6e,0x6f,0x6e,0x65,0x22,0x3e,0xd,0xa,0x20,0x20,0x20,0x20,0x20,
  0x20,0x20,0x20,0x20,0x20,0x20,0x20,0x3c,0x70,0x61,0x74,0x68,0x20,0x64,0x3d,0x22,
  0x6d,0x36,0x36,0x37,0x2e,0x30,0x33,0x31,0x33,0x33,0x20,0x35,0x30,0x37,0x2e,0x38,
  0x34,0x33,0x32,0x39,0x73,0x2d,0x39,0x2e,0x39,0x30,0x35,0x32,0x31,0x2d,0x31,0x2e,
  0x37,0x39,0x38,0x33,0x36,0x2d,0x31,0x34,0x2e,0x37,0x31,0x34,0x36,0x32,0x2d,0x34,
  0x2e,0x30,0x38,0x34,0x39,0x38,0x63,0x2d,0x34,0x2e,0x31,0x32,0x33,0x32,0x39,0x2d,
  0x31,0x2e,0x39,0x36,0x30,0x34,0x2d,0x31,0x30,0x2e,0x32,0x35,0x39,0x30,0x32,0x2d,
  0x33,0x2e,0x30,0x37,0x32,0x38,0x38,0x2d,0x31,0x34,0x2e,0x33,0x31,0x31,0x35,0x2d,
  0x35,0x2e,0x31,0x37,0x35,0x37,0x37,0x2d,0x34,0x2e,0x33,0x38,0x30,0x37,0x36,0x2d,
  0x32,0x2e,0x32,0x37,0x33,0x32,0x34,0x2d,0x39,0x2e,0x31,0x31,0x33,0x35,0x39,0x2d,
  0x37,0x2e,0x31,0x33,0x30,0x38,0x38,0x2d,0x31,0x33,0x2e,0x34,0x38,0x31,0x34,0x39,
  0x2d,0x39,0x2e,0x34,0x32,0x38,0x37,0x32,0x2d,0x34,0x2e,0x38,0x31,0x37,0x33,0x33,
  0x2d,0x32,0x2e,0x35,0x33,0x34,0x32,0x37,0x2d,0x31,0x31,0x2e,0x35,0x34,0x39,0x33,
  0x33,0x2d,0x36,0x2e,0x32,0x39,0x34,0x38,0x34,0x2d,0x31,0x36,0x2e,0x39,0x39,0x32,
  0x31,0x38,0x2d,0x36,0x2e,0x33,0x36,0x32,0x33,0x31,0x2d,0x34,0x2e,0x31,0x34,0x38,
  0x31,0x34,0x2d,0x2e,0x30,0x35,0x31,0x34,0x32,0x2d,0x39,0x2e,0x31,0x31,0x30,0x36,
  0x38,0x20,0x33,0x2e,0x32,0x37,0x36,0x36,0x33,0x2d,0x31,0x33,0x2e,0x30,0x36,0x36,
  0x34,0x32,0x20,0x34,0x2e,0x35,0x32,0x36,0x33,0x38,0x2d,0x33,0x2e,0x31,0x36,0x39,
  0x39,0x38,0x20,0x31,0x2e,0x30,0x30,0x31,0x35,0x2d,0x37,0x2e,0x35,0x39,0x30,0x37,
  0x31,0x20,0x31,0x2e,0x37,0x35,0x36,0x30,0x35,0x2d,0x31,0x30,0x2e,0x36,0x35,0x34,
  0x33,0x20,0x33,0x2e,0x30,0x34,0x36,0x38,0x37,0x2d,0x33,0x2e,0x33,0x39,0x33,0x37,
  0x35,0x20,0x31,0x2e,0x34,0x32,0x39,0x39,0x34,0x2d,0x37,0x2e,0x33,0x39,0x35,0x30,
  0x34,0x20,0x34,0x2e,0x33,0x38,0x33,0x36,0x34,0x2d,0x31,0x30,0x2e,0x36,0x35,0x39,
  0x31,0x37,0x20,0x36,0x2e,0x30,0x38,0x38,0x38,0x36,0x2d,0x32,0x2e,0x35,0x37,0x39,
  0x31,0x33,0x20,0x31,0x2e,0x33,0x34,0x37,0x33,0x37,0x2d,0x38,0x2e,0x37,0x35,0x39,
  0x37,0x36,0x20,0x34,0x2e,0x31,0x36,0x35,0x30,0x34,0x2d,0x38,0x2e,0x37,0x35,0x39,
  0x37,0x36,0x20,0x34,0x2e,0x31,0x36,0x35,0x30,0x34,0x22,0x20,0x73,0x74,0x72,0x6f,
  0x6b,0x65,0x3d,0x22,0x23,0x66,0x61,0x37,0x66,0x37,0x30,0x22,0x20,0x73,0x74,0x72,
  0x6f,0x6b,0x65,0x2d,0x6c,0x69,0x6e,0x65,0x63,0x61,0x70,0x3d,0x22,0x72,0x6f,0x75,
  0x6e,0x64,0x22,0x20,0x73,0x74,0x72,0x6f,0x6b,0x65,0x2d,0x6c,0x69,0x6e,0x65,0x6a,
  0x6f,0x69,0x6e,0x3d,0x22,0x72,0x6f,0x75,0x6e,0x64,0x22,0x20,0x73,0x74,0x72,0x6f,
  0x6b,0x65,0x2d,0x77,0x69,0x64,0x74,0x68,0x3d,0x22,0x32,0x2e,0x35,0x22,0x2f,0x3e,
  0xd,0xa,0x20,0x20,0x20,0x20,0x20,0x20,0x20,0x20,0x20,0x20,0x20,0x20,0x3c,0x70,
  0x61,0x74,0x68,0x20,0x64,0x3d,0x22,0x6d,0x35,0x36,0x36,0x2e,0x31,0x35,0x34,0x35,
  0x37,0x20,0x31,0x37,0x38,0x2e,0x34,0x36,0x35,0x33,0x35,0x2d,0x2e,0x36,0x31,0x35,
  0x32,0x32,0x20,0x34,0x2e,0x39,0x36,0x35,0x38,0x31,0x2e,0x31,0x36,0x36,0x30,0x31,
  0x20,0x32,0x2e,0x34,0x35,0x36,0x30,0x36,0x20,0x31,0x2e,0x33,0x36,0x37,0x31,0x39,
  0x20,0x31,0x2e,0x38,0x32,0x31,0x32,0x39,0x20,0x32,0x2e,0x35,0x37,0x38,0x31,0x32,
  0x2e,0x33,0x34,0x31,0x37,0x39,0x20,0x35,0x2e,0x39,0x32,0x37,0x37,0x34,0x2e,0x38,
  0x30,0x30,0x37,0x39,0x20,0x31,0x2e,0x36,0x34,0x30,0x36,0x33,0x2e,0x32,0x31,0x39,
  0x37,0x32,0x20,0x32,0x2e,0x32,0x37,0x30,0x35,0x2d,0x2e,0x36,0x38,0x33,0x35,0x39,
  0x20,0x31,0x2e,0x31,0x37,0x36,0x37,0x36,0x2d,0x32,0x2e,0x36,0x38,0x35,0x35,0x35,
  0x2e,0x36,0x31,0x35,0x32,0x34,0x2d,0x34,0x2e,0x39,0x34,0x31,0x34,0x31,0x22,0x20,
  0x73,0x74,0x72,0x6f,0x6b,0x65,0x3d,0x22,0x23,0x66,0x61,0x37,0x66,0x37,0x30,0x22,
  0x20,0x73,0x74,0x72,0x6f,0x6b,0x65,0x2d,0x6c,0x69,0x6e,0x65,0x63,0x61,0x70,0x3d,
  0x22,0x72,0x6f,0x75,0x6e,0x64,0x22,0x20,0x73,0x74,0x72,0x6f,0x6b,0x65,0x2d,0x6c,
  0x69,0x6e,0x65,0x6a,0x6f,0x69,0x6e,0x3d,0x22,0x72,0x6f,0x75,0x6e,0x64,0x22,0x20,
  0x73,0x74,0x72,0x6f,0x6b,0x65,0x2d,0x77,0x69,0x64,0x74,0x68,0x3d,0x22,0x31,0x2e,
  0x35,0x22,0x2f,0x3e,0xd,0xa,0x20,0x20,0x20,0x20,0x20,0x20,0x20,0x20,0x20,0x20,
  0x20,0x20,0x3c,0x70,0x61,0x74,0x68,0x20,0x64,0x3d,0x22,0x6d,0x35,0x37,0x35,0x2e,
  0x30,0x33,0x36,0x34,0x31,0x20,0x31,0x34,0x30,0x2e,0x31,0x33,0x35,0x32,0x36,0x2d,
  0x31,0x2e,0x32,0x35,0x20,0x38,0x2e,0x32,0x31,0x32,0x39,0x2d,0x31,0x2e,0x34,0x30,
  0x31,0x33,0x36,0x20,0x39,0x2e,0x37,0x35,0x30,0x39,0x38,0x2d,0x2e,0x35,0x39,0x30,
  0x38,0x33,0x20,0x34,0x2e,0x32,0x38,0x37,0x31,0x31,0x2d,0x2e,0x39,0x37,0x31,0x36,
  0x37,0x20,0x35,0x2e,0x38,0x30,0x35,0x36,0x36,0x2d,0x2e,0x34,0x39,0x33,0x31,0x36,
  0x20,0x34,0x2e,0x33,0x38,0x34,0x37,0x36,0x2d,0x31,0x2e,0x30,0x32,0x35,0x33,0x39,
  0x20,0x36,0x2e,0x33,0x36,0x37,0x31,0x39,0x22,0x20,0x73,0x74,0x72,0x6f,0x6b,0x65,
  0x3d,0x22,0x23,0x66,0x61,0x37,0x66,0x37,0x30,0x22,0x20,0x73,0x74,0x72,0x6f,0x6b,
  0x65,0x2d,0x6c,0x69,0x6e,0x65,0x63,0x61,0x70,0x3d,0x22,0x72,0x6f,0x75,0x6e,0x64,
  0x22,0x20,0x73,0x74,0x72,0x6f,0x6b,0x65,0x2d,0x6c,0x69,0x6e,0x65,0x6a,0x6f,0x69,
  0x6e,0x3d,0x22,0x72,0x6f,0x75,0x6e,0x64,0x22,0x20,0x73,0x74,0x72,0x6f,0x6b,0x65,
  0x2d,0x77,0x69,0x64,0x74,0x68,0x3d,0x22,0x31,0x2e,0x35,0x22,0x2f,0x3e,0xd,0xa,
  0x20,0x20,0x20,0x20,0x20,0x20,0x20,0x20,0x20,0x20,0x20,0x20,0x3c,0x70,0x61,0x74,
  0x68,0x20,0x64,0x3d,0x22,0x6d,0x35,0x37,0x30,0x2e,0x36,0x37,0x36,0x30,0x36,0x20,
  0x31,0x37,0x39,0x2e,0x31,0x35,0x33,0x38,0x32,0x2d,0x2e,0x35,0x38,0x31,0x30,0x35,
  0x20,0x34,0x2e,0x39,0x36,0x30,0x39,0x34,0x2d,0x2e,0x34,0x34,0x34,0x33,0x34,0x20,
  0x33,0x2e,0x39,0x33,0x35,0x35,0x34,0x2e,0x33,0x37,0x35,0x39,0x38,0x20,0x34,0x2e,
  0x34,0x32,0x33,0x38,0x34,0x22,0x20,0x73,0x74,0x72,0x6f,0x6b,0x65,0x3d,0x22,0x23,
  0x66,0x61,0x37,0x66,0x37,0x30,0x22,0x20,0x73,0x74,0x72,0x6f,0x6b,0x65,0x2d,0x6c,
  0x69,0x6e,0x65,0x63,0x61,0x70,0x3d,0x22,0x72,0x6f,0x75,0x6e,0x64,0x22,0x20,0x73,
  0x74,0x72,0x6f,0x6b,0x65,0x2d,0x6c,0x69,0x6e,0x65,0x6a,0x6f,0x69,0x6e,0x3d,0x22,
  0x72,0x6f,0x75,0x6e,0x64,0x22,0x20,0x73,0x74,0x72,0x6f,0x6b,0x65,0x2d,0x77,0x69,
  0x64,0x74,0x68,0x3d,0x22,0x31,0x2e,0x35,0x22,0x2f,0x3e,0xd,0xa,0x20,0x20,0x20,
  0x20,0x20,0x20,0x20,0x20,0x20,0x20,0x20,0x20,0x3c,0x70,0x61,0x74,0x68,0x20,0x64,
  0x3d,0x22,0x6d,0x35,0x37,0x31,0x2e,0x32,0x32,0x37,0x38,0x32,0x20,0x32,0x33,0x34,
  0x2e,0x31,0x31,0x34,0x37,0x36,0x2e,0x38,0x30,0x30,0x37,0x38,0x2d,0x39,0x2e,0x34,
  0x30,0x34,0x33,0x2e,0x39,0x38,0x36,0x33,0x34,0x2d,0x31,0x31,0x2e,0x35,0x39,0x31,
  0x38,0x2e,0x32,0x33,0x39,0x32,0x35,0x2d,0x32,0x2e,0x38,0x32,0x37,0x31,0x35,0x22,
  0x20,0x73,0x74,0x72,0x6f,0x6b,0x65,0x3d,0x22,0x23,0x66,0x61,0x37,0x66,0x37,0x30,
  0x22,0x20,0x73,0x74,0x72,0x6f,0x6b,0x65,0x2d,0x6c,0x69,0x6e,0x65,0x63,0x61,0x70,
  0x3d,0x22,0x72,0x6f,0x75,0x6e,0x64,0x22,0x20,0x73,0x74,0x72,0x6f,0x6b,0x65,0x2d,
  0x6c,0x69,0x6e,0x65,0x6a,0x6f,0x69,0x6e,0x3d,0x22,0x72,0x6f,0x75,0x6e,0x64,0x22,
  0x20,0x73,0x74,0x72,0x6f,0x6b,0x65,0x2d,0x77,0x69,0x64,0x74,0x68,0x3d,0x22,0x31,
  0x2e,0x35,0x22,0x2f,0x3e,0xd,0xa,0x20,0x20,0x20,0x20,0x20,0x20,0x20,0x20,0x20,
  0x20,0x20,0x20,0x3c,0x70,0x61,0x74,0x68,0x20,0x64,0x3d,0x22,0x6d,0x35,0x37,0x32,
  0x2e,0x32,0x31,0x39,0x30,0x34,0x20,0x31,0x39,0x32,0x2e,0x37,0x32,0x33,0x31,0x36,
  0x2d,0x2e,0x34,0x36,0x33,0x38,0x38,0x20,0x34,0x2e,0x32,0x39,0x36,0x38,0x38,0x22,
  0x20,0x73,0x74,0x72,0x6f,0x6b,0x65,0x3d,0x22,0x23,0x66,0x61,0x37,0x66,0x37,0x30,
  0x22,0x20,0x73,0x74,0x72,0x6f,0x6b,0x65,0x2d,0x6c,0x69,0x6e,0x65,0x63,0x61,0x70,
  0x3d,0x22,0x72,0x6f,0x75,0x6e,0x64,0x22,0x20,0x73,0x74,0x72,0x6f,0x6b,0x65,0x2d,
  0x6c,0x69,0x6e,0x65,0x6a,0x6f,0x69,0x6e,0x3d,0x22,0x72,0x6f,0x75,0x6e,0x64,0x22,
  0x20,0x73,0x74,0x72,0x6f,0x6b,0x65,0x2d,0x77,0x69,0x64,0x74,0x68,0x3d,0x22,0x31,
  0x2e,0x35,0x22,0x2f,0x3e,0xd,0xa,0x20,0x20,0x20,0x20,0x20,0x20,0x20,0x20,0x20,
  0x20,0x20,0x20,0x3c,0x70,0x61,0x74,0x68,0x20,0x64,0x3d,0x22,0x6d,0x35,0x39,0x30,
  0x2e,0x35,0x31,0x39,0x38,0x31,0x20,0x32,0x30,0x37,0x2e,0x33,0x38,0x36,0x32,0x35,
  0x2d,0x2e,0x39,0x33,0x32,0x36,0x31,0x20,0x38,0x2e,0x39,0x30,0x36,0x32,0x35,0x2d,
  0x31,0x2e,0x31,0x39,0x36,0x32,0x39,0x20,0x31,0x31,0x2e,0x34,0x38,0x34,0x33,0x37,
  0x2d,0x39,0x2e,0x33,0x37,0x35,0x2d,0x31,0x2e,0x37,0x35,0x32,0x39,0x33,0x2d,0x36,
  0x2e,0x39,0x38,0x37,0x33,0x31,0x2d,0x31,0x2e,0x33,0x31,0x33,0x34,0x38,0x22,0x20,
  0x73,0x74,0x72,0x6f,0x6b,0x65,0x3d,0x22,0x23,0x66,0x61,0x37,0x66,0x37,0x30,0x22,
  0x20,0x73,0x74,0x72,0x6f,0x6b,0x65,0x2d,0x6c,0x69,0x6e,0x65,0x63,0x61,0x70,0x3d,
  0x22,0x72,0x6f,0x75,0x6e,0x64,0x22,0x20,0x73,0x74,0x72,0x6f,0x6b,0x65,0x2d,0x6c,
  0x69,0x6e,0x65,0x6a,0x6f,0x69,0x6e,0x3d,0x22,0x72,0x6f,0x75,0x6e,0x64,0x22,0x20,
  0x73,0x74,0x72,0x6f,0x6b,0x65,0x2d,0x77,0x69,0x64,0x74,0x68,0x3d,0x22,0x31,0x2e,
  0x35,0x22,0x2f,0x3e,0xd,0xa,0x20,0x20,0x20,0x20,0x20,0x20,0x20,0x20,0x20,0x20,
  0x20,0x20,0x3c,0x70,0x61,0x74,0x68,0x20,0x64,0x3d,0x22,0x6d,0x35,0x37,0x33,0x2e,
  0x32,0x33,0x34,0x36,0x36,0x20,0x35,0x36,0x36,0x2e,0x33,0x32,0x36,0x36,0x37,0x20,
  0x34,0x2e,0x33,0x31,0x31,0x35,0x33,0x2d,0x35,0x2e,0x31,0x36,0x36,0x30,0x31,0x20,
  0x32,0x2e,0x35,0x38,0x33,0x2d,0x32,0x31,0x2e,0x33,0x30,0x33,0x37,0x31,0x22,0x20,
  0x73,0x74,0x72,0x6f,0x6b,0x65,0x3d,0x22,0x23,0x66,0x61,0x37,0x66,0x37,0x30,0x22,
  0x20,0x73,0x74,0x72,0x6f,0x6b,0x65,0x2d,0x6c,0x69,0x6e,0x65,0x63,0x61,0x70,0x3d,
  0x22,0x72,0x6f,0x75,0x6e,0x64,0x22,0x20,0x73,0x74,0x72,0x6f,0x6b,0x65,0x2d,0x6c,
  0x69,0x6e,0x65,0x6a,0x6f,0x69,0x6e,0x3d,0x22,0x72,0x6f,0x75,0x6e,0x64,0x22,0x20,
  0x73,0x74,0x72,0x6f,0x6b,0x65,0x2d,0x77,0x69,0x64,0x74,0x68,0x3d,0x22,0x32,0x2e,
  0x35,0x22,0x2f,0x3e,0xd,0xa,0x20,0x20,0x20,0x20,0x20,0x20,0x20,0x20,0x20,0x20,
  0x20,0x20,0x3c,0x70,0x61,0x74,0x68,0x20,0x64,0x3d,0x22,0x6d,0x35,0x37,0x36,0x2e,
  0x34,0x34,0x37,0x35,0x35,0x20,0x31,0x38,0x30,0x2e,0x30,0x32,0x37,0x38,0x35,0x2d,
  0x2e,0x34,0x38,0x38,0x32,0x38,0x20,0x34,0x2e,0x39,0x37,0x30,0x37,0x2d,0x2e,0x33,
  0x38,0x30,0x38,0x36,0x20,0x33,0x2e,0x38,0x35,0x32,0x35,0x34,0x2d,0x31,0x2e,0x35,
  0x34,0x32,0x39,0x37,0x20,0x34,0x2e,0x30,0x38,0x32,0x30,0x33,0x22,0x20,0x73,0x74,
  0x72,0x6f,0x6b,0x65,0x3d,0x22,0x23,0x66,0x61,0x37,0x66,0x37,0x30,0x22,0x20,0x73,
  0x74,0x72,0x6f,0x6b,0x65,0x2d,0x6c,0x69,0x6e,0x65,0x63,0x61,0x70,0x3d,0x22,0x72,
  0x6f,0x75,0x6e,0x64,0x22,0x20,0x73,0x74,0x72,0x6f,0x6b,0x65,0x2d,0x6c,0x69,0x6e,
  0x65,0x6a,0x6f,0x69,0x6e,0x3d,0x22,0x72,0x6f,0x75,0x6e,0x64,0x22,0x20,0x73,0x74,
  0x72,0x6f,0x6b,0x65,0x2d,0x77,0x69,0x64,0x74,0x68,0x3d,0x22,0x31,0x2e,0x35,0x22,
  0x2f,0x3e,0xd,0xa,0x20,0x20,0x20,0x20,0x20,0x20,0x20,0x20,0x20,0x20,0x20,0x20,
  0x3c,0x70,0x61,0x74,0x68,0x20,0x64,0x3d,0x22,0x6d,0x35,0x38,0x34,0x2e,0x39,0x35,
  0x33,0x34,0x31,0x20,0x31,0x37,0x34,0x2e,0x36,0x34,0x36,0x39,0x39,0x2d,0x2e,0x36,
  0x36,0x34,0x30,0x36,0x20,0x36,0x2e,0x35,0x37,0x32,0x32,0x36,0x2d,0x2e,0x37,0x36,
  0x31,0x37,0x33,0x20,0x34,0x2e,0x39,0x31,0x37,0x2d,0x2e,0x33,0x36,0x36,0x32,0x31,
  0x20,0x32,0x2e,0x30,0x32,0x36,0x33,0x36,0x2d,0x2e,0x36,0x38,0x33,0x35,0x39,0x20,
  0x31,0x2e,0x38,0x31,0x36,0x34,0x2d,0x31,0x2e,0x30,0x35,0x39,0x35,0x37,0x20,0x31,
  0x2e,0x32,0x35,0x2d,0x31,0x2e,0x32,0x38,0x39,0x30,0x36,0x2e,0x37,0x39,0x31,0x30,
  0x33,0x2d,0x31,0x2e,0x34,0x33,0x35,0x35,0x34,0x2e,0x35,0x37,0x31,0x32,0x38,0x2d,
  0x31,0x2e,0x35,0x31,0x33,0x36,0x38,0x2e,0x33,0x34,0x31,0x38,0x68,0x2d,0x31,0x2e,
  0x38,0x35,0x35,0x34,0x37,0x22,0x20,0x73,0x74,0x72,0x6f,0x6b,0x65,0x3d,0x22,0x23,
  0x66,0x61,0x37,0x66,0x37,0x30,0x22,0x20,0x73,0x74,0x72,0x6f,0x6b,0x65,0x2d,0x6c,
  0x69,0x6e,0x65,0x63,0x61,0x70,0x3d,0x22,0x72,0x6f,0x75,0x6e,0x64,0x22,0x20,0x73,
  0x74,0x72,0x6f,0x6b,0x65,0x2d,0x6c,0x69,0x6e,0x65,0x6a,0x6f,0x69,0x6e,0x3d,0x22,
  0x72,0x6f,0x75,0x6e,0x64,0x22,0x20,0x73,0x74,0x72,0x6f,0x6b,0x65,0x2d,0x77,0x69,
  0x64,0x74,0x68,0x3d,0x22,0x31,0x2e,0x35,0x22,0x2f,0x3e,0xd,0xa,0x20,0x20,0x20,
  0x20,0x20,0x20,0x20,0x20,0x20,0x20,0x20,0x20,0x3c,0x70,0x61,0x74,0x68,0x20,0x64,
  0x3d,0x22,0x6d,0x35,0x37,0x36,0x2e,0x36,0x30,0x33,0x38,0x20,0x31,0x34,0x38,0x2e,
  0x37,0x38,0x32,0x37,0x32,0x2d,0x2e,0x32,0x39,0x32,0x39,0x38,0x20,0x32,0x2e,0x31,
  0x34,0x33,0x35,0x37,0x76,0x32,0x2e,0x37,0x32,0x34,0x36,0x6c,0x2e,0x39,0x30,0x38,
  0x32,0x32,0x20,0x31,0x2e,0x38,0x31,0x36,0x34,0x31,0x20,0x31,0x2e,0x35,0x31,0x33,
  0x36,0x36,0x2d,0x2e,0x32,0x32,0x39,0x35,0x2e,0x39,0x30,0x38,0x32,0x31,0x2d,0x2e,
  0x37,0x39,0x31,0x30,0x31,0x2e,0x36,0x37,0x38,0x37,0x31,0x2d,0x32,0x2e,0x35,0x37,
  0x33,0x32,0x34,0x2e,0x31,0x38,0x30,0x36,0x37,0x2d,0x32,0x2e,0x34,0x39,0x30,0x32,
  0x34,0x22,0x20,0x73,0x74,0x72,0x6f,0x6b,0x65,0x3d,0x22,0x23,0x66,0x61,0x37,0x66,
  0x37,0x30,0x22,0x20,0x73,0x74,0x72,0x6f,0x6b,0x65,0x2d,0x6c,0x69,0x6e,0x65,0x63,
  0x61,0x70,0x3d,0x22,0x72,0x6f,0x75,0x6e,0x64,0x22,0x20,0x73,0x74,0x72,0x6f,0x6b,
  0x65,0x2d,0x6c,0x69,0x6e,0x65,0x6a,0x6f,0x69,0x6e,0x3d,0x22,0x72,0x6f,0x75,0x6e,
  0x64,0x22,0x20,0x73,0x74,0x72,0x6f,0x6b,0x65,0x2d,0x77,0x69,0x64,0x74,0x68,0x3d,
  0x22,0x31,0x2e,0x35,0x22,0x2f,0x3e,0xd,0xa,0x20,0x20,0x20,0x20,0x20,0x20,0x20,
  0x20,0x20,0x20,0x20,0x20,0x3c,0x70,0x61,0x74,0x68,0x20,0x64,0x3d,0x22,0x6d,0x35,
  0x38,0x37,0x2e,0x39,0x31,0x37,0x32,0x37,0x20,0x31,0x37,0x35,0x2e,0x30,0x36,0x36,
  0x39,0x31,0x2d,0x2e,0x35,0x37,0x31,0x32,0x38,0x20,0x36,0x2e,0x36,0x32,0x31,0x30,
  0x39,0x2d,0x2e,0x33,0x33,0x32,0x30,0x34,0x20,0x34,0x2e,0x39,0x37,0x30,0x37,0x2d,
  0x2e,0x38,0x39,0x38,0x34,0x33,0x20,0x33,0x2e,0x34,0x33,0x32,0x36,0x32,0x2d,0x2e,
  0x35,0x33,0x32,0x32,0x33,0x20,0x31,0x2e,0x38,0x31,0x36,0x34,0x2d,0x31,0x2e,0x31,
  0x33,0x37,0x36,0x39,0x20,0x31,0x2e,0x37,0x30,0x34,0x31,0x2d,0x31,0x2e,0x33,0x35,
  0x37,0x34,0x33,0x20,0x31,0x2e,0x30,0x32,0x30,0x35,0x32,0x2d,0x31,0x2e,0x36,0x36,
  0x39,0x39,0x32,0x20,0x31,0x2e,0x30,0x32,0x30,0x35,0x31,0x2d,0x33,0x2e,0x35,0x35,
  0x39,0x35,0x36,0x2e,0x32,0x32,0x39,0x34,0x39,0x22,0x20,0x73,0x74,0x72,0x6f,0x6b,
  0x65,0x3d,0x22,0x23,0x66,0x61,0x37,0x66,0x37,0x30,0x22,0x20,0x73,0x74,0x72,0x6f,
  0x6b,0x65,0x2d,0x6c,0x69,0x6e,0x65,0x63,0x61,0x70,0x3d,0x22,0x72,0x6f,0x75,0x6e,
  0x64,0x22,0x20,0x73,0x74,0x72,0x6f,0x6b,0x65,0x2d,0x6c,0x69,0x6e,0x65,0x6a,0x6f,
  0x69,0x6e,0x3d,0x22,0x72,0x6f,0x75,0x6e,0x64,0x22,0x20,0x73,0x74,0x72,0x6f,0x6b,
  0x65,0x2d,0x77,0x69,0x64,0x74,0x68,0x3d,0x22,0x31,0x2e,0x35,0x22,0x2f,0x3e,0xd,
  0xa,0x20,0x20,0x20,0x20,0x20,0x20,0x20,0x20,0x20,0x20,0x20,0x20,0x3c,0x70,0x61,
  0x74,0x68,0x20,0x64,0x3d,0x22,0x6d,0x35,0x38,0x31,0x2e,0x33,0x38,0x34,0x30,0x37,
  0x20,0x32,0x30,0x35,0x2e,0x38,0x36,0x37,0x36,0x39,0x2d,0x31,0x2e,0x30,0x31,0x30,
  0x37,0x35,0x20,0x38,0x2e,0x36,0x35,0x37,0x32,0x32,0x2d,0x31,0x2e,0x33,0x35,0x37,
  0x34,0x31,0x20,0x31,0x31,0x2e,0x34,0x39,0x39,0x30,0x33,0x2d,0x31,0x2e,0x30,0x39,
  0x33,0x37,0x35,0x20,0x39,0x2e,0x32,0x35,0x32,0x39,0x33,0x22,0x20,0x73,0x74,0x72,
  0x6f,0x6b,0x65,0x3d,0x22,0x23,0x66,0x61,0x37,0x66,0x37,0x30,0x22,0x20,0x73,0x74,
  0x72,0x6f,0x6b,0x65,0x2d,0x6c,0x69,0x6e,0x65,0x63,0x61,0x70,0x3d,0x22,0x72,0x6f,
  0x75,0x6e,0x64,0x22,0x20,0x73,0x74,0x72,0x6f,0x6b,0x65,0x2d,0x6c,0x69,0x6e,0x65,
  0x6a,0x6f,0x69,0x6e,0x3d,0x22,0x72,0x6f,0x75,0x6e,0x64,0x22,0x20,0x73,0x74,0x72,
  0x6f,0x6b,0x65,0x2d,0x77,0x69,0x64,0x74,0x68,0x3d,0x22,0x31,0x2e,0x35,0x22,0x2f,
  0x3e,0xd,0xa,0x20,0x20,0x20,0x20,0x20,0x20,0x20,0x20,0x20,0x20,0x20,0x20,0x3c,
  0x70,0x61,0x74,0x68,0x20,0x64,0x3d,0x22,0x6d,0x35,0x38,0x34,0x2e,0x32,0x34,0x35,
  0x34,0x20,0x31,0x34,0x31,0x2e,0x37,0x36,0x36,0x31,0x32,0x2d,0x31,0x2e,0x31,0x37,
  0x31,0x38,0x38,0x20,0x38,0x2e,0x30,0x31,0x37,0x35,0x38,0x2d,0x31,0x2e,0x34,0x38,
  0x34,0x33,0x37,0x20,0x39,0x2e,0x37,0x34,0x36,0x31,0x2d,0x2e,0x36,0x34,0x34,0x35,
  0x33,0x20,0x34,0x2e,0x34,0x32,0x33,0x38,0x32,0x2d,0x2e,0x39,0x34,0x32,0x33,0x38,
  0x20,0x35,0x2e,0x35,0x31,0x37,0x35,0x38,0x2d,0x2e,0x34,0x39,0x38,0x30,0x35,0x20,
  0x34,0x2e,0x34,0x30,0x34,0x33,0x2d,0x2e,0x39,0x35,0x37,0x30,0x33,0x20,0x36,0x2e,
  0x34,0x36,0x39,0x37,0x32,0x22,0x20,0x73,0x74,0x72,0x6f,0x6b,0x65,0x3d,0x22,0x23,
  0x66,0x61,0x37,0x66,0x37,0x30,0x22,0x20,0x73,0x74,0x72,0x6f,0x6b,0x65,0x2d,0x6c,
  0x69,0x6e,0x65,0x63,0x61,0x70,0x3d,0x22,0x72,0x6f,0x75,0x6e,0x64,0x22,0x20,0x73,
  0x74,0x72,0x6f,0x6b,0x65,0x2d,0x6c,0x69,0x6e,0x65,0x6a,0x6f,0x69,0x6e,0x3d,0x22,
  0x72,0x6f,0x75,0x6e,0x64,0x22,0x20,0x73,0x74,0x72,0x6f,0x6b,0x65,0x2d,0x77,0x69,
  0x64,0x74,0x68,0x3d,0x22,0x31,0x2e,0x35,0x22,0x2f,0x3e,0xd,0xa,0x20,0x20,0x20,
  0x20,0x20,0x20,0x20,0x20,0x20,0x20,0x20,0x20,0x3c,0x70,0x61,0x74,0x68,0x20,0x64,
  0x3d,0x22,0x6d,0x35,0x38,0x32,0x2e,0x32,0x33,0x33,0x36,0x39,0x20,0x34,0x34,0x35,
  0x2e,0x31,0x30,0x35,0x39,0x37,0x20,0x31,0x2e,0x36,0x31,0x36,0x32,0x31,0x2d,0x37,
  0x2e,0x34,0x36,0x35,0x38,0x32,0x20,0x33,0x2e,0x32,0x30,0x33,0x31,0x32,0x2d,0x33,
  0x2e,0x35,0x31,0x35,0x36,0x33,0x20,0x35,0x2e,0x38,0x31,0x30,0x35,0x34,0x2d,0x32,
  0x2e,0x32,0x34,0x31,0x32,0x31,0x20,0x36,0x2e,0x34,0x36,0x34,0x38,0x35,0x20,0x31,
  0x2e,0x31,0x33,0x37,0x37,0x20,0x34,0x2e,0x32,0x35,0x37,0x38,0x31,0x20,0x33,0x2e,
  0x38,0x35,0x37,0x34,0x31,0x20,0x31,0x2e,0x37,0x35,0x32,0x39,0x33,0x20,0x36,0x2e,
  0x33,0x31,0x38,0x33,0x37,0x2d,0x2e,0x32,0x32,0x34,0x36,0x31,0x20,0x35,0x2e,0x32,
  0x33,0x34,0x33,0x37,0x2d,0x33,0x2e,0x36,0x35,0x37,0x32,0x33,0x20,0x34,0x2e,0x37,
  0x36,0x35,0x36,0x33,0x2d,0x36,0x2e,0x36,0x30,0x36,0x34,0x34,0x20,0x32,0x2e,0x34,
  0x39,0x35,0x31,0x32,0x2d,0x36,0x2e,0x38,0x37,0x30,0x31,0x32,0x2d,0x31,0x2e,0x35,
  0x30,0x38,0x37,0x39,0x2d,0x33,0x2e,0x36,0x35,0x32,0x33,0x34,0x2d,0x33,0x2e,0x33,
  0x34,0x39,0x36,0x31,0x7a,0x22,0x20,0x73,0x74,0x72,0x6f,0x6b,0x65,0x3d,0x22,0x23,
  0x66,0x61,0x37,0x66,0x37,0x30,0x22,0x20,0x73,0x74,0x72,0x6f,0x6b,0x65,0x2d,0x6c,
  0x69,0x6e,0x65,0x63,0x61,0x70,0x3d,0x22,0x72,0x6f,0x75,0x6e,0x64,0x22,0x20,0x73,
  0x74,0x72,0x6f,0x6b,0x65,0x2d,0x6c,0x69,0x6e,0x65,0x6a,0x6f,0x69,0x6e,0x3d,0x22,
  0x72,0x6f,0x75,0x6e,0x64,0x22,0x20,0x73,0x74,0x72,0x6f,0x6b,0x65,0x2d,0x77,0x69,
  0x64,0x74,0x68,0x3d,0x22,0x32,0x2e,0x35,0x22,0x2f,0x3e,0xd,0xa,0x20,0x20,0x20,
  0x20,0x20,0x20,0x20,0x20,0x20,0x20,0x20,0x20,0x3c,0x70,0x61,0x74,0x68,0x20,0x64,
  0x3d,0x22,0x6d,0x35,0x38,0x38,0x2e,0x30,0x35,0x38,0x38,0x37,0x20,0x31,0x35,0x30,
  0x2e,0x35,0x35,0x35,0x31,0x39,0x2d,0x2e,0x33,0x36,0x36,0x32,0x31,0x20,0x34,0x2e,
  0x33,0x31,0x31,0x35,0x32,0x20,0x33,0x2e,0x31,0x36,0x34,0x30,0x36,0x2e,0x35,0x30,
  0x37,0x38,0x31,0x20,0x33,0x2e,0x31,0x36,0x38,0x39,0x35,0x2e,0x35,0x34,0x36,0x38,
  0x38,0x2e,0x35,0x33,0x32,0x32,0x33,0x2d,0x34,0x2e,0x33,0x35,0x35,0x34,0x38,0x22,
  0x20,0x73,0x74,0x72,0x6f,0x6b,0x65,0x3d,0x22,0x23,0x66,0x61,0x37,0x66,0x37,0x30,
  0x22,0x20,0x73,0x74,0x72,0x6f,0x6b,0x65,0x2d,0x6c,0x69,0x6e,0x65,0x63,0x61,0x70,
  0x3d,0x22,0x72,0x6f,0x75,0x6e,0x64,0x22,0x20,0x73,0x74,0x72,0x6f,0x6b,0x65,0x2d,
  0x6c,0x69,0x6e,0x65,0x6a,0x6f,0x69,0x6e,0x3d,0x22,0x72,0x6f,0x75,0x6e,0x64,0x22,
  0x20,0x73,0x74,0x72,0x6f,0x6b,0x65,0x2d,0x77,0x69,0x64,0x74,0x68,0x3d,0x22,0x31,
  0x2e,0x35,0x22,0x2f,0x3e,0xd,0xa,0x20,0x20,0x20,0x20,0x20,0x20,0x20,0x20,0x20,
  0x20,0x20,0x20,0x3c,0x70,0x61,0x74,0x68,0x20,0x64,0x3d,0x22,0x6d,0x35,0x39,0x30,
  0x2e,0x38,0x35,0x36,0x37,0x32,0x20,0x31,0x35,0x35,0x2e,0x33,0x37,0x34,0x35,0x32,
  0x2d,0x2e,0x36,0x31,0x30,0x33,0x35,0x20,0x35,0x2e,0x35,0x30,0x32,0x39,0x33,0x22,
  0x20,0x73,0x74,0x72,0x6f,0x6b,0x65,0x3d,0x22,0x23,0x66,0x61,0x37,0x66,0x37,0x30,
  0x22,0x20,0x73,0x74,0x72,0x6f,0x6b,0x65,0x2d,0x6c,0x69,0x6e,0x65,0x63,0x61,0x70,
  0x3d,0x22,0x72,0x6f,0x75,0x6e,0x64,0x22,0x20,0x73,0x74,0x72,0x6f,0x6b,0x65,0x2d,
  0x6c,0x69,0x6e,0x65,0x6a,0x6f,0x69,0x6e,0x3d,0x22,0x72,0x6f,0x75,0x6e,0x64,0x22,
  0x20,0x73,0x74,0x72,0x6f,0x6b,0x65,0x2d,0x77,0x69,0x64,0x74,0x68,0x3d,0x22,0x31,
  0x2e,0x35,0x22,0x2f,0x3e,0xd,0xa,0x20,0x20,0x20,0x20,0x20,0x20,0x20,0x20,0x20,
  0x20,0x20,0x20,0x3c,0x70,0x61,0x74,0x68,0x20,0x64,0x3d,0x22,0x6d,0x36,0x31,0x32,
  0x2e,0x39,0x30,0x32,0x36,0x32,0x20,0x32,0x35,0x30,0x2e,0x39,0x32,0x36,0x32,0x39,
  0x2d,0x31,0x31,0x2e,0x36,0x34,0x30,0x36,0x32,0x2d,0x32,0x2e,0x32,0x33,0x31,0x34,
  0x35,0x2d,0x31,0x30,0x2e,0x35,0x38,0x35,0x39,0x34,0x2d,0x32,0x2e,0x30,0x33,0x31,
  0x32,0x35,0x20,0x31,0x2e,0x30,0x39,0x33,0x37,0x35,0x2d,0x38,0x2e,0x38,0x35,0x37,
  0x34,0x33,0x20,0x31,0x2e,0x31,0x31,0x33,0x32,0x39,0x2d,0x39,0x2e,0x31,0x38,0x39,
  0x34,0x35,0x20,0x31,0x30,0x2e,0x37,0x34,0x37,0x30,0x36,0x20,0x32,0x2e,0x30,0x31,
  0x31,0x37,0x31,0x20,0x31,0x31,0x2e,0x32,0x35,0x20,0x32,0x2e,0x31,0x30,0x34,0x35,
  0x2d,0x2e,0x39,0x39,0x31,0x32,0x31,0x20,0x39,0x2e,0x31,0x31,0x36,0x32,0x32,0x7a,
  0x22,0x20,0x73,0x74,0x72,0x6f,0x6b,0x65,0x3d,0x22,0x23,0x66,0x61,0x37,0x66,0x37,
  0x30,0x22,0x20,0x73,0x74,0x72,0x6f,0x6b,0x65,0x2d,0x6c,0x69,0x6e,0x65,0x63,0x61,
  0x70,0x3d,0x22,0x72,0x6f,0x75,0x6e,0x64,0x22,0x20,0x73,0x74,0x72,0x6f,0x6b,0x65,
  0x2d,0x6c,0x69,0x6e,0x65,0x6a,0x6f,0x69,0x6e,0x3d,0x22,0x72,0x6f,0x75,0x6e,0x64,
  0x22,0x20,0x73,0x74,0x72,0x6f,0x6b,0x65,0x2d,0x77,0x69,0x64,0x74,0x68,0x3d,0x22,
  0x31,0x2e,0x35,0x22,0x2f,0x3e,0xd,0xa,0x20,0x20,0x20,0x20,0x20,0x20,0x20,0x20,
  0x20,0x20,0x20,0x20,0x3c,0x70,0x61,0x74,0x68,0x20,0x64,0x3d,0x22,0x6d,0x36,0x36,
  0x37,0x2e,0x30,0x38,0x32,0x33,0x31,0x20,0x35,0x32,0x31,0x2e,0x39,0x35,0x36,0x35,
  0x35,0x20,0x32,0x37,0x2e,0x33,0x38,0x37,0x37,0x2d,0x32,0x2e,0x32,0x33,0x36,0x33,
  0x33,0x22,0x20,0x73,0x74,0x72,0x6f,0x6b,0x65,0x3d,0x22,0x23,0x66,0x61,0x37,0x66,
  0x37,0x30,0x22,0x20,0x73,0x74,0x72,0x6f,0x6b,0x65,0x2d,0x6c,0x69,0x6e,0x65,0x63,
  0x61,0x70,0x3d,0x22,0x72,0x6f,0x75,0x6e,0x64,0x22,0x20,0x73,0x74,0x72,0x6f,0x6b,
  0x65,0x2d,0x6c,0x69,0x6e,0x65,0x6a,0x6f,0x69,0x6e,0x3d,0x22,0x72,0x6f,0x75,0x6e,
  0x64,0x22,0x20,0x73,0x74,0x72,0x6f,0x6b,0x65,0x2d,0x77,0x69,0x64,0x74,0x68,0x3d,
  0x22,0x32,0x2e,0x35,0x22,0x2f,0x3e,0xd,0xa,0x20,0x20,0x20,0x20,0x20,0x20,0x20,
  0x20,0x20,0x20,0x20,0x20,0x3c,0x70,0x61,0x74,0x68,0x20,0x64,0x3d,0x22,0x6d,0x35,
  0x39,0x32,0x2e,0x36,0x37,0x33,0x31,0x34,0x20,0x34,0x31,0x39,0x2e,0x31,0x39,0x32,
  0x38,0x39,0x2e,0x31,0x39,0x30,0x34,0x32,0x20,0x31,0x32,0x2e,0x36,0x39,0x30,0x34,
  0x32,0x22,0x20,0x73,0x74,0x72,0x6f,0x6b,0x65,0x3d,0x22,0x23,0x66,0x61,0x37,0x66,
  0x37,0x30,0x22,0x20,0x73,0x74,0x72,0x6f,0x6b,0x65,0x2d,0x6c,0x69,0x6e,0x65,0x63,
  0x61,0x70,0x3d,0x22,0x72,0x6f,0x75,0x6e,0x64,0x22,0x20,0x73,0x74,0x72,0x6f,0x6b,
  0x65,0x2d,0x6c,0x69,0x6e,0x65,0x6a,0x6f,0x69,0x6e,0x3d,0x22,0x72,0x6f,0x75,0x6e,
  0x64,0x22,0x20,0x73,0x74,0x72,0x6f,0x6b,0x65,0x2d,0x77,0x69,0x64,0x74,0x68,0x3d,
  0x22,0x32,0x2e,0x35,0x22,0x2f,0x3e,0xd,0xa,0x20,0x20,0x20,0x20,0x20,0x20,0x20,
  0x20,0x20,0x20,0x20,0x20,0x3c,0x70,0x61,0x74,0x68,0x20,0x64,0x3d,0x22,0x6d,0x35,
  0x39,0x35,0x2e,0x35,0x34,0x39,0x31,0x31,0x20,0x32,0x33,0x32,0x2e,0x38,0x31,0x31,
  0x30,0x35,0x20,0x37,0x2e,0x38,0x34,0x31,0x38,0x2e,0x30,0x36,0x38,0x33,0x36,0x20,
  0x38,0x2e,0x34,0x34,0x32,0x33,0x38,0x20,0x33,0x2e,0x31,0x32,0x35,0x2d,0x2e,0x37,
  0x33,0x37,0x33,0x20,0x35,0x2e,0x33,0x31,0x37,0x33,0x38,0x2d,0x2e,0x37,0x38,0x36,
  0x31,0x34,0x20,0x35,0x2e,0x36,0x34,0x34,0x35,0x33,0x2d,0x38,0x2e,0x36,0x31,0x38,
  0x31,0x36,0x2d,0x2e,0x33,0x37,0x31,0x31,0x2d,0x37,0x2e,0x32,0x31,0x31,0x39,0x32,
  0x2d,0x32,0x2e,0x36,0x37,0x30,0x39,0x2e,0x35,0x32,0x37,0x33,0x35,0x2d,0x35,0x2e,
  0x34,0x36,0x38,0x37,0x35,0x7a,0x22,0x20,0x73,0x74,0x72,0x6f,0x6b,0x65,0x3d,0x22,
  0x23,0x66,0x61,0x37,0x66,0x37,0x30,0x22,0x20,0x73,0x74,0x72,0x6f,0x6b,0x65,0x2d,
  0x6c,0x69,0x6e,0x65,0x63,0x61,0x70,0x3d,0x22,0x72,0x6f,0x75,0x6e,0x64,0x22,0x20,
  0x73,0x74,0x72,0x6f,0x6b,0x65,0x2d,0x6c,0x69,0x6e,0x65,0x6a,0x6f,0x69,0x6e,0x3d,
  0x22,0x72,0x6f,0x75,0x6e,0x64,0x22,0x20,0x73,0x74,0x72,0x6f,0x6b,0x65,0x2d,0x77,
  0x69,0x64,0x74,0x68,0x3d,0x22,0x31,0x2e,0x35,0x22,0x2f,0x3e,0xd,0xa,0x20,0x20,
  0x20,0x20,0x20,0x20,0x20,0x20,0x20,0x20,0x20,0x20,0x3c,0x70,0x61,0x74,0x68,0x20,
  0x64,0x3d,0x22,0x6d,0x36,0x30,0x35,0x2e,0x35,0x34,0x34,0x32,0x32,0x20,0x31,0x34,
  0x35,0x2e,0x36,0x31,0x33,0x37,0x39,0x2d,0x32,0x2e,0x31,0x30,0x39,0x33,0x37,0x20,
  0x31,0x37,0x2e,0x33,0x30,0x39,0x35,0x36,0x2d,0x2e,0x37,0x37,0x36,0x33,0x36,0x20,
  0x33,0x2e,0x32,0x31,0x32,0x39,0x2d,0x32,0x2e,0x31,0x31,0x39,0x31,0x34,0x2e,0x36,
  0x37,0x38,0x37,0x68,0x2d,0x32,0x2e,0x38,0x37,0x35,0x39,0x38,0x22,0x20,0x73,0x74,
  0x72,0x6f,0x6b,0x65,0x3d,0x22,0x23,0x66,0x61,0x37,0x66,0x37,0x30,0x22,0x20,0x73,
  0x74,0x72,0x6f,0x6b,0x65,0x2d,0x6c,0x69,0x6e,0x65,0x63,0x61,0x70,0x3d,0x22,0x72,
  0x6f,0x75,0x6e,0x64,0x22,0x20,0x73,0x74,0x72,0x6f,0x6b,0x65,0x2d,0x6c,0x69,0x6e,
  0x65,0x6a,0x6f,0x69,0x6e,0x3d,0x22,0x72,0x6f,0x75,0x6e,0x64,0x22,0x20,0x73,0x74,
  0x72,0x6f,0x6b,0x65,0x2d,0x77,0x69,0x64,0x74,0x68,0x3d,0x22,0x31,0x2e,0x35,0x22,
  0x2f,0x3e,0xd,0xa,0x20,0x20,0x20,0x20,0x20,0x20,0x20,0x20,0x20,0x20,0x20,0x20,
  0x3c,0x70,0x61,0x74,0x68,0x20,0x64,0x3d,0x22,0x6d,0x35,0x39,0x34,0x2e,0x38,0x35,
  0x30,0x38,0x37,0x20,0x34,0x35,0x35,0x2e,0x36,0x39,0x31,0x39,0x31,0x2d,0x2e,0x30,
  0x31,0x39,0x35,0x33,0x20,0x31,0x32,0x2e,0x36,0x35,0x31,0x33,0x36,0x22,0x20,0x73,
  0x74,0x72,0x6f,0x6b,0x65,0x3d,0x22,0x23,0x66,0x61,0x37,0x66,0x37,0x30,0x22,0x20,
  0x73,0x74,0x72,0x6f,0x6b,0x65,0x2d,0x6c,0x69,0x6e,0x65,0x63,0x61,0x70,0x3d,0x22,
  0x72,0x6f,0x75,0x6e,0x64,0x22,0x20,0x73,0x74,0x72,0x6f,0x6b,0x65,0x2d,0x6c,0x69,
  0x6e,0x65,0x6a,0x6f,0x69,0x6e,0x3d,0x22,0x72,0x6f,0x75,0x6e,0x64,0x22,0x20,0x73,
  0x74,0x72,0x6f,0x6b,0x65,0x2d,0x77,0x69,0x64,0x74,0x68,0x3d,0x22,0x32,0x2e,0x35,
  0x22,0x2f,0x3e,0xd,0xa,0x20,0x20,0x20,0x20,0x20,0x20,0x20,0x20,0x20,0x20,0x20,
  0x20,0x3c,0x70,0x61,0x74,0x68,0x20,0x64,0x3d,0x22,0x6d,0x36,0x30,0x32,0x2e,0x35,
  0x33,0x31,0x35,0x34,0x20,0x32,0x33,0x36,0x2e,0x38,0x32,0x34,0x37,0x32,0x20,0x31,
  0x2e,0x39,0x37,0x32,0x36,0x35,0x2e,0x34,0x35,0x38,0x39,0x38,0x20,0x31,0x2e,0x37,
  0x30,0x34,0x31,0x2e,0x37,0x38,0x36,0x31,0x34,0x20,0x31,0x2e,0x32,0x31,0x30,0x39,
  0x33,0x20,0x32,0x2e,0x33,0x39,0x32,0x35,0x37,0x2d,0x2e,0x39,0x30,0x38,0x32,0x20,
  0x32,0x2e,0x34,0x39,0x30,0x32,0x34,0x2d,0x32,0x2e,0x31,0x39,0x37,0x32,0x36,0x2e,
  0x35,0x37,0x31,0x32,0x39,0x68,0x2d,0x32,0x2e,0x35,0x37,0x33,0x32,0x34,0x6c,0x2d,
  0x31,0x2e,0x33,0x36,0x37,0x32,0x2d,0x2e,0x37,0x39,0x35,0x39,0x2d,0x2e,0x39,0x30,
  0x38,0x32,0x2d,0x31,0x2e,0x35,0x38,0x36,0x39,0x32,0x2d,0x2e,0x34,0x34,0x39,0x32,
  0x31,0x2d,0x32,0x2e,0x30,0x34,0x35,0x39,0x2e,0x39,0x38,0x31,0x34,0x34,0x2d,0x31,
  0x2e,0x35,0x38,0x36,0x39,0x31,0x20,0x31,0x2e,0x32,0x38,0x34,0x31,0x39,0x2d,0x2e,
  0x35,0x36,0x36,0x34,0x7a,0x22,0x20,0x73,0x74,0x72,0x6f,0x6b,0x65,0x3d,0x22,0x23,
  0x66,0x61,0x37,0x66,0x37,0x30,0x22,0x20,0x73,0x74,0x72,0x6f,0x6b,0x65,0x2d,0x6c,
  0x69,0x6e,0x65,0x63,0x61,0x70,0x3d,0x22,0x72,0x6f,0x75,0x6e,0x64,0x22,0x20,0x73,
  0x74,0x72,0x6f,0x6b,0x65,0x2d,0x6c,0x69,0x6e,0x65,0x6a,0x6f,0x69,0x6e,0x3d,0x22,
  0x72,0x6f,0x75,0x6e,0x64,0x22,0x20,0x73,0x74,0x72,0x6f,0x6b,0x65,0x2d,0x77,0x69,
  0x64,0x74,0x68,0x3d,0x22,0x31,0x2e,0x35,0x22,0x2f,0x3e,0xd,0xa,0x20,0x20,0x20,
  0x20,0x20,0x20,0x20,0x20,0x20,0x20,0x20,0x20,0x3c,0x70,0x61,0x74,0x68,0x20,0x64,
  0x3d,0x22,0x6d,0x36,0x36,0x37,0x2e,0x32,0x35,0x33,0x32,0x31,0x20,0x32,0x37,0x33,
  0x2e,0x31,0x35,0x32,0x38,0x35,0x20,0x31,0x31,0x2e,0x33,0x30,0x33,0x37,0x20,0x32,
  0x2e,0x32,0x37,0x30,0x35,0x22,0x20,0x73,0x74,0x72,0x6f,0x6b,0x65,0x3d,0x22,0x23,
  0x66,0x61,0x37,0x66,0x37,0x30,0x22,0x20,0x73,0x74,0x72,0x6f,0x6b,0x65,0x2d,0x6c,
  0x69,0x6e,0x65,0x63,0x61,0x70,0x3d,0x22,0x72,0x6f,0x75,0x6e,0x64,0x22,0x20,0x73,
  0x74,0x72,0x6f,0x6b,0x65,0x2d,0x6c,0x69,0x6e,0x65,0x6a,0x6f,0x69,0x6e,0x3d,0x22,
  0x72,0x6f,0x75,0x6e,0x64,0x22,0x20,0x73,0x74,0x72,0x6f,0x6b,0x65,0x2d,0x77,0x69,
  0x64,0x74,0x68,0x3d,0x22,0x31,0x2e,0x35,0x22,0x2f,0x3e,0xd,0xa,0x20,0x20,0x20,
  0x20,0x20,0x20,0x20,0x20,0x20,0x20,0x20,0x20,0x3c,0x70,0x61,0x74,0x68,0x20,0x64,
  0x3d,0x22,0x6d,0x36,0x37,0x35,0x2e,0x31,0x36,0x38,0x32,0x31,0x20,0x31,0x32,0x32,
  0x2e,0x37,0x33,0x37,0x38,0x2d,0x35,0x2e,0x30,0x39,0x32,0x37,0x20,0x35,0x35,0x2e,
  0x35,0x35,0x31,0x37,0x36,0x20,0x31,0x30,0x2e,0x33,0x32,0x37,0x31,0x20,0x31,0x2e,
  0x32,0x38,0x34,0x31,0x39,0x2d,0x2e,0x36,0x36,0x34,0x20,0x32,0x32,0x2e,0x30,0x32,
  0x36,0x33,0x36,0x2d,0x31,0x2e,0x30,0x36,0x39,0x34,0x20,0x35,0x32,0x2e,0x30,0x36,
  0x35,0x34,0x33,0x2d,0x2e,0x31,0x31,0x32,0x33,0x20,0x32,0x31,0x2e,0x37,0x35,0x37,
  0x38,0x31,0x2d,0x2e,0x30,0x33,0x39,0x20,0x38,0x2e,0x33,0x38,0x38,0x36,0x37,0x22,
  0x20,0x73,0x74,0x72,0x6f,0x6b,0x65,0x3d,0x22,0x23,0x66,0x66,0x66,0x22,0x20,0x73,
  0x74,0x72,0x6f,0x6b,0x65,0x2d,0x6c,0x69,0x6e,0x65,0x63,0x61,0x70,0x3d,0x22,0x72,
  0x6f,0x75,0x6e,0x64,0x22,0x20,0x73,0x74,0x72,0x6f,0x6b,0x65,0x2d,0x6c,0x69,0x6e,
  0x65,0x6a,0x6f,0x69,0x6e,0x3d,0x22,0x72,0x6f,0x75,0x6e,0x64,0x22,0x20,0x73,0x74,
  0x72,0x6f,0x6b,0x65,0x2d,0x77,0x69,0x64,0x74,0x68,0x3d,0x22,0x37,0x2e,0x35,0x22,
  0x2f,0x3e,0xd,0xa,0x20,0x20,0x20,0x20,0x20,0x20,0x20,0x20,0x20,0x20,0x20,0x20,
  0x3c,0x70,0x61,0x74,0x68,0x20,0x64,0x3d,0x22,0x6d,0x36,0x30,0x35,0x2e,0x33,0x33,
  0x39,0x31,0x35,0x20,0x34,0x34,0x33,0x2e,0x31,0x39,0x36,0x37,0x39,0x20,0x35,0x35,
  0x2e,0x33,0x32,0x37,0x31,0x36,0x2d,0x32,0x2e,0x31,0x35,0x38,0x32,0x22,0x20,0x73,
  0x74,0x72,0x6f,0x6b,0x65,0x3d,0x22,0x23,0x66,0x61,0x37,0x66,0x37,0x30,0x22,0x20,
  0x73,0x74,0x72,0x6f,0x6b,0x65,0x2d,0x6c,0x69,0x6e,0x65,0x63,0x61,0x70,0x3d,0x22,
  0x72,0x6f,0x75,0x6e,0x64,0x22,0x20,0x73,0x74,0x72,0x6f,0x6b,0x65,0x2d,0x6c,0x69,
  0x6e,0x65,0x6a,0x6f,0x69,0x6e,0x3d,0x22,0x72,0x6f,0x75,0x6e,0x64,0x22,0x20,0x73,
  0x74,0x72,0x6f,0x6b,0x65,0x2d,0x77,0x69,0x64,0x74,0x68,0x3d,0x22,0x32,0x2e,0x35,
  0x22,0x2f,0x3e,0xd,0xa,0x20,0x20,0x20,0x20,0x20,0x20,0x20,0x20,0x20,0x20,0x20,
  0x20,0x3c,0x70,0x61,0x74,0x68,0x20,0x64,0x3d,0x22,0x6d,0x36,0x31,0x30,0x2e,0x33,
  0x38,0x37,0x39,0x37,0x20,0x32,0x30,0x32,0x2e,0x36,0x30,0x31,0x30,0x39,0x20,0x39,
  0x2e,0x32,0x30,0x38,0x39,0x39,0x20,0x31,0x2e,0x34,0x34,0x30,0x34,0x32,0x20,0x38,
  0x2e,0x34,0x39,0x31,0x32,0x31,0x20,0x31,0x2e,0x33,0x32,0x38,0x31,0x33,0x20,0x32,
  0x36,0x2e,0x38,0x38,0x39,0x36,0x34,0x20,0x34,0x2e,0x32,0x31,0x38,0x37,0x35,0x20,
  0x39,0x2e,0x30,0x37,0x37,0x32,0x20,0x31,0x2e,0x34,0x31,0x36,0x30,0x32,0x22,0x20,
  0x73,0x74,0x72,0x6f,0x6b,0x65,0x3d,0x22,0x23,0x66,0x61,0x37,0x66,0x37,0x30,0x22,
  0x20,0x73,0x74,0x72,0x6f,0x6b,0x65,0x2d,0x6c,0x69,0x6e,0x65,0x63,0x61,0x70,0x3d,
  0x22,0x72,0x6f,0x75,0x6e,0x64,0x22,0x20,0x73,0x74,0x72,0x6f,0x6b,0x65,0x2d,0x6c,
  0x69,0x6e,0x65,0x6a,0x6f,0x69,0x6e,0x3d,0x22,0x72,0x6f,0x75,0x6e,0x64,0x22,0x20,
  0x73,0x74,0x72,0x6f,0x6b,0x65,0x2d,0x77,0x69,0x64,0x74,0x68,0x3d,0x22,0x31,0x2e,
  0x35,0x22,0x2f,0x3e,0xd,0xa,0x20,0x20,0x20,0x20,0x20,0x20,0x20,0x20,0x20,0x20,
  0x20,0x20,0x3c,0x70,0x61,0x74,0x68,0x20,0x64,0x3d,0x22,0x6d,0x36,0x36,0x33,0x2e,
  0x33,0x30,0x37,0x39,0x31,0x20,0x32,0x31,0x39,0x2e,0x34,0x37,0x36,0x30,0x39,0x20,
  0x31,0x31,0x2e,0x38,0x36,0x30,0x33,0x20,0x31,0x2e,0x39,0x31,0x34,0x30,0x36,0x2d,
  0x34,0x2e,0x35,0x37,0x30,0x33,0x20,0x33,0x30,0x2e,0x38,0x30,0x30,0x37,0x37,0x2d,
  0x33,0x2e,0x33,0x34,0x34,0x37,0x20,0x32,0x30,0x2e,0x39,0x36,0x31,0x39,0x33,0x2d,
  0x32,0x31,0x2e,0x34,0x34,0x35,0x33,0x2d,0x34,0x2e,0x37,0x37,0x30,0x35,0x31,0x2d,
  0x32,0x37,0x2e,0x32,0x37,0x30,0x35,0x31,0x2d,0x35,0x2e,0x38,0x38,0x38,0x36,0x38,
  0x20,0x33,0x2e,0x31,0x39,0x33,0x33,0x35,0x2d,0x31,0x39,0x2e,0x32,0x31,0x38,0x37,
  0x35,0x20,0x34,0x2e,0x39,0x39,0x30,0x32,0x34,0x2d,0x32,0x39,0x2e,0x37,0x30,0x32,
  0x31,0x35,0x20,0x31,0x2e,0x33,0x36,0x37,0x31,0x38,0x2d,0x38,0x2e,0x32,0x30,0x33,
  0x31,0x32,0x20,0x31,0x2e,0x34,0x30,0x31,0x33,0x37,0x2d,0x38,0x2e,0x32,0x31,0x37,
  0x37,0x37,0x22,0x20,0x73,0x74,0x72,0x6f,0x6b,0x65,0x3d,0x22,0x23,0x66,0x61,0x37,
  0x66,0x37,0x30,0x22,0x20,0x73,0x74,0x72,0x6f,0x6b,0x65,0x2d,0x6c,0x69,0x6e,0x65,
  0x63,0x61,0x70,0x3d,0x22,0x72,0x6f,0x75,0x6e,0x64,0x22,0x20,0x73,0x74,0x72,0x6f,
  0x6b,0x65,0x2d,0x6c,0x69,0x6e,0x65,0x6a,0x6f,0x69,0x6e,0x3d,0x22,0x72,0x6f,0x75,
  0x6e,0x64,0x22,0x20,0x73,0x74,0x72,0x6f,0x6b,0x65,0x2d,0x77,0x69,0x64,0x74,0x68,
  0x3d,0x22,0x31,0x2e,0x35,0x22,0x2f,0x3e,0xd,0xa,0x20,0x20,0x20,0x20,0x20,0x20,
  0x20,0x20,0x20,0x20,0x20,0x20,0x3c,0x70,0x61,0x74,0x68,0x20,0x64,0x3d,0x22,0x6d,
  0x36,0x36,0x33,0x2e,0x33,0x30,0x37,0x39,0x31,0x20,0x32,0x31,0x39,0x2e,0x34,0x37,
  0x36,0x30,0x39,0x2e,0x37,0x34,0x37,0x31,0x2d,0x38,0x2e,0x34,0x37,0x31,0x36,0x38,
  0x2e,0x37,0x36,0x31,0x37,0x2d,0x38,0x2e,0x34,0x39,0x31,0x32,0x31,0x2d,0x38,0x2e,
  0x35,0x32,0x30,0x35,0x2d,0x31,0x2e,0x33,0x33,0x33,0x30,0x31,0x2d,0x32,0x36,0x2e,
  0x38,0x30,0x36,0x36,0x37,0x2d,0x34,0x2e,0x30,0x32,0x38,0x33,0x32,0x2d,0x38,0x2e,
  0x38,0x32,0x33,0x32,0x34,0x2d,0x31,0x2e,0x33,0x33,0x37,0x39,0x2d,0x31,0x2e,0x30,
  0x36,0x39,0x33,0x34,0x20,0x38,0x2e,0x32,0x32,0x37,0x35,0x34,0x2d,0x31,0x2e,0x30,
  0x35,0x39,0x35,0x36,0x20,0x38,0x2e,0x32,0x31,0x37,0x37,0x38,0x20,0x38,0x2e,0x31,
  0x38,0x33,0x35,0x39,0x20,0x31,0x2e,0x33,0x31,0x33,0x34,0x37,0x20,0x32,0x36,0x2e,
  0x39,0x35,0x33,0x31,0x32,0x20,0x34,0x2e,0x33,0x35,0x30,0x35,0x39,0x7a,0x22,0x20,
  0x73,0x74,0x72,0x6f,0x6b,0x65,0x3d,0x22,0x23,0x66,0x61,0x37,0x66,0x37,0x30,0x22,
  0x20,0x73,0x74,0x72,0x6f,0x6b,0x65,0x2d,0x6c,0x69,0x6e,0x65,0x63,0x61,0x70,0x3d,
  0x22,0x72,0x6f,0x75,0x6e,0x64,0x22,0x20,0x73,0x74,0x72,0x6f,0x6b,0x65,0x2d,0x6c,
  0x69,0x6e,0x65,0x6a,0x6f,0x69,0x6e,0x3d,0x22,0x72,0x6f,0x75,0x6e,0x64,0x22,0x20,
  0x73,0x74,0x72,0x6f,0x6b,0x65,0x2d,0x77,0x69,0x64,0x74,0x68,0x3d,0x22,0x31,0x2e,
  0x35,0x22,0x2f,0x3e,0xd,0xa,0x20,0x20,0x20,0x20,0x20,0x20,0x20,0x20,0x20,0x20,
  0x20,0x20,0x3c,0x70,0x61,0x74,0x68,0x20,0x64,0x3d,0x22,0x6d,0x37,0x36,0x37,0x2e,
  0x34,0x33,0x38,0x38,0x31,0x20,0x32,0x32,0x34,0x2e,0x39,0x38,0x38,0x37,0x39,0x2d,
  0x36,0x2e,0x32,0x38,0x39,0x31,0x20,0x31,0x32,0x2e,0x33,0x39,0x37,0x34,0x36,0x2d,
  0x31,0x34,0x2e,0x34,0x31,0x39,0x20,0x32,0x38,0x2e,0x34,0x30,0x38,0x32,0x2e,0x31,
  0x37,0x35,0x38,0x20,0x31,0x35,0x2e,0x35,0x31,0x32,0x36,0x39,0x20,0x31,0x2e,0x34,
  0x30,0x31,0x34,0x20,0x33,0x35,0x2e,0x35,0x38,0x35,0x35,0x32,0x20,0x34,0x2e,0x31,
  0x37,0x35,0x31,0x33,0x2e,0x38,0x39,0x39,0x34,0x35,0x20,0x31,0x2e,0x37,0x36,0x37,
  0x30,0x35,0x20,0x33,0x34,0x2e,0x38,0x32,0x35,0x32,0x35,0x22,0x20,0x73,0x74,0x72,
  0x6f,0x6b,0x65,0x3d,0x22,0x23,0x66,0x66,0x66,0x22,0x20,0x73,0x74,0x72,0x6f,0x6b,
  0x65,0x2d,0x6c,0x69,0x6e,0x65,0x63,0x61,0x70,0x3d,0x22,0x73,0x71,0x75,0x61,0x72,
  0x65,0x22,0x20,0x73,0x74,0x72,0x6f,0x6b,0x65,0x2d,0x6c,0x69,0x6e,0x65,0x6a,0x6f,
  0x69,0x6e,0x3d,0x22,0x72,0x6f,0x75,0x6e,0x64,0x22,0x20,0x73,0x74,0x72,0x6f,0x6b,
  0x65,0x2d,0x77,0x69,0x64,0x74,0x68,0x3d,0x22,0x31,0x31,0x2e,0x37,0x35,0x22,0x2f,
  0x3e,0xd,0xa,0x20,0x20,0x20,0x20,0x20,0x20,0x20,0x20,0x20,0x20,0x20,0x20,0x3c,
  0x70,0x61,0x74,0x68,0x20,0x64,0x3d,0x22,0x6d,0x39,0x30,0x35,0x2e,0x39,0x39,0x35,
  0x35,0x33,0x20,0x34,0x31,0x39,0x2e,0x33,0x31,0x38,0x34,0x33,0x73,0x2d,0x32,0x34,
  0x2e,0x39,0x37,0x37,0x30,0x33,0x20,0x31,0x2e,0x35,0x31,0x35,0x31,0x36,0x2d,0x32,
  0x37,0x2e,0x39,0x33,0x39,0x33,0x39,0x2d,0x31,0x2e,0x32,0x31,0x31,0x36,0x31,0x63,
  0x2d,0x33,0x2e,0x30,0x31,0x31,0x35,0x37,0x2d,0x32,0x2e,0x37,0x37,0x32,0x30,0x36,
  0x2d,0x31,0x35,0x2e,0x37,0x36,0x33,0x38,0x33,0x2d,0x32,0x32,0x2e,0x38,0x34,0x34,
  0x36,0x2d,0x31,0x35,0x2e,0x37,0x36,0x33,0x38,0x33,0x2d,0x32,0x32,0x2e,0x38,0x34,
  0x34,0x36,0x6c,0x2d,0x35,0x2e,0x33,0x32,0x32,0x33,0x2d,0x31,0x37,0x2e,0x30,0x32,
  0x31,0x34,0x38,0x2d,0x38,0x2e,0x38,0x37,0x32,0x31,0x2d,0x31,0x32,0x2e,0x39,0x34,
  0x34,0x33,0x34,0x2d,0x31,0x34,0x2e,0x34,0x33,0x33,0x36,0x2d,0x31,0x33,0x2e,0x38,
  0x32,0x38,0x31,0x33,0x2d,0x31,0x35,0x2e,0x37,0x32,0x37,0x35,0x2d,0x31,0x32,0x2e,
  0x35,0x38,0x37,0x38,0x38,0x2d,0x31,0x36,0x2e,0x37,0x39,0x32,0x2d,0x39,0x2e,0x39,
  0x33,0x31,0x36,0x34,0x2d,0x31,0x37,0x2e,0x33,0x38,0x37,0x37,0x2d,0x36,0x2e,0x33,
  0x38,0x31,0x38,0x34,0x2d,0x31,0x31,0x2e,0x35,0x39,0x31,0x38,0x2d,0x32,0x2e,0x34,
  0x38,0x30,0x34,0x37,0x2d,0x31,0x36,0x2e,0x36,0x30,0x39,0x32,0x2d,0x2e,0x32,0x33,
  0x37,0x37,0x35,0x20,0x33,0x2e,0x31,0x39,0x33,0x34,0x32,0x20,0x38,0x31,0x2e,0x31,
  0x34,0x37,0x33,0x35,0x20,0x35,0x30,0x2e,0x37,0x37,0x34,0x31,0x38,0x2d,0x31,0x2e,
  0x39,0x35,0x34,0x35,0x33,0x20,0x36,0x2e,0x30,0x34,0x39,0x38,0x2e,0x32,0x39,0x37,
  0x38,0x36,0x20,0x34,0x2e,0x36,0x31,0x34,0x33,0x20,0x34,0x2e,0x34,0x32,0x38,0x37,
  0x20,0x34,0x2e,0x31,0x33,0x35,0x37,0x2e,0x31,0x38,0x30,0x36,0x38,0x20,0x33,0x39,
  0x2e,0x31,0x37,0x32,0x30,0x33,0x2d,0x31,0x2e,0x37,0x37,0x33,0x31,0x37,0x22,0x20,
  0x73,0x74,0x72,0x6f,0x6b,0x65,0x3d,0x22,0x23,0x66,0x66,0x66,0x22,0x20,0x73,0x74,
  0x72,0x6f,0x6b,0x65,0x2d,0x6c,0x69,0x6e,0x65,0x63,0x61,0x70,0x3d,0x22,0x72,0x6f,
  0x75,0x6e,0x64,0x22,0x20,0x73,0x74,0x72,0x6f,0x6b,0x65,0x2d,0x6c,0x69,0x6e,0x65,
  0x6a,0x6f,0x69,0x6e,0x3d,0x22,0x72,0x6f,0x75,0x6e,0x64,0x22,0x20,0x73,0x74,0x72,
  0x6f,0x6b,0x65,0x2d,0x77,0x69,0x64,0x74,0x68,0x3d,0x22,0x35,0x22,0x2f,0x3e,0xd,
  0xa,0x20,0x20,0x20,0x20,0x20,0x20,0x20,0x20,0x20,0x20,0x20,0x20,0x3c,0x70,0x61,
  0x74,0x68,0x20,0x64,0x3d,0x22,0x6d,0x37,0x34,0x36,0x2e,0x39,0x30,0x36,0x35,0x31,
  0x20,0x32,0x38,0x31,0x2e,0x33,0x30,0x37,0x31,0x34,0x2d,0x36,0x38,0x2e,0x33,0x38,
  0x38,0x36,0x20,0x32,0x2e,0x35,0x30,0x34,0x38,0x38,0x2d,0x38,0x39,0x2e,0x31,0x39,
  0x39,0x32,0x36,0x20,0x32,0x2e,0x39,0x38,0x38,0x32,0x38,0x2d,0x31,0x2e,0x30,0x30,
  0x30,0x39,0x39,0x2d,0x31,0x38,0x2e,0x37,0x35,0x22,0x20,0x73,0x74,0x72,0x6f,0x6b,
  0x65,0x3d,0x22,0x23,0x66,0x66,0x66,0x22,0x20,0x73,0x74,0x72,0x6f,0x6b,0x65,0x2d,
  0x6c,0x69,0x6e,0x65,0x63,0x61,0x70,0x3d,0x22,0x72,0x6f,0x75,0x6e,0x64,0x22,0x20,
  0x73,0x74,0x72,0x6f,0x6b,0x65,0x2d,0x6c,0x69,0x6e,0x65,0x6a,0x6f,0x69,0x6e,0x3d,
  0x22,0x72,0x6f,0x75,0x6e,0x64,0x22,0x20,0x73,0x74,0x72,0x6f,0x6b,0x65,0x2d,0x77,
  0x69,0x64,0x74,0x68,0x3d,0x22,0x38,0x22,0x2f,0x3e,0xd,0xa,0x20,0x20,0x20,0x20,
  0x20,0x20,0x20,0x20,0x20,0x20,0x20,0x20,0x3c,0x70,0x61,0x74,0x68,0x20,0x64,0x3d,
  0x22,0x6d,0x32,0x39,0x39,0x2e,0x31,0x34,0x32,0x38,0x36,0x20,0x34,0x35,0x34,0x2e,
  0x33,0x31,0x34,0x39,0x35,0x2e,0x31,0x35,0x31,0x33,0x36,0x20,0x31,0x31,0x2e,0x39,
  0x34,0x38,0x32,0x35,0x22,0x20,0x73,0x74,0x72,0x6f,0x6b,0x65,0x3d,0x22,0x23,0x66,
  0x66,0x66,0x22,0x20,0x73,0x74,0x72,0x6f,0x6b,0x65,0x2d,0x6c,0x69,0x6e,0x65,0x63,
  0x61,0x70,0x3d,0x22,0x72,0x6f,0x75,0x6e,0x64,0x22,0x20,0x73,0x74,0x72,0x6f,0x6b,
  0x65,0x2d,0x6c,0x69,0x6e,0x65,0x6a,0x6f,0x69,0x6e,0x3d,0x22,0x72,0x6f,0x75,0x6e,
  0x64,0x22,0x20,0x73,0x74,0x72,0x6f,0x6b,0x65,0x2d,0x6f,0x70,0x61,0x63,0x69,0x74,
  0x79,0x3d,0x22,0x2e,0x34,0x22,0x20,0x73,0x74,0x72,0x6f,0x6b,0x65,0x2d,0x77,0x69,
  0x64,0x74,0x68,0x3d,0x22,0x37,0x2e,0x35,0x22,0x2f,0x3e,0xd,0xa,0x20,0x20,0x20,
  0x20,0x20,0x20,0x20,0x20,0x20,0x20,0x20,0x20,0x3c,0x70,0x61,0x74,0x68,0x20,0x64,
  0x3d,0x22,0x6d,0x32,0x39,0x39,0x2e,0x31,0x34,0x32,0x38,0x36,0x20,0x34,0x35,0x34,
  0x2e,0x33,0x31,0x34,0x39,0x35,0x2e,0x31,0x35,0x31,0x33,0x36,0x20,0x31,0x31,0x2e,
  0x39,0x34,0x38,0x32,0x35,0x22,0x20,0x73,0x74,0x72,0x6f,0x6b,0x65,0x3d,0x22,0x23,
  0x66,0x61,0x37,0x66,0x37,0x30,0x22,0x20,0x73,0x74,0x72,0x6f,0x6b,0x65,0x2d,0x64,
  0x61,0x73,0x68,0x61,0x72,0x72,0x61,0x79,0x3d,0x22,0x31,0x2e,0x32,0x35,0x20,0x33,
  0x2e,0x37,0x35,0x22,0x20,0x73,0x74,0x72,0x6f,0x6b,0x65,0x2d,0x6c,0x69,0x6e,0x65,
  0x63,0x61,0x70,0x3d,0x22,0x72,0x6f,0x75,0x6e,0x64,0x22,0x20,0x73,0x74,0x72,0x6f,
  0x6b,0x65,0x2d,0x6c,0x69,0x6e,0x65,0x6a,0x6f,0x69,0x6e,0x3d,0x22,0x72,0x6f,0x75,
  0x6e,0x64,0x22,0x20,0x73,0x74,0x72,0x6f,0x6b,0x65,0x2d,0x77,0x69,0x64,0x74,0x68,
  0x3d,0x22,0x32,0x2e,0x35,0x22,0x2f,0x3e,0xd,0xa,0x20,0x20,0x20,0x20,0x20,0x20,
  0x20,0x20,0x20,0x20,0x20,0x20,0x3c,0x70,0x61,0x74,0x68,0x20,0x64,0x3d,0x22,0x6d,
  0x32,0x37,0x34,0x2e,0x38,0x38,0x33,0x31,0x20,0x33,0x32,0x35,0x2e,0x36,0x33,0x38,
  0x32,0x20,0x31,0x31,0x2e,0x34,0x39,0x34,0x31,0x34,0x20,0x32,0x32,0x2e,0x36,0x33,
  0x36,0x37,0x31,0x22,0x20,0x73,0x74,0x72,0x6f,0x6b,0x65,0x3d,0x22,0x23,0x66,0x61,
  0x37,0x66,0x37,0x30,0x22,0x20,0x73,0x74,0x72,0x6f,0x6b,0x65,0x2d,0x6c,0x69,0x6e,
  0x65,0x63,0x61,0x70,0x3d,0x22,0x72,0x6f,0x75,0x6e,0x64,0x22,0x20,0x73,0x74,0x72,
  0x6f,0x6b,0x65,0x2d,0x6c,0x69,0x6e,0x65,0x6a,0x6f,0x69,0x6e,0x3d,0x22,0x72,0x6f,
  0x75,0x6e,0x64,0x22,0x20,0x73,0x74,0x72,0x6f,0x6b,0x65,0x2d,0x77,0x69,0x64,0x74,
  0x68,0x3d,0x22,0x32,0x2e,0x35,0x22,0x2f,0x3e,0xd,0xa,0x20,0x20,0x20,0x20,0x20,
  0x20,0x20,0x20,0x20,0x20,0x20,0x20,0x3c,0x70,0x61,0x74,0x68,0x20,0x64,0x3d,0x22,
  0x6d,0x37,0x32,0x31,0x2e,0x33,0x39,0x38,0x37,0x31,0x20,0x33,0x36,0x36,0x2e,0x32,
  0x39,0x37,0x33,0x37,0x2d,0x2e,0x33,0x32,0x37,0x31,0x2d,0x38,0x2e,0x30,0x32,0x37,
  0x33,0x33,0x22,0x20,0x73,0x74,0x72,0x6f,0x6b,0x65,0x3d,0x22,0x23,0x66,0x66,0x66,
  0x22,0x20,0x73,0x74,0x72,0x6f,0x6b,0x65,0x2d,0x6c,0x69,0x6e,0x65,0x63,0x61,0x70,
  0x3d,0x22,0x72,0x6f,0x75,0x6e,0x64,0x22,0x20,0x73,0x74,0x72,0x6f,0x6b,0x65,0x2d,
  0x6c,0x69,0x6e,0x65,0x6a,0x6f,0x69,0x6e,0x3d,0x22,0x72,0x6f,0x75,0x6e,0x64,0x22,
  0x20,0x73,0x74,0x72,0x6f,0x6b,0x65,0x2d,0x6f,0x70,0x61,0x63,0x69,0x74,0x79,0x3d,
  0x22,0x2e,0x34,0x22,0x20,0x73,0x74,0x72,0x6f,0x6b,0x65,0x2d,0x77,0x69,0x64,0x74,
  0x68,0x3d,0x22,0x37,0x2e,0x35,0x22,0x2f,0x3e,0xd,0xa,0x20,0x20,0x20,0x20,0x20,
  0x20,0x20,0x20,0x20,0x20,0x20,0x20,0x3c,0x70,0x61,0x74,0x68,0x20,0x64,0x3d,0x22,
  0x6d,0x37,0x32,0x31,0x2e,0x33,0x39,0x38,0x37,0x31,0x20,0x33,0x36,0x36,0x2e,0x32,
  0x39,0x37,0x33,0x37,0x2d,0x2e,0x33,0x32,0x37,0x31,0x2d,0x38,0x2e,0x30,0x32,0x37,
  0x33,0x33,0x22,0x20,0x73,0x74,0x72,0x6f,0x6b,0x65,0x3d,0x22,0x23,0x66,0x61,0x37,
  0x66,0x37,0x30,0x22,0x20,0x73,0x74,0x72,0x6f,0x6b,0x65,0x2d,0x64,0x61,0x73,0x68,
  0x61,0x72,0x72,0x61,0x79,0x3d,0x22,0x31,0x2e,0x32,0x35,0x20,0x33,0x2e,0x37,0x35,
  0x22,0x20,0x73,0x74,0x72,0x6f,0x6b,0x65,0x2d,0x6c,0x69,0x6e,0x65,0x63,0x61,0x70,
  0x3d,0x22,0x72,0x6f,0x75,0x6e,0x64,0x22,0x20,0x73,0x74,0x72,0x6f,0x6b,0x65,0x2d,
  0x6c,0x69,0x6e,0x65,0x6a,0x6f,0x69,0x6e,0x3d,0x22,0x72,0x6f,0x75,0x6e,0x64,0x22,
  0x20,0x73,0x74,0x72,0x6f,0x6b,0x65,0x2d,0x77,0x69,0x64,0x74,0x68,0x3d,0x22,0x32,
  0x2e,0x35,0x22,0x2f,0x3e,0xd,0xa,0x20,0x20,0x20,0x20,0x20,0x20,0x20,0x20,0x20,
  0x20,0x20,0x20,0x3c,0x70,0x61,0x74,0x68,0x20,0x64,0x3d,0x22,0x6d,0x34,0x30,0x2e,
  0x34,0x33,0x36,0x38,0x31,0x34,0x20,0x34,0x36,0x38,0x2e,0x39,0x30,0x39,0x36,0x37,
  0x2e,0x35,0x32,0x37,0x33,0x34,0x20,0x31,0x30,0x2e,0x32,0x38,0x38,0x30,0x39,0x22,
  0x20,0x73,0x74,0x72,0x6f,0x6b,0x65,0x3d,0x22,0x23,0x66,0x66,0x66,0x22,0x20,0x73,
  0x74,0x72,0x6f,0x6b,0x65,0x2d,0x6c,0x69,0x6e,0x65,0x63,0x61,0x70,0x3d,0x22,0x72,
  0x6f,0x75,0x6e,0x64,0x22,0x20,0x73,0x74,0x72,0x6f,0x6b,0x65,0x2d,0x6c,0x69,0x6e,
  0x65,0x6a,0x6f,0x69,0x6e,0x3d,0x22,0x72,0x6f,0x75,0x6e,0x64,0x22,0x20,0x73,0x74,
  0x72,0x6f,0x6b,0x65,0x2d,0x6f,0x70,0x61,0x63,0x69,0x74,0x79,0x3d,0x22,0x2e,0x34,
  0x22,0x20,0x73,0x74,0x72,0x6f,0x6b,0x65,0x2d,0x77,0x69,0x64,0x74,0x68,0x3d,0x22,
  0x37,0x2e,0x35,0x22,0x2f,0x3e,0xd,0xa,0x20,0x20,0x20,0x20,0x20,0x20,0x20,0x20,
  0x20,0x20,0x20,0x20,0x3c,0x70,0x61,0x74,0x68,0x20,0x64,0x3d,0x22,0x6d,0x34,0x30,
  0x2e,0x34,0x33,0x36,0x38,0x31,0x34,0x20,0x34,0x36,0x38,0x2e,0x39,0x30,0x39,0x36,
  0x37,0x2e,0x35,0x32,0x37,0x33,0x34,0x20,0x31,0x30,0x2e,0x32,0x38,0x38,0x30,0x39,
  0x22,0x20,0x73,0x74,0x72,0x6f,0x6b,0x65,0x3d,0x22,0x23,0x66,0x61,0x37,0x66,0x37,
  0x30,0x22,0x20,0x73,0x74,0x72,0x6f,0x6b,0x65,0x2d,0x64,0x61,0x73,0x68,0x61,0x72,
  0x72,0x61,0x79,0x3d,0x22,0x31,0x2e,0x32,0x35,0x20,0x33,0x2e,0x37,0x35,0x22,0x20,
  0x73,0x74,0x72,0x6f,0x6b,0x65,0x2d,0x6c,0x69,0x6e,0x65,0x63,0x61,0x70,0x3d,0x22,
  0x72,0x6f,0x75,0x6e,0x64,0x22,0x20,0x73,0x74,0x72,0x6f,0x6b,0x65,0x2d,0x6c,0x69,
  0x6e,0x65,0x6a,0x6f,0x69,0x6e,0x3d,0x22,0x72,0x6f,0x75,0x6e,0x64,0x22,0x20,0x73,
  0x74,0x72,0x6f,0x6b,0x65,0x2d,0x77,0x69,0x64,0x74,0x68,0x3d,0x22,0x32,0x2e,0x35,
  0x22,0x2f,0x3e,0xd,0xa,0x20,0x20,0x20,0x20,0x20,0x20,0x20,0x20,0x20,0x20,0x20,
  0x20,0x3c,0x70,0x61,0x74,0x68,0x20,0x64,0x3d,0x22,0x6d,0x37,0x35,0x38,0x2e,0x38,
  0x31,0x30,0x38,0x31,0x20,0x34,0x30,0x30,0x2e,0x32,0x38,0x31,0x37,0x35,0x2d,0x39,
  0x2e,0x34,0x34,0x38,0x32,0x2e,0x38,0x39,0x33,0x35,0x35,0x22,0x20,0x73,0x74,0x72,
  0x6f,0x6b,0x65,0x3d,0x22,0x23,0x66,0x66,0x66,0x22,0x20,0x73,0x74,0x72,0x6f,0x6b,
  0x65,0x2d,0x6c,0x69,0x6e,0x65,0x63,0x61,0x70,0x3d,0x22,0x72,0x6f,0x75,0x6e,0x64,
  0x22,0x20,0x73,0x74,0x72,0x6f,0x6b,0x65,0x2d,0x6c,0x69,0x6e,0x65,0x6a,0x6f,0x69,
  0x6e,0x3d,0x22,0x72,0x6f,0x75,0x6e,0x64,0x22,0x20,0x73,0x74,0x72,0x6f,0x6b,0x65,
  0x2d,0x6f,0x70,0x61,0x63,0x69,0x74,0x79,0x3d,0x22,0x2e,0x34,0x22,0x20,0x73,0x74,
  0x72,0x6f,0x6b,0x65,0x2d,0x77,0x69,0x64,0x74,0x68,0x3d,0x22,0x37,0x2e,0x35,0x22,
  0x2f,0x3e,0xd,0xa,0x20,0x20,0x20,0x20,0x20,0x20,0x20,0x20,0x20,0x20,0x20,0x20,
  0x3c,0x70,0x61,0x74,0x68,0x20,0x64,0x3d,0x22,0x6d,0x37,0x35,0x38,0x2e,0x38,0x31,
  0x30,0x38,0x31,0x20,0x34,0x30,0x30,0x2e,0x32,0x38,0x31,0x37,0x35,0x2d,0x39,0x2e,
  0x34,0x34,0x38,0x32,0x2e,0x38,0x39,0x33,0x35,0x35,0x22,0x20,0x73,0x74,0x72,0x6f,
  0x6b,0x65,0x3d,0x22,0x23,0x66,0x61,0x37,0x66,0x37,0x30,0x22,0x20,0x73,0x74,0x72,
  0x6f,0x6b,0x65,0x2d,0x64,0x61,0x73,0x68,0x61,0x72,0x72,0x61,0x79,0x3d,0x22,0x31,
  0x2e,0x32,0x35,0x20,0x33,0x2e,0x37,0x35,0x22,0x20,0x73,0x74,0x72,0x6f,0x6b,0x65,
  0x2d,0x6c,0x69,0x6e,0x65,0x63,0x61,0x70,0x3d,0x22,0x72,0x6f,0x75,0x6e,0x64,0x22,
  0x20,0x73,0x74,0x72,0x6f,0x6b,0x65,0x2d,0x6c,0x69,0x6e,0x65,0x6a,0x6f,0x69,0x6e,
  0x3d,0x22,0x72,0x6f,0x75,0x6e,0x64,0x22,0x20,0x73,0x74,0x72,0x6f,0x6b,0x65,0x2d,
  0x77,0x69,0x64,0x74,0x68,0x3d,0x22,0x32,0x2e,0x35,0x22,0x2f,0x3e,0xd,0xa,0x20,
  0x20,0x20,0x20,0x20,0x20,0x20,0x20,0x20,0x20,0x20,0x20,0x3c,0x70,0x61,0x74,0x68,
  0x20,0x64,0x3d,0x22,0x6d,0x37,0x32,0x39,0x2e,0x38,0x39,0x34,0x38,0x31,0x20,0x35,
  0x30,0x38,0x2e,0x35,0x38,0x37,0x34,0x31,0x2e,0x31,0x38,0x30,0x37,0x20,0x38,0x2e,
  0x37,0x39,0x38,0x38,0x34,0x22,0x20,0x73,0x74,0x72,0x6f,0x6b,0x65,0x3d,0x22,0x23,
  0x66,0x66,0x66,0x22,0x20,0x73,0x74,0x72,0x6f,0x6b,0x65,0x2d,0x6c,0x69,0x6e,0x65,
  0x63,0x61,0x70,0x3d,0x22,0x72,0x6f,0x75,0x6e,0x64,0x22,0x20,0x73,0x74,0x72,0x6f,
  0x6b,0x65,0x2d,0x6c,0x69,0x6e,0x65,0x6a,0x6f,0x69,0x6e,0x3d,0x22,0x72,0x6f,0x75,
  0x6e,0x64,0x22,0x20,0x73,0x74,0x72,0x6f,0x6b,0x65,0x2d,0x6f,0x70,0x61,0x63,0x69,
  0x74,0x79,0x3d,0x22,0x2e,0x34,0x22,0x20,0x73,0x74,0x72,0x6f,0x6b,0x65,0x2d,0x77,
  0x69,0x64,0x74,0x68,0x3d,0x22,0x37,0x2e,0x35,0x22,0x2f,0x3e,0xd,0xa,0x20,0x20,
  0x20,0x20,0x20,0x20,0x20,0x20,0x20,0x20,0x20,0x20,0x3c,0x70,0x61,0x74,0x68,0x20,
  0x64,0x3d,0x22,0x6d,0x37,0x32,0x39,0x2e,0x38,0x39,0x34,0x38,0x31,0x20,0x35,0x30,
  0x38,0x2e,0x35,0x38,0x37,0x34,0x31,0x2e,0x31,0x38,0x30,0x37,0x20,0x38,0x2e,0x37,
  0x39,0x38,0x38,0x34,0x22,0x20,0x73,0x74,0x72,0x6f,0x6b,0x65,0x3d,0x22,0x23,0x66,
  0x61,0x37,0x66,0x37,0x30,0x22,0x20,0x73,0x74,0x72,0x6f,0x6b,0x65,0x2d,0x64,0x61,
  0x73,0x68,0x61,0x72,0x72,0x61,0x79,0x3d,0x22,0x31,0x2e,0x32,0x35,0x20,0x33,0x2e,
  0x37,0x35,0x22,0x20,0x73,0x74,0x72,0x6f,0x6b,0x65,0x2d,0x6c,0x69,0x6e,0x65,0x63,
  0x61,0x70,0x3d,0x22,0x72,0x6f,0x75,0x6e,0x64,0x22,0x20,0x73,0x74,0x72,0x6f,0x6b,
  0x65,0x2d,0x6c,0x69,0x6e,0x65,0x6a,0x6f,0x69,0x6e,0x3d,0x22,0x72,0x6f,0x75,0x6e,
  0x64,0x22,0x20,0x73,0x74,0x72,0x6f,0x6b,0x65,0x2d,0x77,0x69,0x64,0x74,0x68,0x3d,
  0x22,0x32,0x2e,0x35,0x22,0x2f,0x3e,0xd,0xa,0x20,0x20,0x20,0x20,0x20,0x20,0x20,
  0x20,0x20,0x20,0x20,0x20,0x3c,0x70,0x61,0x74,0x68,0x20,0x64,0x3d,0x22,0x6d,0x37,
  0x36,0x34,0x2e,0x35,0x30,0x39,0x31,0x31,0x20,0x34,0x37,0x30,0x2e,0x38,0x30,0x34,
  0x32,0x31,0x2d,0x31,0x30,0x2e,0x36,0x39,0x38,0x33,0x2e,0x34,0x38,0x33,0x34,0x22,
  0x20,0x73,0x74,0x72,0x6f,0x6b,0x65,0x3d,0x22,0x23,0x66,0x66,0x66,0x22,0x20,0x73,
  0x74,0x72,0x6f,0x6b,0x65,0x2d,0x6c,0x69,0x6e,0x65,0x63,0x61,0x70,0x3d,0x22,0x72,
  0x6f,0x75,0x6e,0x64,0x22,0x20,0x73,0x74,0x72,0x6f,0x6b,0x65,0x2d,0x6c,0x69,0x6e,
  0x65,0x6a,0x6f,0x69,0x6e,0x3d,0x22,0x72,0x6f,0x75,0x6e,0x64,0x22,0x20,0x73,0x74,
  0x72,0x6f,0x6b,0x65,0x2d,0x6f,0x70,0x61,0x63,0x69,0x74,0x79,0x3d,0x22,0x2e,0x34,
  0x22,0x20,0x73,0x74,0x72,0x6f,0x6b,0x65,0x2d,0x77,0x69,0x64,0x74,0x68,0x3d,0x22,
  0x37,0x2e,0x35,0x22,0x2f,0x3e,0xd,0xa,0x20,0x20,0x20,0x20,0x20,0x20,0x20,0x20,
  0x20,0x20,0x20,0x20,0x3c,0x70,0x61,0x74,0x68,0x20,0x64,0x3d,0x22,0x6d,0x37,0x36,
  0x34,0x2e,0x35,0x30,0x39,0x31,0x31,0x20,0x34,0x37,0x30,0x2e,0x38,0x30,0x34,0x32,
  0x31,0x2d,0x31,0x30,0x2e,0x36,0x39,0x38,0x33,0x2e,0x34,0x38,0x33,0x34,0x22,0x20,
  0x73,0x74,0x72,0x6f,0x6b,0x65,0x3d,0x22,0x23,0x66,0x61,0x37,0x66,0x37,0x30,0x22,
  0x20,0x73,0x74,0x72,0x6f,0x6b,0x65,0x2d,0x64,0x61,0x73,0x68,0x61,0x72,0x72,0x61,
  0x79,0x3d,0x22,0x31,0x2e,0x32,0x35,0x20,0x33,0x2e,0x37,0x35,0x22,0x20,0x73,0x74,
  0x72,0x6f,0x6b,0x65,0x2d,0x6c,0x69,0x6e,0x65,0x63,0x61,0x70,0x3d,0x22,0x72,0x6f,
  0x75,0x6e,0x64,0x22,0x20,0x73,0x74,0x72,0x6f,0x6b,0x65,0x2d,0x6c,0x69,0x6e,0x65,
  0x6a,0x6f,0x69,0x6e,0x3d,0x22,0x72,0x6f,0x75,0x6e,0x64,0x22,0x20,0x73,0x74,0x72,
  0x6f,0x6b,0x65,0x2d,0x77,0x69,0x64,0x74,0x68,0x3d,0x22,0x32,0x2e,0x35,0x22,0x2f,
  0x3e,0xd,0xa,0x20,0x20,0x20,0x20,0x20,0x20,0x20,0x20,0x20,0x20,0x20,0x20,0x3c,
  0x70,0x61,0x74,0x68,0x20,0x64,0x3d,0x22,0x6d,0x2d,0x39,0x37,0x2e,0x37,0x36,0x31,
  0x34,0x33,0x36,0x20,0x34,0x39,0x31,0x2e,0x38,0x30,0x35,0x31,0x39,0x2d,0x32,0x2e,
  0x33,0x32,0x39,0x31,0x30,0x34,0x2d,0x31,0x35,0x2e,0x30,0x37,0x38,0x31,0x33,0x22,
  0x20,0x73,0x74,0x72,0x6f,0x6b,0x65,0x3d,0x22,0x23,0x66,0x66,0x66,0x22,0x20,0x73,
  0x74,0x72,0x6f,0x6b,0x65,0x2d,0x6c,0x69,0x6e,0x65,0x63,0x61,0x70,0x3d,0x22,0x72,
  0x6f,0x75,0x6e,0x64,0x22,0x20,0x73,0x74,0x72,0x6f,0x6b,0x65,0x2d,0x6c,0x69,0x6e,
  0x65,0x6a,0x6f,0x69,0x6e,0x3d,0x22,0x72,0x6f,0x75,0x6e,0x64,0x22,0x20,0x73,0x74,
  0x72,0x6f,0x6b,0x65,0x2d,0x6f,0x70,0x61,0x63,0x69,0x74,0x79,0x3d,0x22,0x2e,0x34,
  0x22,0x20,0x73,0x74,0x72,0x6f,0x6b,0x65,0x2d,0x77,0x69,0x64,0x74,0x68,0x3d,0x22,
  0x37,0x2e,0x35,0x22,0x2f,0x3e,0xd,0xa,0x20,0x20,0x20,0x20,0x20,0x20,0x20,0x20,
  0x20,0x20,0x20,0x20,0x3c,0x70,0x61,0x74,0x68,0x20,0x64,0x3d,0x22,0x6d,0x2d,0x39,
  0x37,0x2e,0x37,0x36,0x31,0x34,0x33,0x36,0x20,0x34,0x39,0x31,0x2e,0x38,0x30,0x35,
  0x31,0x39,0x2d,0x32,0x2e,0x33,0x32,0x39,0x31,0x30,0x34,0x2d,0x31,0x35,0x2e,0x30,
  0x37,0x38,0x31,0x33,0x22,0x20,0x73,0x74,0x72,0x6f,0x6b,0x65,0x3d,0x22,0x23,0x66,
  0x61,0x37,0x66,0x37,0x30,0x22,0x20,0x73,0x74,0x72,0x6f,0x6b,0x65,0x2d,0x64,0x61,
  0x73,0x68,0x61,0x72,0x72,0x61,0x79,0x3d,0x22,0x31,0x2e,0x32,0x35,0x20,0x33,0x2e,
  0x37,0x35,0x22,0x20,0x73,0x74,0x72,0x6f,0x6b,0x65,0x2d,0x6c,0x69,0x6e,0x65,0x63,
  0x61,0x70,0x3d,0x22,0x72,0x6f,0x75,0x6e,0x64,0x22,0x20,0x73,0x74,0x72,0x6f,0x6b,
  0x65,0x2d,0x6c,0x69,0x6e,0x65,0x6a,0x6f,0x69,0x6e,0x3d,0x22,0x72,0x6f,0x75,0x6e,
  0x64,0x22,0x20,0x73,0x74,0x72,0x6f,0x6b,0x65,0x2d,0x77,0x69,0x64,0x74,0x68,0x3d,
  0x22,0x32,0x2e,0x35,0x22,0x2f,0x3e,0xd,0xa,0x20,0x20,0x20,0x20,0x20,0x20,0x20,
  0x20,0x20,0x20,0x20,0x20,0x3c,0x70,0x61,0x74,0x68,0x20,0x64,0x3d,0x22,0x6d,0x2d,
  0x31,0x31,0x39,0x2e,0x38,0x38,0x34,0x33,0x39,0x20,0x34,0x38,0x33,0x2e,0x39,0x34,
  0x37,0x31,0x39,0x20,0x39,0x2e,0x37,0x32,0x33,0x31,0x31,0x2d,0x2e,0x35,0x33,0x30,
  0x34,0x37,0x20,0x31,0x35,0x38,0x2e,0x33,0x30,0x32,0x35,0x32,0x34,0x2d,0x38,0x2e,
  0x35,0x33,0x32,0x32,0x36,0x22,0x20,0x73,0x74,0x72,0x6f,0x6b,0x65,0x3d,0x22,0x23,
  0x37,0x31,0x38,0x33,0x64,0x65,0x22,0x20,0x73,0x74,0x72,0x6f,0x6b,0x65,0x2d,0x6c,
  0x69,0x6e,0x65,0x63,0x61,0x70,0x3d,0x22,0x72,0x6f,0x75,0x6e,0x64,0x22,0x20,0x73,
  0x74,0x72,0x6f,0x6b,0x65,0x2d,0x6c,0x69,0x6e,0x65,0x6a,0x6f,0x69,0x6e,0x3d,0x22,
  0x72,0x6f,0x75,0x6e,0x64,0x22,0x20,0x73,0x74,0x72,0x6f,0x6b,0x65,0x2d,0x77,0x69,
  0x64,0x74,0x68,0x3d,0x22,0x37,0x2e,0x34,0x36,0x34,0x31,0x30,0x38,0x22,0x2f,0x3e,
  0xd,0xa,0x20,0x20,0x20,0x20,0x20,0x20,0x20,0x20,0x20,0x20,0x20,0x20,0x3c,0x70,
  0x61,0x74,0x68,0x20,0x64,0x3d,0x22,0x6d,0x35,0x33,0x32,0x2e,0x37,0x38,0x35,0x34,
  0x34,0x20,0x34,0x37,0x33,0x2e,0x34,0x31,0x36,0x35,0x31,0x20,0x39,0x2e,0x34,0x37,
  0x32,0x36,0x36,0x2d,0x2e,0x33,0x33,0x32,0x30,0x32,0x22,0x20,0x73,0x74,0x72,0x6f,
  0x6b,0x65,0x3d,0x22,0x23,0x66,0x66,0x66,0x22,0x20,0x73,0x74,0x72,0x6f,0x6b,0x65,
  0x2d,0x6c,0x69,0x6e,0x65,0x63,0x61,0x70,0x3d,0x22,0x72,0x6f,0x75,0x6e,0x64,0x22,
  0x20,0x73,0x74,0x72,0x6f,0x6b,0x65,0x2d,0x6c,0x69,0x6e,0x65,0x6a,0x6f,0x69,0x6e,
  0x3d,0x22,0x72,0x6f,0x75,0x6e,0x64,0x22,0x20,0x73,0x74,0x72,0x6f,0x6b,0x65,0x2d,
  0x6f,0x70,0x61,0x63,0x69,0x74,0x79,0x3d,0x22,0x2e,0x34,0x22,0x20,0x73,0x74,0x72,
  0x6f,0x6b,0x65,0x2d,0x77,0x69,0x64,0x74,0x68,0x3d,0x22,0x37,0x2e,0x35,0x22,0x2f,
  0x3e,0xd,0xa,0x20,0x20,0x20,0x20,0x20,0x20,0x20,0x20,0x20,0x20,0x20,0x20,0x3c,
  0x70,0x61,0x74,0x68,0x20,0x64,0x3d,0x22,0x6d,0x35,0x33,0x32,0x2e,0x37,0x38,0x35,
  0x34,0x34,0x20,0x34,0x37,0x33,0x2e,0x34,0x31,0x36,0x35,0x31,0x20,0x39,0x2e,0x34,
  0x37,0x32,0x36,0x36,0x2d,0x2e,0x33,0x33,0x32,0x30,0x32,0x22,0x20,0x73,0x74,0x72,
  0x6f,0x6b,0x65,0x3d,0x22,0x23,0x66,0x61,0x37,0x66,0x37,0x30,0x22,0x20,0x73,0x74,
  0x72,0x6f,0x6b,0x65,0x2d,0x64,0x61,0x73,0x68,0x61,0x72,0x72,0x61,0x79,0x3d,0x22,
  0x31,0x2e,0x32,0x35,0x20,0x33,0x2e,0x37,0x35,0x22,0x20,0x73,0x74,0x72,0x6f,0x6b,
  0x65,0x2d,0x6c,0x69,0x6e,0x65,0x63,0x61,0x70,0x3d,0x22,0x72,0x6f,0x75,0x6e,0x64,
  0x22,0x20,0x73,0x74,0x72,0x6f,0x6b,0x65,0x2d,0x6c,0x69,0x6e,0x65,0x6a,0x6f,0x69,
  0x6e,0x3d,0x22,0x72,0x6f,0x75,0x6e,0x64,0x22,0x20,0x73,0x74,0x72,0x6f,0x6b,0x65,
  0x2d,0x77,0x69,0x64,0x74,0x68,0x3d,0x22,0x32,0x2e,0x35,0x22,0x2f,0x3e,0xd,0xa,
  0x20,0x20,0x20,0x20,0x20,0x20,0x20,0x20,0x20,0x20,0x20,0x20,0x3c,0x70,0x61,0x74,
  0x68,0x20,0x64,0x3d,0x22,0x6d,0x35,0x33,0x37,0x2e,0x34,0x31,0x39,0x32,0x32,0x20,
  0x34,0x32,0x31,0x2e,0x31,0x38,0x39,0x39,0x35,0x2d,0x37,0x2e,0x34,0x36,0x30,0x39,
  0x33,0x2e,0x34,0x38,0x33,0x34,0x22,0x20,0x73,0x74,0x72,0x6f,0x6b,0x65,0x3d,0x22,
  0x23,0x66,0x66,0x66,0x22,0x20,0x73,0x74,0x72,0x6f,0x6b,0x65,0x2d,0x6c,0x69,0x6e,
  0x65,0x63,0x61,0x70,0x3d,0x22,0x72,0x6f,0x75,0x6e,0x64,0x22,0x20,0x73,0x74,0x72,
  0x6f,0x6b,0x65,0x2d,0x6c,0x69,0x6e,0x65,0x6a,0x6f,0x69,0x6e,0x3d,0x22,0x72,0x6f,
  0x75,0x6e,0x64,0x22,0x20,0x73,0x74,0x72,0x6f,0x6b,0x65,0x2d,0x6f,0x70,0x61,0x63,
  0x69,0x74,0x79,0x3d,0x22,0x2e,0x34,0x22,0x20,0x73,0x74,0x72,0x6f,0x6b,0x65,0x2d,
  0x77,0x69,0x64,0x74,0x68,0x3d,0x22,0x37,0x2e,0x35,0x22,0x2f,0x3e,0xd,0xa,0x20,
  0x20,0x20,0x20,0x20,0x20,0x20,0x20,0x20,0x20,0x20,0x20,0x3c,0x70,0x61,0x74,0x68,
  0x20,0x64,0x3d,0x22,0x6d,0x35,0x33,0x37,0x2e,0x34,0x31,0x39,0x32,0x32,0x20,0x34,
  0x32,0x31,0x2e,0x31,0x38,0x39,0x39,0x35,0x2d,0x37,0x2e,0x34,0x36,0x30,0x39,0x33,
  0x2e,0x34,0x38,0x33,0x34,0x22,0x20,0x73,0x74,0x72,0x6f,0x6b,0x65,0x3d,0x22,0x23,
  0x66,0x61,0x37,0x66,0x37,0x30,0x22,0x20,0x73,0x74,0x72,0x6f,0x6b,0x65,0x2d,0x64,
  0x61,0x73,0x68,0x61,0x72,0x72,0x61,0x79,0x3d,0x22,0x31,0x2e,0x32,0x35,0x20,0x33,
  0x2e,0x37,0x35,0x22,0x20,0x73,0x74,0x72,0x6f,0x6b,0x65,0x2d,0x6c,0x69,0x6e,0x65,
  0x63,0x61,0x70,0x3d,0x22,0x72,0x6f,0x75,0x6e,0x64,0x22,0x20,0x73,0x74,0x72,0x6f,
  0x6b,0x65,0x2d,0x6c,0x69,0x6e,0x65,0x6a,0x6f,0x69,0x6e,0x3d,0x22,0x72,0x6f,0x75,
  0x6e,0x64,0x22,0x20,0x73,0x74,0x72,0x6f,0x6b,0x65,0x2d,0x77,0x69,0x64,0x74,0x68,
  0x3d,0x22,0x32,0x2e,0x35,0x22,0x2f,0x3e,0xd,0xa,0x20,0x20,0x20,0x20,0x20,0x20,
  0x20,0x20,0x20,0x20,0x20,0x20,0x3c,0x70,0x61,0x74,0x68,0x20,0x64,0x3d,0x22,0x6d,
  0x32,0x39,0x39,0x2e,0x31,0x34,0x32,0x38,0x36,0x20,0x34,0x35,0x34,0x2e,0x33,0x31,
  0x34,0x39,0x35,0x2e,0x31,0x35,0x31,0x33,0x36,0x20,0x31,0x31,0x2e,0x39,0x34,0x38,
  0x32,0x35,0x22,0x20,0x73,0x74,0x72,0x6f,0x6b,0x65,0x3d,0x22,0x23,0x30,0x30,0x30,
  0x22,0x20,0x73,0x74,0x72,0x6f,0x6b,0x65,0x2d,0x77,0x69,0x64,0x74,0x68,0x3d,0x22,
  0x37,0x2e,0x35,0x22,0x2f,0x3e,0xd,0xa,0x20,0x20,0x20,0x20,0x20,0x20,0x20,0x20,
  0x20,0x20,0x20,0x20,0x3c,0x70,0x61,0x74,0x68,0x20,0x64,0x3d,0x22,0x6d,0x32,0x39,
  0x39,0x2e,0x31,0x34,0x32,0x38,0x36,0x20,0x34,0x35,0x34,0x2e,0x33,0x31,0x34,0x39,
  0x35,0x2e,0x31,0x35,0x31,0x33,0x36,0x20,0x31,0x31,0x2e,0x39,0x34,0x38,0x32,0x35,
  0x22,0x20,0x73,0x74,0x72,0x6f,0x6b,0x65,0x3d,0x22,0x23,0x66,0x66,0x66,0x22,0x20,
  0x73,0x74,0x72,0x6f,0x6b,0x65,0x2d,0x6c,0x69,0x6e,0x65,0x63,0x61,0x70,0x3d,0x22,
  0x72,0x6f,0x75,0x6e,0x64,0x22,0x20,0x73,0x74,0x72,0x6f,0x6b,0x65,0x2d,0x6c,0x69,
  0x6e,0x65,0x6a,0x6f,0x69,0x6e,0x3d,0x22,0x72,0x6f,0x75,0x6e,0x64,0x22,0x20,0x73,
  0x74,0x72,0x6f,0x6b,0x65,0x2d,0x77,0x69,0x64,0x74,0x68,0x3d,0x22,0x35,0x2e,0x36,
  0x32,0x35,0x22,0x2f,0x3e,0xd,0xa,0x20,0x20,0x20,0x20,0x20,0x20,0x20,0x20,0x20,
  0x20,0x20,0x20,0x3c,0x70,0x61,0x74,0x68,0x20,0x64,0x3d,0x22,0x6d,0x37,0x32,0x31,
  0x2e,0x33,0x39,0x38,0x37,0x31,0x20,0x33,0x36,0x36,0x2e,0x32,0x39,0x37,0x33,0x37,
  0x2d,0x2e,0x33,0x32,0x37,0x31,0x2d,0x38,0x2e,0x30,0x32,0x37,0x33,0x33,0x22,0x20,
  0x73,0x74,0x72,0x6f,0x6b,0x65,0x3d,0x22,0x23,0x30,0x30,0x30,0x22,0x20,0x73,0x74,
  0x72,0x6f,0x6b,0x65,0x2d,0x77,0x69,0x64,0x74,0x68,0x3d,0x22,0x37,0x2e,0x35,0x22,
  0x2f,0x3e,0xd,0xa,0x20,0x20,0x20,0x20,0x20,0x20,0x20,0x20,0x20,0x20,0x20,0x20,
  0x3c,0x70,0x61,0x74,0x68,0x20,0x64,0x3d,0x22,0x6d,0x37,0x32,0x31,0x2e,0x33,0x39,
  0x38,0x37,0x31,0x20,0x33,0x36,0x36,0x2e,0x32,0x39,0x37,0x33,0x37,0x2d,0x2e,0x33,
  0x32,0x37,0x31,0x2d,0x38,0x2e,0x30,0x32,0x37,0x33,0x33,0x22,0x20,0x73,0x74,0x72,
  0x6f,0x6b,0x65,0x3d,0x22,0x23,0x66,0x66,0x66,0x22,0x20,0x73,0x74,0x72,0x6f,0x6b,
  0x65,0x2d,0x6c,0x69,0x6e,0x65,0x63,0x61,0x70,0x3d,0x22,0x72,0x6f,0x75,0x6e,0x64,
  0x22,0x20,0x73,0x74,0x72,0x6f,0x6b,0x65,0x2d,0x6c,0x69,0x6e,0x65,0x6a,0x6f,0x69,
  0x6e,0x3d,0x22,0x72,0x6f,0x75,0x6e,0x64,0x22,0x20,0x73,0x74,0x72,0x6f,0x6b,0x65,
  0x2d,0x77,0x69,0x64,0x74,0x68,0x3d,0x22,0x35,0x2e,0x36,0x32,0x35,0x22,0x2f,0x3e,
  0xd,0xa,0x20,0x20,0x20,0x20,0x20,0x20,0x20,0x20,0x20,0x20,0x20,0x20,0x3c,0x70,
  0x61,0x74,0x68,0x20,0x64,0x3d,0x22,0x6d,0x34,0x30,0x2e,0x34,0x33,0x36,0x38,0x31,
  0x34,0x20,0x34,0x36,0x38,0x2e,0x39,0x30,0x39,0x36,0x37,0x2e,0x35,0x32,0x37,0x33,
  0x34,0x20,0x31,0x30,0x2e,0x32,0x38,0x38,0x30,0x39,0x22,0x20,0x73,0x74,0x72,0x6f,
  0x6b,0x65,0x3d,0x22,0x23,0x30,0x30,0x30,0x22,0x20,0x73,0x74,0x72,0x6f,0x6b,0x65,
  0x2d,0x77,0x69,0x64,0x74,0x68,0x3d,0x22,0x37,0x2e,0x35,0x22,0x2f,0x3e,0xd,0xa,
  0x20,0x20,0x20,0x20,0x20,0x20,0x20,0x20,0x20,0x20,0x20,0x20,0x3c,0x70,0x61,0x74,
  0x68,0x20,0x64,0x3d,0x22,0x6d,0x34,0x30,0x2e,0x34,0x33,0x36,0x38,0x31,0x34,0x20,
  0x34,0x36,0x38,0x2e,0x39,0x30,0x39,0x36,0x37,0x2e,0x35,0x32,0x37,0x33,0x34,0x20,
  0x31,0x30,0x2e,0x32,0x38,0x38,0x30,0x39,0x22,0x20,0x73,0x74,0x72,0x6f,0x6b,0x65,
  0x3d,0x22,0x23,0x66,0x66,0x66,0x22,0x20,0x73,0x74,0x72,0x6f,0x6b,0x65,0x2d,0x6c,
  0x69,0x6e,0x65,0x63,0x61,0x70,0x3d,0x22,0x72,0x6f,0x75,0x6e,0x64,0x22,0x20,0x73,
  0x74,0x72,0x6f,0x6b,0x65,0x2d,0x6c,0x69,0x6e,0x65,0x6a,0x6f,0x69,0x6e,0x3d,0x22,
  0x72,0x6f,0x75,0x6e,0x64,0x22,0x20,0x73,0x74,0x72,0x6f,0x6b,0x65,0x2d,0x77,0x69,
  0x64,0x74,0x68,0x3d,0x22,0x35,0x2e,0x36,0x32,0x35,0x22,0x2f,0x3e,0xd,0xa,0x20,
  0x20,0x20,0x20,0x20,0x20,0x20,0x20,0x20,0x20,0x20,0x20,0x3c,0x70,0x61,0x74,0x68,
  0x20,0x64,0x3d,0x22,0x6d,0x37,0x35,0x38,0x2e,0x38,0x31,0x30,0x38,0x31,0x20,0x34,
  0x30,0x30,0x2e,0x32,0x38,0x31,0x37,0x35,0x2d,0x39,0x2e,0x34,0x34,0x38,0x32,0x2e,
  0x38,0x39,0x33,0x35,0x35,0x22,0x20,0x73,0x74,0x72,0x6f,0x6b,0x65,0x3d,0x22,0x23,
  0x30,0x30,0x30,0x22,0x20,0x73,0x74,0x72,0x6f,0x6b,0x65,0x2d,0x77,0x69,0x64,0x74,
  0x68,0x3d,0x22,0x37,0x2e,0x35,0x22,0x2f,0x3e,0xd,0xa,0x20,0x20,0x20,0x20,0x20,
  0x20,0x20,0x20,0x20,0x20,0x20,0x20,0x3c,0x70,0x61,0x74,0x68,0x20,0x64,0x3d,0x22,
  0x6d,0x37,0x35,0x38,0x2e,0x38,0x31,0x30,0x38,0x31,0x20,0x34,0x30,0x30,0x2e,0x32,
  0x38,0x31,0x37,0x35,0x2d,0x39,0x2e,0x34,0x34,0x38,0x32,0x2e,0x38,0x39,0x33,0x35,
  0x35,0x22,0x20,0x73,0x74,0x72,0x6f,0x6b,0x65,0x3d,0x22,0x23,0x66,0x66,0x66,0x22,
  0x20,0x73,0x74,0x72,0x6f,0x6b,0x65,0x2d,0x6c,0x69,0x6e,0x65,0x63,0x61,0x70,0x3d,
  0x22,0x72,0x6f,0x75,0x6e,0x64,0x22,0x20,0x73,0x74,0x72,0x6f,0x6b,0x65,0x2d,0x6c,
  0x69,0x6e,0x65,0x6a,0x6f,0x69,0x6e,0x3d,0x22,0x72,0x6f,0x75,0x6e,0x64,0x22,0x20,
  0x73,0x74,0x72,0x6f,0x6b,0x65,0x2d,0x77,0x69,0x64,0x74,0x68,0x3d,0x22,0x35,0x2e,
  0x36,0x32,0x35,0x22,0x2f,0x3e,0xd,0xa,0x20,0x20,0x20,0x20,0x20,0x20,0x20,0x20,
  0x20,0x20,0x20,0x20,0x3c,0x70,0x61,0x74,0x68,0x20,0x64,0x3d,0x22,0x6d,0x37,0x32,
  0x39,0x2e,0x38,0x39,0x34,0x38,0x31,0x20,0x35,0x30,0x38,0x2e,0x35,0x38,0x37,0x34,
  0x31,0x2e,0x31,0x38,0x30,0x37,0x20,0x38,0x2e,0x37,0x39,0x38,0x38,0x34,0x22,0x20,
  0x73,0x74,0x72,0x6f,0x6b,0x65,0x3d,0x22,0x23,0x30,0x30,0x30,0x22,0x20,0x73,0x74,
  0x72,0x6f,0x6b,0x65,0x2d,0x77,0x69,0x64,0x74,0x68,0x3d,0x22,0x37,0x2e,0x35,0x22,
  0x2f,0x3e,0xd,0xa,0x20,0x20,0x20,0x20,0x20,0x20,0x20,0x20,0x20,0x20,0x20,0x20,
  0x3c,0x70,0x61,0x74,0x68,0x20,0x64,0x3d,0x22,0x6d,0x37,0x32,0x39,0x2e,0x38,0x39,
  0x34,0x38,0x31,0x20,0x35,0x30,0x38,0x2e,0x35,0x38,0x37,0x34,0x31,0x2e,0x31,0x38,
  0x30,0x37,0x20,0x38,0x2e,0x37,0x39,0x38,0x38,0x34,0x22,0x20,0x73,0x74,0x72,0x6f,
  0x6b,0x65,0x3d,0x22,0x23,0x66,0x66,0x66,0x22,0x20,0x73,0x74,0x72,0x6f,0x6b,0x65,
  0x2d,0x6c,0x69,0x6e,0x65,0x63,0x61,0x70,0x3d,0x22,0x72,0x6f,0x75,0x6e,0x64,0x22,
  0x20,0x73,0x74,0x72,0x6f,0x6b,0x65,0x2d,0x6c,0x69,0x6e,0x65,0x6a,0x6f,0x69,0x6e,
  0x3d,0x22,0x72,0x6f,0x75,0x6e,0x64,0x22,0x20,0x73,0x74,0x72,0x6f,0x6b,0x65,0x2d,
  0x77,0x69,0x64,0x74,0x68,0x3d,0x22,0x35,0x2e,0x36,0x32,0x35,0x22,0x2f,0x3e,0xd,
  0xa,0x20,0x20,0x20,0x20,0x20,0x20,0x20,0x20,0x20,0x20,0x20,0x20,0x3c,0x70,0x61,
  0x74,0x68,0x20,0x64,0x3d,0x22,0x6d,0x37,0x36,0x34,0x2e,0x35,0x30,0x39,0x31,0x31,
  0x20,0x34,0x37,0x30,0x2e,0x38,0x30,0x34,0x32,0x31,0x2d,0x31,0x30,0x2e,0x36,0x39,
  0x38,0x33,0x2e,0x34,0x38,0x33,0x34,0x22,0x20,0x73,0x74,0x72,0x6f,0x6b,0x65,0x3d,
  0x22,0x23,0x30,0x30,0x30,0x22,0x20,0x73,0x74,0x72,0x6f,0x6b,0x65,0x2d,0x77,0x69,
  0x64,0x74,0x68,0x3d,0x22,0x37,0x2e,0x35,0x22,0x2f,0x3e,0xd,0xa,0x20,0x20,0x20,
  0x20,0x20,0x20,0x20,0x20,0x20,0x20,0x20,0x20,0x3c,0x70,0x61,0x74,0x68,0x20,0x64,
  0x3d,0x22,0x6d,0x37,0x36,0x34,0x2e,0x35,0x30,0x39,0x31,0x31,0x20,0x34,0x37,0x30,
  0x2e,0x38,0x30,0x34,0x32,0x31,0x2d,0x31,0x30,0x2e,0x36,0x39,0x38,0x33,0x2e,0x34,
  0x38,0x33,0x34,0x22,0x20,0x73,0x74,0x72,0x6f,0x6b,0x65,0x3d,0x22,0x23,0x66,0x66,
  0x66,0x22,0x20,0x73,0x74,0x72,0x6f,0x6b,0x65,0x2d,0x6c,0x69,0x6e,0x65,0x63,0x61,
  0x70,0x3d,0x22,0x72,0x6f,0x75,0x6e,0x64,0x22,0x20,0x73,0x74,0x72,0x6f,0x6b,0x65,
  0x2d,0x6c,0x69,0x6e,0x65,0x6a,0x6f,0x69,0x6e,0x3d,0x22,0x72,0x6f,0x75,0x6e,0x64,
  0x22,0x20,0x73,0x74,0x72,0x6f,0x6b,0x65,0x2d,0x77,0x69,0x64,0x74,0x68,0x3d,0x22,
  0x35,0x2e,0x36,0x32,0x35,0x22,0x2f,0x3e,0xd,0xa,0x20,0x20,0x20,0x20,0x20,0x20,
  0x20,0x20,0x20,0x20,0x20,0x20,0x3c,0x70,0x61,0x74,0x68,0x20,0x64,0x3d,0x22,0x6d,
  0x2d,0x39,0x37,0x2e,0x37,0x36,0x31,0x34,0x33,0x36,0x20,0x34,0x39,0x31,0x2e,0x38,
  0x30,0x35,0x31,0x39,0x2d,0x32,0x2e,0x33,0x32,0x39,0x31,0x30,0x34,0x2d,0x31,0x35,
  0x2e,0x30,0x37,0x38,0x31,0x33,0x22,0x20,0x73,0x74,0x72,0x6f,0x6b,0x65,0x3d,0x22,
  0x23,0x30,0x30,0x30,0x22,0x20,0x73,0x74,0x72,0x6f,0x6b,0x65,0x2d,0x77,0x69,0x64,
  0x74,0x68,0x3d,0x22,0x37,0x2e,0x35,0x22,0x2f,0x3e,0xd,0xa,0x20,0x20,0x20,0x20,
  0x20,0x20,0x20,0x20,0x20,0x20,0x20,0x20,0x3c,0x70,0x61,0x74,0x68,0x20,0x64,0x3d,
  0x22,0x6d,0x2d,0x39,0x37,0x2e,0x37,0x36,0x31,0x34,0x33,0x36,0x20,0x34,0x39,0x31,
  0x2e,0x38,0x30,0x35,0x31,0x39,0x2d,0x32,0x2e,0x33,0x32,0x39,0x31,0x30,0x34,0x2d,
  0x31,0x35,0x2e,0x30,0x37,0x38,0x31,0x33,0x22,0x20,0x73,0x74,0x72,0x6f,0x6b,0x65,
  0x3d,0x22,0x23,0x66,0x66,0x66,0x22,0x20,0x73,0x74,0x72,0x6f,0x6b,0x65,0x2d,0x6c,
  0x69,0x6e,0x65,0x63,0x61,0x70,0x3d,0x22,0x72,0x6f,0x75,0x6e,0x64,0x22,0x20,0x73,
  0x74,0x72,0x6f,0x6b,0x65,0x2d,0x6c,0x69,0x6e,0x65,0x6a,0x6f,0x69,0x6e,0x3d,0x22,
  0x72,0x6f,0x75,0x6e,0x64,0x22,0x20,0x73,0x74,0x72,0x6f,0x6b,0x65,0x2d,0x77,0x69,
  0x64,0x74,0x68,0x3d,0x22,0x35,0x2e,0x36,0x32,0x35,0x22,0x2f,0x3e,0xd,0xa,0x20,
  0x20,0x20,0x20,0x20,0x20,0x20,0x20,0x20,0x20,0x20,0x20,0x3c,0x70,0x61,0x74,0x68,
  0x20,0x64,0x3d,0x22,0x6d,0x35,0x33,0x32,0x2e,0x37,0x38,0x35,0x34,0x34,0x20,0x34,
  0x37,0x33,0x2e,0x34,0x31,0x36,0x35,0x31,0x20,0x39,0x2e,0x34,0x37,0x32,0x36,0x36,
  0x2d,0x2e,0x33,0x33,0x32,0x30,0x32,0x22,0x20,0x73,0x74,0x72,0x6f,0x6b,0x65,0x3d,
  0x22,0x23,0x30,0x30,0x30,0x22,0x20,0x73,0x74,0x72,0x6f,0x6b,0x65,0x2d,0x77,0x69,
  0x64,0x74,0x68,0x3d,0x22,0x37,0x2e,0x35,0x22,0x2f,0x3e,0xd,0xa,0x20,0x20,0x20,
  0x20,0x20,0x20,0x20,0x20,0x20,0x20,0x20,0x20,0x3c,0x70,0x61,0x74,0x68,0x20,0x64,
  0x3d,0x22,0x6d,0x35,0x33,0x32,0x2e,0x37,0x38,0x35,0x34,0x34,0x20,0x34,0x37,0x33,
  0x2e,0x34,0x31,0x36,0x35,0x31,0x20,0x39,0x2e,0x34,0x37,0x32,0x36,0x36,0x2d,0x2e,
  0x33,0x33,0x32,0x30,0x32,0x22,0x20,0x73,0x74,0x72,0x6f,0x6b,0x65,0x3d,0x22,0x23,
  0x66,0x66,0x66,0x22,0x20,0x73,0x74,0x72,0x6f,0x6b,0x65,0x2d,0x6c,0x69,0x6e,0x65,
  0x63,0x61,0x70,0x3d,0x22,0x72,0x6f,0x75,0x6e,0x64,0x22,0x20,0x73,0x74,0x72,0x6f,
  0x6b,0x65,0x2d,0x6c,0x69,0x6e,0x65,0x6a,0x6f,0x69,0x6e,0x3d,0x22,0x72,0x6f,0x75,
  0x6e,0x64,0x22,0x20,0x73,0x74,0x72,0x6f,0x6b,0x65,0x2d,0x77,0x69,0x64,0x74,0x68,
  0x3d,0x22,0x35,0x2e,0x36,0x32,0x35,0x22,0x2f,0x3e,0xd,0xa,0x20,0x20,0x20,0x20,
  0x20,0x20,0x20,0x20,0x20,0x20,0x20,0x20,0x3c,0x70,0x61,0x74,0x68,0x20,0x64,0x3d,
  0x22,0x6d,0x35,0x33,0x37,0x2e,0x34,0x31,0x39,0x32,0x32,0x20,0x34,0x32,0x31,0x2e,
  0x31,0x38,0x39,0x39,0x35,0x2d,0x37,0x2e,0x34,0x36,0x30,0x39,0x33,0x2e,0x34,0x38,
  0x33,0x34,0x22,0x20,0x73,0x74,0x72,0x6f,0x6b,0x65,0x3d,0x22,0x23,0x30,0x30,0x30,
  0x22,0x20,0x73,0x74,0x72,0x6f,0x6b,0x65,0x2d,0x77,0x69,0x64,0x74,0x68,0x3d,0x22,
  0x37,0x2e,0x35,0x22,0x2f,0x3e,0xd,0xa,0x20,0x20,0x20,0x20,0x20,0x20,0x20,0x20,
  0x20,0x20,0x20,0x20,0x3c,0x70,0x61,0x74,0x68,0x20,0x64,0x3d,0x22,0x6d,0x35,0x33,
  0x37,0x2e,0x34,0x31,0x39,0x32,0x32,0x20,0x34,0x32,0x31,0x2e,0x31,0x38,0x39,0x39,
  0x35,0x2d,0x37,0x2e,0x34,0x36,0x30,0x39,0x33,0x2e,0x34,0x38,0x33,0x34,0x22,0x20,
  0x73,0x74,0x72,0x6f,0x6b,0x65,0x3d,0x22,0x23,0x66,0x66,0x66,0x22,0x20,0x73,0x74,
  0x72,0x6f,0x6b,0x65,0x2d,0x6c,0x69,0x6e,0x65,0x63,0x61,0x70,0x3d,0x22,0x72,0x6f,
  0x75,0x6e,0x64,0x22,0x20,0x73,0x74,0x72,0x6f,0x6b,0x65,0x2d,0x6c,0x69,0x6e,0x65,
  0x6a,0x6f,0x69,0x6e,0x3d,0x22,0x72,0x6f,0x75,0x6e,0x64,0x22,0x20,0x73,0x74,0x72,
  0x6f,0x6b,0x65,0x2d,0x77,0x69,0x64,0x74,0x68,0x3d,0x22,0x35,0x2e,0x36,0x32,0x35,
  0x22,0x2f,0x3e,0xd,0xa,0x20,0x20,0x20,0x20,0x20,0x20,0x20,0x20,0x20,0x20,0x20,
  0x20,0x3c,0x70,0x61,0x74,0x68,0x20,0x64,0x3d,0x22,0x6d,0x36,0x36,0x30,0x2e,0x32,
  0x36,0x31,0x30,0x31,0x20,0x34,0x31,0x35,0x2e,0x35,0x39,0x39,0x31,0x34,0x2d,0x36,
  0x37,0x2e,0x35,0x38,0x37,0x38,0x37,0x20,0x33,0x2e,0x35,0x39,0x33,0x37,0x35,0x2d,
  0x33,0x38,0x2e,0x36,0x36,0x32,0x31,0x32,0x20,0x32,0x2e,0x30,0x35,0x30,0x37,0x37,
  0x2d,0x31,0x34,0x2e,0x30,0x31,0x38,0x35,0x35,0x2e,0x37,0x34,0x37,0x30,0x38,0x20,
  0x31,0x2e,0x30,0x39,0x38,0x36,0x33,0x20,0x32,0x34,0x2e,0x37,0x30,0x37,0x30,0x32,
  0x20,0x31,0x2e,0x30,0x34,0x39,0x38,0x31,0x20,0x32,0x33,0x2e,0x37,0x38,0x34,0x31,
  0x39,0x20,0x35,0x32,0x2e,0x36,0x39,0x30,0x34,0x33,0x2d,0x32,0x2e,0x31,0x33,0x38,
  0x36,0x38,0x20,0x36,0x36,0x2e,0x37,0x34,0x33,0x31,0x37,0x2d,0x32,0x2e,0x37,0x31,
  0x39,0x37,0x32,0x2d,0x2e,0x39,0x30,0x38,0x32,0x2d,0x32,0x34,0x2e,0x35,0x38,0x34,
  0x39,0x36,0x7a,0x22,0x20,0x73,0x74,0x72,0x6f,0x6b,0x65,0x3d,0x22,0x23,0x66,0x61,
  0x37,0x66,0x37,0x30,0x22,0x20,0x73,0x74,0x72,0x6f,0x6b,0x65,0x2d,0x6c,0x69,0x6e,
  0x65,0x63,0x61,0x70,0x3d,0x22,0x72,0x6f,0x75,0x6e,0x64,0x22,0x20,0x73,0x74,0x72,
  0x6f,0x6b,0x65,0x2d,0x6c,0x69,0x6e,0x65,0x6a,0x6f,0x69,0x6e,0x3d,0x22,0x72,0x6f,
  0x75,0x6e,0x64,0x22,0x20,0x73,0x74,0x72,0x6f,0x6b,0x65,0x2d,0x77,0x69,0x64,0x74,
  0x68,0x3d,0x22,0x32,0x2e,0x35,0x22,0x2f,0x3e,0xd,0xa,0x20,0x20,0x20,0x20,0x20,
  0x20,0x20,0x20,0x20,0x20,0x20,0x20,0x3c,0x70,0x61,0x74,0x68,0x20,0x64,0x3d,0x22,
  0x6d,0x35,0x34,0x32,0x2e,0x36,0x33,0x36,0x38,0x36,0x20,0x34,0x32,0x32,0x2e,0x30,
  0x33,0x30,0x34,0x39,0x2d,0x31,0x34,0x2e,0x33,0x33,0x33,0x38,0x34,0x2d,0x2e,0x33,
  0x35,0x37,0x31,0x34,0x2d,0x31,0x36,0x2e,0x39,0x36,0x37,0x37,0x37,0x20,0x31,0x2e,
  0x38,0x34,0x35,0x37,0x2d,0x36,0x2e,0x36,0x33,0x35,0x37,0x35,0x20,0x31,0x32,0x2e,
  0x39,0x31,0x30,0x31,0x36,0x2d,0x32,0x30,0x35,0x2e,0x36,0x36,0x34,0x30,0x36,0x20,
  0x31,0x31,0x2e,0x38,0x37,0x35,0x2d,0x31,0x37,0x30,0x2e,0x32,0x30,0x30,0x31,0x39,
  0x20,0x39,0x2e,0x38,0x32,0x39,0x31,0x2d,0x32,0x30,0x2e,0x34,0x31,0x39,0x39,0x33,
  0x2d,0x32,0x31,0x2e,0x31,0x32,0x37,0x39,0x32,0x2d,0x32,0x38,0x2e,0x32,0x39,0x31,
  0x30,0x30,0x36,0x2e,0x30,0x32,0x34,0x34,0x31,0x22,0x20,0x73,0x74,0x72,0x6f,0x6b,
  0x65,0x3d,0x22,0x23,0x66,0x61,0x37,0x66,0x37,0x30,0x22,0x20,0x73,0x74,0x72,0x6f,
  0x6b,0x65,0x2d,0x6c,0x69,0x6e,0x65,0x63,0x61,0x70,0x3d,0x22,0x72,0x6f,0x75,0x6e,
  0x64,0x22,0x20,0x73,0x74,0x72,0x6f,0x6b,0x65,0x2d,0x6c,0x69,0x6e,0x65,0x6a,0x6f,
  0x69,0x6e,0x3d,0x22,0x72,0x6f,0x75,0x6e,0x64,0x22,0x20,0x73,0x74,0x72,0x6f,0x6b,
  0x65,0x2d,0x77,0x69,0x64,0x74,0x68,0x3d,0x22,0x32,0x2e,0x35,0x22,0x2f,0x3e,0xd,
  0xa,0x20,0x20,0x20,0x20,0x20,0x20,0x20,0x20,0x20,0x20,0x20,0x20,0x3c,0x70,0x61,
  0x74,0x68,0x20,0x64,0x3d,0x22,0x6d,0x38,0x33,0x38,0x2e,0x34,0x37,0x31,0x37,0x31,
  0x20,0x34,0x33,0x34,0x2e,0x32,0x37,0x36,0x35,0x36,0x20,0x34,0x2e,0x34,0x30,0x30,
  0x33,0x2d,0x2e,0x31,0x36,0x36,0x32,0x20,0x36,0x34,0x2e,0x38,0x35,0x32,0x31,0x2d,
  0x32,0x2e,0x34,0x34,0x38,0x36,0x22,0x20,0x73,0x74,0x72,0x6f,0x6b,0x65,0x3d,0x22,
  0x23,0x37,0x31,0x38,0x33,0x64,0x65,0x22,0x20,0x73,0x74,0x72,0x6f,0x6b,0x65,0x2d,
  0x6c,0x69,0x6e,0x65,0x63,0x61,0x70,0x3d,0x22,0x72,0x6f,0x75,0x6e,0x64,0x22,0x20,
  0x73,0x74,0x72,0x6f,0x6b,0x65,0x2d,0x6c,0x69,0x6e,0x65,0x6a,0x6f,0x69,0x6e,0x3d,
  0x22,0x72,0x6f,0x75,0x6e,0x64,0x22,0x20,0x73,0x74,0x72,0x6f,0x6b,0x65,0x2d,0x77,
  0x69,0x64,0x74,0x68,0x3d,0x22,0x38,0x2e,0x39,0x32,0x37,0x35,0x22,0x2f,0x3e,0xd,
  0xa,0x20,0x20,0x20,0x20,0x20,0x20,0x20,0x20,0x20,0x20,0x20,0x20,0x3c,0x70,0x61,
  0x74,0x68,0x20,0x64,0x3d,0x22,0x6d,0x31,0x34,0x31,0x2e,0x36,0x38,0x39,0x30,0x31,
  0x20,0x36,0x37,0x39,0x2e,0x34,0x39,0x32,0x38,0x36,0x2d,0x35,0x37,0x2e,0x39,0x33,
  0x30,0x31,0x39,0x36,0x2d,0x31,0x32,0x2e,0x33,0x34,0x35,0x37,0x37,0x2d,0x38,0x35,
  0x2e,0x34,0x37,0x30,0x37,0x36,0x39,0x37,0x2d,0x31,0x38,0x2e,0x35,0x31,0x38,0x36,
  0x38,0x2d,0x31,0x30,0x2e,0x38,0x37,0x32,0x35,0x37,0x30,0x33,0x2d,0x31,0x2e,0x38,
  0x39,0x39,0x33,0x35,0x2d,0x31,0x34,0x2e,0x32,0x34,0x35,0x31,0x33,0x2d,0x33,0x36,
  0x2e,0x35,0x36,0x32,0x35,0x20,0x32,0x35,0x2e,0x35,0x39,0x32,0x35,0x33,0x30,0x33,
  0x2d,0x37,0x38,0x2e,0x33,0x34,0x38,0x32,0x31,0x2d,0x31,0x2e,0x38,0x39,0x39,0x33,
  0x35,0x2d,0x34,0x38,0x2e,0x34,0x33,0x33,0x34,0x34,0x22,0x20,0x73,0x74,0x72,0x6f,
  0x6b,0x65,0x3d,0x22,0x23,0x34,0x32,0x34,0x32,0x34,0x32,0x22,0x20,0x73,0x74,0x72,
  0x6f,0x6b,0x65,0x2d,0x77,0x69,0x64,0x74,0x68,0x3d,0x22,0x32,0x2e,0x35,0x22,0x2f,
  0x3e,0xd,0xa,0x20,0x20,0x20,0x20,0x20,0x20,0x20,0x20,0x20,0x20,0x20,0x20,0x3c,
  0x70,0x61,0x74,0x68,0x20,0x64,0x3d,0x22,0x6d,0x2d,0x33,0x2e,0x31,0x33,0x36,0x34,
  0x35,0x35,0x37,0x20,0x34,0x36,0x35,0x2e,0x33,0x34,0x31,0x30,0x39,0x20,0x32,0x2e,
  0x38,0x34,0x39,0x30,0x30,0x39,0x39,0x39,0x2d,0x33,0x38,0x2e,0x34,0x36,0x31,0x38,
  0x35,0x20,0x31,0x38,0x2e,0x39,0x39,0x33,0x35,0x30,0x39,0x37,0x31,0x2d,0x37,0x2e,
  0x35,0x39,0x37,0x34,0x20,0x34,0x33,0x2e,0x36,0x38,0x35,0x30,0x36,0x2d,0x36,0x36,
  0x2e,0x39,0x35,0x32,0x31,0x32,0x20,0x32,0x32,0x2e,0x37,0x39,0x32,0x32,0x32,0x2d,
  0x33,0x31,0x2e,0x38,0x31,0x34,0x31,0x32,0x20,0x31,0x32,0x30,0x2e,0x36,0x30,0x38,
  0x37,0x34,0x36,0x2d,0x31,0x38,0x36,0x2e,0x36,0x31,0x31,0x31,0x39,0x20,0x38,0x2e,
  0x30,0x37,0x32,0x32,0x33,0x2d,0x31,0x38,0x2e,0x35,0x31,0x38,0x36,0x36,0x20,0x36,
  0x34,0x2e,0x35,0x37,0x37,0x39,0x32,0x2d,0x35,0x33,0x2e,0x31,0x38,0x31,0x38,0x33,
  0x22,0x20,0x73,0x74,0x72,0x6f,0x6b,0x65,0x3d,0x22,0x23,0x34,0x32,0x34,0x32,0x34,
  0x32,0x22,0x20,0x73,0x74,0x72,0x6f,0x6b,0x65,0x2d,0x77,0x69,0x64,0x74,0x68,0x3d,
  0x22,0x32,0x2e,0x35,0x22,0x2f,0x3e,0xd,0xa,0x20,0x20,0x20,0x20,0x20,0x20,0x20,
  0x20,0x20,0x20,0x20,0x20,0x3c,0x70,0x61,0x74,0x68,0x20,0x64,0x3d,0x22,0x6d,0x32,
  0x38,0x30,0x2e,0x31,0x30,0x34,0x31,0x37,0x20,0x36,0x31,0x2e,0x32,0x35,0x34,0x32,
  0x35,0x20,0x31,0x39,0x2e,0x34,0x36,0x38,0x33,0x35,0x20,0x31,0x2e,0x34,0x32,0x34,
  0x35,0x32,0x20,0x32,0x31,0x32,0x2e,0x32,0x35,0x32,0x34,0x33,0x20,0x32,0x30,0x37,
  0x2e,0x35,0x30,0x34,0x30,0x34,0x20,0x31,0x32,0x2e,0x38,0x32,0x30,0x36,0x32,0x20,
  0x34,0x33,0x2e,0x32,0x31,0x30,0x32,0x33,0x22,0x20,0x73,0x74,0x72,0x6f,0x6b,0x65,
  0x3d,0x22,0x23,0x34,0x32,0x34,0x32,0x34,0x32,0x22,0x20,0x73,0x74,0x72,0x6f,0x6b,
  0x65,0x2d,0x77,0x69,0x64,0x74,0x68,0x3d,0x22,0x32,0x2e,0x35,0x22,0x2f,0x3e,0xd,
  0xa,0x20,0x20,0x20,0x20,0x20,0x20,0x20,0x20,0x20,0x20,0x20,0x20,0x3c,0x70,0x61,
  0x74,0x68,0x20,0x64,0x3d,0x22,0x6d,0x37,0x31,0x2e,0x35,0x30,0x34,0x38,0x34,0x32,
  0x20,0x32,0x39,0x35,0x2e,0x30,0x31,0x32,0x34,0x34,0x73,0x31,0x34,0x2e,0x31,0x35,
  0x38,0x39,0x38,0x32,0x20,0x31,0x32,0x2e,0x38,0x30,0x30,0x31,0x33,0x20,0x32,0x31,
  0x2e,0x33,0x39,0x30,0x37,0x39,0x35,0x20,0x31,0x35,0x2e,0x32,0x35,0x36,0x30,0x32,
  0x63,0x36,0x2e,0x39,0x30,0x37,0x38,0x38,0x20,0x32,0x2e,0x33,0x34,0x35,0x38,0x38,
  0x20,0x31,0x37,0x2e,0x31,0x30,0x34,0x34,0x35,0x33,0x20,0x31,0x2e,0x33,0x39,0x38,
  0x36,0x36,0x20,0x32,0x34,0x2e,0x33,0x31,0x35,0x39,0x39,0x33,0x2e,0x32,0x39,0x36,
  0x30,0x37,0x20,0x37,0x2e,0x38,0x31,0x33,0x35,0x36,0x2d,0x31,0x2e,0x31,0x39,0x34,
  0x36,0x33,0x20,0x32,0x35,0x2e,0x30,0x34,0x36,0x34,0x37,0x2d,0x38,0x2e,0x31,0x37,
  0x38,0x32,0x38,0x20,0x32,0x35,0x2e,0x30,0x34,0x36,0x34,0x37,0x2d,0x38,0x2e,0x31,
  0x37,0x38,0x32,0x38,0x22,0x20,0x73,0x74,0x72,0x6f,0x6b,0x65,0x3d,0x22,0x23,0x66,
  0x61,0x37,0x66,0x37,0x30,0x22,0x20,0x73,0x74,0x72,0x6f,0x6b,0x65,0x2d,0x6c,0x69,
  0x6e,0x65,0x63,0x61,0x70,0x3d,0x22,0x72,0x6f,0x75,0x6e,0x64,0x22,0x20,0x73,0x74,
  0x72,0x6f,0x6b,0x65,0x2d,0x6c,0x69,0x6e,0x65,0x6a,0x6f,0x69,0x6e,0x3d,0x22,0x72,
  0x6f,0x75,0x6e,0x64,0x22,0x20,0x73,0x74,0x72,0x6f,0x6b,0x65,0x2d,0x77,0x69,0x64,
  0x74,0x68,0x3d,0x22,0x32,0x2e,0x35,0x22,0x2f,0x3e,0xd,0xa,0x20,0x20,0x20,0x20,
  0x20,0x20,0x20,0x20,0x3c,0x2f,0x67,0x3e,0xd,0xa,0x20,0x20,0x20,0x20,0x20,0x20,
  0x20,0x20,0x3c,0x70,0x61,0x74,0x68,0x20,0x64,0x3d,0x22,0x6d,0x34,0x31,0x31,0x2e,
  0x36,0x33,0x37,0x31,0x36,0x20,0x32,0x36,0x2e,0x39,0x38,0x36,0x37,0x33,0x35,0x63,
  0x33,0x2e,0x37,0x37,0x31,0x35,0x33,0x2e,0x35,0x39,0x33,0x37,0x31,0x33,0x20,0x34,
  0x2e,0x39,0x36,0x39,0x35,0x31,0x20,0x36,0x2e,0x39,0x35,0x34,0x38,0x33,0x38,0x20,
  0x33,0x2e,0x35,0x33,0x35,0x35,0x34,0x20,0x31,0x32,0x2e,0x36,0x32,0x36,0x39,0x30,
  0x36,0x2d,0x31,0x2e,0x31,0x31,0x34,0x35,0x36,0x20,0x34,0x2e,0x34,0x30,0x38,0x36,
  0x32,0x36,0x2d,0x38,0x2e,0x38,0x31,0x36,0x34,0x39,0x20,0x31,0x31,0x2e,0x38,0x32,
  0x31,0x30,0x32,0x2d,0x31,0x30,0x2e,0x38,0x35,0x39,0x31,0x35,0x20,0x31,0x30,0x2e,
  0x38,0x35,0x39,0x31,0x34,0x2d,0x32,0x2e,0x34,0x30,0x32,0x36,0x34,0x2d,0x31,0x2e,
  0x31,0x33,0x31,0x33,0x39,0x35,0x2d,0x31,0x2e,0x36,0x32,0x36,0x33,0x2d,0x36,0x2e,
  0x38,0x38,0x34,0x33,0x30,0x34,0x2d,0x31,0x2e,0x32,0x36,0x32,0x36,0x39,0x2d,0x31,
  0x33,0x2e,0x33,0x38,0x34,0x35,0x32,0x31,0x2e,0x33,0x38,0x37,0x35,0x38,0x2d,0x36,
  0x2e,0x39,0x32,0x38,0x35,0x36,0x20,0x35,0x2e,0x31,0x35,0x38,0x39,0x2d,0x31,0x30,
  0x2e,0x36,0x34,0x31,0x30,0x36,0x35,0x20,0x38,0x2e,0x35,0x38,0x36,0x33,0x2d,0x31,
  0x30,0x2e,0x31,0x30,0x31,0x35,0x32,0x35,0x7a,0x22,0x20,0x66,0x69,0x6c,0x6c,0x3d,
  0x22,0x23,0x37,0x31,0x38,0x33,0x64,0x65,0x22,0x20,0x66,0x69,0x6c,0x6c,0x2d,0x72,
  0x75,0x6c,0x65,0x3d,0x22,0x65,0x76,0x65,0x6e,0x6f,0x64,0x64,0x22,0x20,0x74,0x72,
  0x61,0x6e,0x73,0x66,0x6f,0x72,0x6d,0x3d,0x22,0x74,0x72,0x61,0x6e,0x73,0x6c,0x61,
  0x74,0x65,0x28,0x2d,0x31,0x32,0x33,0x2e,0x36,0x31,0x36,0x34,0x34,0x20,0x35,0x34,
  0x2e,0x33,0x31,0x30,0x30,0x37,0x29,0x22,0x2f,0x3e,0xd,0xa,0x20,0x20,0x20,0x20,
  0x20,0x20,0x20,0x20,0x3c,0x70,0x61,0x74,0x68,0x20,0x64,0x3d,0x22,0x6d,0x34,0x39,
  0x33,0x2e,0x35,0x33,0x37,0x35,0x38,0x20,0x35,0x38,0x33,0x2e,0x37,0x32,0x35,0x35,
  0x38,0x2e,0x35,0x39,0x32,0x39,0x31,0x20,0x35,0x2e,0x36,0x36,0x34,0x30,0x36,0x20,
  0x31,0x30,0x2e,0x34,0x37,0x35,0x37,0x32,0x2e,0x37,0x30,0x32,0x34,0x34,0x2e,0x31,
  0x30,0x31,0x38,0x35,0x2d,0x35,0x2e,0x37,0x39,0x35,0x39,0x22,0x20,0x66,0x69,0x6c,
  0x6c,0x3d,0x22,0x23,0x63,0x39,0x39,0x22,0x2f,0x3e,0xd,0xa,0x20,0x20,0x20,0x20,
  0x20,0x20,0x20,0x20,0x3c,0x70,0x61,0x74,0x68,0x20,0x64,0x3d,0x22,0x6d,0x35,0x30,
  0x39,0x2e,0x35,0x39,0x39,0x32,0x35,0x20,0x35,0x38,0x35,0x2e,0x33,0x33,0x32,0x37,
  0x33,0x2d,0x2e,0x34,0x37,0x38,0x35,0x33,0x20,0x35,0x2e,0x36,0x36,0x34,0x30,0x36,
  0x20,0x31,0x31,0x2e,0x35,0x34,0x37,0x31,0x35,0x2e,0x37,0x30,0x32,0x34,0x34,0x2d,
  0x2e,0x32,0x35,0x35,0x32,0x39,0x2d,0x35,0x2e,0x37,0x39,0x35,0x39,0x22,0x20,0x66,
  0x69,0x6c,0x6c,0x3d,0x22,0x23,0x63,0x39,0x39,0x22,0x2f,0x3e,0xd,0xa,0x20,0x20,
  0x20,0x20,0x20,0x20,0x20,0x20,0x3c,0x70,0x61,0x74,0x68,0x20,0x64,0x3d,0x22,0x6d,
  0x34,0x37,0x39,0x2e,0x39,0x35,0x36,0x33,0x39,0x20,0x35,0x38,0x38,0x2e,0x35,0x34,
  0x37,0x30,0x32,0x20,0x31,0x2e,0x33,0x30,0x37,0x31,0x39,0x20,0x34,0x2e,0x39,0x34,
  0x39,0x37,0x38,0x20,0x31,0x31,0x2e,0x35,0x34,0x37,0x31,0x35,0x2d,0x2e,0x37,0x32,
  0x36,0x31,0x34,0x2d,0x2e,0x32,0x35,0x35,0x32,0x39,0x2d,0x35,0x2e,0x30,0x38,0x31,
  0x36,0x31,0x22,0x20,0x66,0x69,0x6c,0x6c,0x3d,0x22,0x23,0x63,0x39,0x39,0x22,0x2f,
  0x3e,0xd,0xa,0x20,0x20,0x20,0x20,0x20,0x20,0x20,0x20,0x3c,0x70,0x61,0x74,0x68,
  0x20,0x64,0x3d,0x22,0x6d,0x35,0x30,0x37,0x2e,0x38,0x31,0x33,0x35,0x33,0x20,0x35,
  0x37,0x31,0x2e,0x34,0x30,0x34,0x31,0x36,0x2d,0x2e,0x38,0x33,0x35,0x36,0x37,0x20,
  0x35,0x2e,0x33,0x30,0x36,0x39,0x32,0x20,0x31,0x30,0x2e,0x34,0x37,0x35,0x37,0x33,
  0x20,0x31,0x2e,0x37,0x37,0x33,0x38,0x36,0x20,0x31,0x2e,0x31,0x37,0x33,0x32,0x37,
  0x2d,0x34,0x2e,0x37,0x32,0x34,0x34,0x37,0x22,0x20,0x66,0x69,0x6c,0x6c,0x3d,0x22,
  0x23,0x63,0x39,0x39,0x22,0x2f,0x3e,0xd,0xa,0x20,0x20,0x20,0x20,0x20,0x20,0x20,
  0x20,0x3c,0x70,0x61,0x74,0x68,0x20,0x64,0x3d,0x22,0x6d,0x35,0x31,0x31,0x2e,0x39,
  0x35,0x38,0x31,0x36,0x20,0x33,0x33,0x34,0x2e,0x34,0x32,0x32,0x37,0x37,0x2d,0x35,
  0x2e,0x32,0x33,0x32,0x35,0x33,0x2d,0x2e,0x30,0x35,0x33,0x31,0x39,0x2d,0x2e,0x31,
  0x39,0x35,0x31,0x33,0x20,0x31,0x36,0x2e,0x30,0x39,0x30,0x38,0x37,0x20,0x35,0x2e,
  0x33,0x35,0x36,0x34,0x37,0x2e,0x30,0x33,0x31,0x37,0x39,0x7a,0x22,0x20,0x66,0x69,
  0x6c,0x6c,0x3d,0x22,0x23,0x63,0x39,0x39,0x22,0x2f,0x3e,0xd,0xa,0x20,0x20,0x20,
  0x20,0x20,0x20,0x20,0x20,0x3c,0x70,0x61,0x74,0x68,0x20,0x64,0x3d,0x22,0x6d,0x35,
  0x32,0x38,0x2e,0x30,0x32,0x35,0x39,0x36,0x20,0x33,0x33,0x35,0x2e,0x36,0x32,0x30,
  0x34,0x39,0x2d,0x35,0x2e,0x32,0x33,0x32,0x35,0x33,0x2d,0x2e,0x30,0x35,0x33,0x31,
  0x39,0x2d,0x2e,0x31,0x39,0x35,0x31,0x33,0x20,0x31,0x36,0x2e,0x30,0x39,0x30,0x38,
  0x37,0x20,0x35,0x2e,0x33,0x35,0x36,0x34,0x37,0x2e,0x30,0x33,0x31,0x37,0x39,0x7a,
  0x22,0x20,0x66,0x69,0x6c,0x6c,0x3d,0x22,0x23,0x63,0x39,0x39,0x22,0x2f,0x3e,0xd,
  0xa,0x20,0x20,0x20,0x20,0x20,0x20,0x20,0x20,0x3c,0x70,0x61,0x74,0x68,0x20,0x64,
  0x3d,0x22,0x6d,0x35,0x30,0x39,0x2e,0x34,0x35,0x34,0x35,0x33,0x20,0x32,0x37,0x38,
  0x2e,0x38,0x33,0x34,0x37,0x37,0x2d,0x35,0x2e,0x32,0x33,0x32,0x35,0x33,0x2d,0x2e,
  0x30,0x35,0x33,0x31,0x39,0x2d,0x2e,0x31,0x39,0x35,0x31,0x33,0x20,0x31,0x36,0x2e,
  0x30,0x39,0x30,0x38,0x37,0x20,0x35,0x2e,0x33,0x35,0x36,0x34,0x37,0x2e,0x30,0x33,
  0x31,0x37,0x39,0x7a,0x22,0x20,0x66,0x69,0x6c,0x6c,0x3d,0x22,0x23,0x63,0x39,0x39,
  0x22,0x2f,0x3e,0xd,0xa,0x20,0x20,0x20,0x20,0x20,0x20,0x20,0x20,0x3c,0x70,0x61,
  0x74,0x68,0x20,0x64,0x3d,0x22,0x6d,0x35,0x32,0x37,0x2e,0x32,0x34,0x31,0x39,0x33,
  0x20,0x33,0x32,0x32,0x2e,0x33,0x35,0x30,0x37,0x39,0x2d,0x32,0x2e,0x33,0x36,0x31,
  0x38,0x33,0x2d,0x34,0x2e,0x36,0x36,0x39,0x34,0x37,0x2d,0x31,0x34,0x2e,0x33,0x37,
  0x33,0x39,0x31,0x20,0x37,0x2e,0x32,0x33,0x34,0x39,0x38,0x20,0x32,0x2e,0x34,0x33,
  0x37,0x38,0x39,0x20,0x34,0x2e,0x37,0x36,0x39,0x36,0x35,0x7a,0x22,0x20,0x66,0x69,
  0x6c,0x6c,0x3d,0x22,0x23,0x63,0x39,0x39,0x22,0x2f,0x3e,0xd,0xa,0x20,0x20,0x20,
  0x20,0x20,0x20,0x20,0x20,0x3c,0x70,0x61,0x74,0x68,0x20,0x64,0x3d,0x22,0x6d,0x35,
  0x35,0x33,0x2e,0x33,0x38,0x33,0x31,0x20,0x33,0x34,0x37,0x2e,0x37,0x34,0x32,0x31,
  0x33,0x2d,0x35,0x2e,0x32,0x33,0x32,0x35,0x33,0x2d,0x2e,0x30,0x33,0x31,0x39,0x38,
  0x2d,0x2e,0x31,0x39,0x35,0x31,0x33,0x20,0x39,0x2e,0x36,0x37,0x34,0x39,0x38,0x20,
  0x35,0x2e,0x33,0x35,0x36,0x34,0x37,0x2e,0x30,0x31,0x39,0x31,0x31,0x7a,0x22,0x20,
  0x66,0x69,0x6c,0x6c,0x3d,0x22,0x23,0x63,0x39,0x39,0x22,0x2f,0x3e,0xd,0xa,0x20,
  0x20,0x20,0x20,0x20,0x20,0x20,0x20,0x3c,0x70,0x61,0x74,0x68,0x20,0x64,0x3d,0x22,
  0x6d,0x35,0x38,0x39,0x2e,0x38,0x31,0x31,0x36,0x38,0x20,0x33,0x30,0x31,0x2e,0x33,
  0x32,0x30,0x36,0x33,0x2d,0x31,0x31,0x2e,0x37,0x37,0x34,0x32,0x39,0x2d,0x2e,0x30,
  0x33,0x39,0x30,0x35,0x2d,0x2e,0x34,0x33,0x39,0x30,0x38,0x20,0x31,0x31,0x2e,0x38,
  0x31,0x33,0x36,0x31,0x20,0x31,0x32,0x2e,0x30,0x35,0x33,0x31,0x38,0x2e,0x30,0x32,
  0x33,0x33,0x34,0x7a,0x22,0x20,0x66,0x69,0x6c,0x6c,0x3d,0x22,0x23,0x63,0x39,0x39,
  0x22,0x2f,0x3e,0xd,0xa,0x20,0x20,0x20,0x20,0x20,0x20,0x20,0x20,0x3c,0x70,0x61,
  0x74,0x68,0x20,0x64,0x3d,0x22,0x6d,0x35,0x39,0x30,0x2e,0x37,0x30,0x34,0x35,0x34,
  0x20,0x33,0x31,0x38,0x2e,0x34,0x36,0x33,0x34,0x39,0x2d,0x31,0x31,0x2e,0x37,0x37,
  0x34,0x32,0x39,0x2d,0x2e,0x30,0x33,0x39,0x30,0x35,0x2d,0x2e,0x34,0x33,0x39,0x30,
  0x38,0x20,0x31,0x31,0x2e,0x38,0x31,0x33,0x36,0x31,0x20,0x31,0x32,0x2e,0x30,0x35,
  0x33,0x31,0x38,0x2e,0x30,0x32,0x33,0x33,0x34,0x7a,0x22,0x20,0x66,0x69,0x6c,0x6c,
  0x3d,0x22,0x23,0x63,0x39,0x39,0x22,0x2f,0x3e,0xd,0xa,0x20,0x20,0x20,0x20,0x20,
  0x20,0x20,0x20,0x3c,0x70,0x61,0x74,0x68,0x20,0x64,0x3d,0x22,0x6d,0x31,0x36,0x35,
  0x2e,0x35,0x34,0x35,0x30,0x37,0x20,0x35,0x38,0x39,0x2e,0x39,0x30,0x37,0x34,0x33,
  0x63,0x34,0x2e,0x37,0x38,0x37,0x39,0x2d,0x37,0x2e,0x30,0x34,0x35,0x32,0x33,0x20,
  0x32,0x31,0x2e,0x31,0x38,0x35,0x33,0x38,0x2d,0x32,0x31,0x2e,0x37,0x37,0x33,0x34,
  0x37,0x20,0x32,0x37,0x2e,0x39,0x34,0x36,0x37,0x39,0x2d,0x32,0x30,0x2e,0x35,0x34,
  0x39,0x31,0x33,0x20,0x36,0x2e,0x31,0x32,0x34,0x30,0x34,0x20,0x31,0x2e,0x31,0x30,
  0x38,0x39,0x34,0x20,0x36,0x2e,0x38,0x34,0x31,0x37,0x38,0x20,0x31,0x33,0x2e,0x31,
  0x34,0x32,0x34,0x34,0x20,0x31,0x31,0x2e,0x35,0x30,0x37,0x35,0x20,0x31,0x37,0x2e,
  0x32,0x36,0x31,0x32,0x36,0x20,0x32,0x2e,0x30,0x36,0x36,0x38,0x33,0x20,0x31,0x2e,
  0x38,0x32,0x34,0x35,0x36,0x20,0x34,0x2e,0x37,0x39,0x31,0x35,0x31,0x20,0x33,0x2e,
  0x36,0x37,0x30,0x39,0x38,0x20,0x36,0x2e,0x34,0x37,0x36,0x20,0x35,0x2e,0x38,0x35,
  0x33,0x34,0x37,0x20,0x32,0x2e,0x39,0x32,0x35,0x34,0x20,0x33,0x2e,0x37,0x39,0x30,
  0x32,0x35,0x20,0x34,0x2e,0x30,0x38,0x34,0x30,0x37,0x20,0x39,0x2e,0x38,0x31,0x34,
  0x39,0x37,0x20,0x31,0x2e,0x35,0x34,0x34,0x32,0x31,0x20,0x31,0x33,0x2e,0x38,0x37,
  0x33,0x36,0x38,0x2d,0x31,0x2e,0x36,0x31,0x38,0x30,0x32,0x20,0x32,0x2e,0x35,0x38,
  0x35,0x36,0x31,0x2d,0x33,0x2e,0x33,0x34,0x39,0x37,0x34,0x20,0x32,0x2e,0x38,0x34,
  0x34,0x36,0x2d,0x36,0x2e,0x33,0x37,0x36,0x32,0x38,0x20,0x32,0x2e,0x34,0x36,0x35,
  0x39,0x2d,0x33,0x2e,0x36,0x31,0x32,0x36,0x38,0x2d,0x2e,0x34,0x35,0x32,0x30,0x35,
  0x2d,0x37,0x2e,0x30,0x37,0x36,0x30,0x39,0x2d,0x35,0x2e,0x32,0x37,0x36,0x36,0x33,
  0x2d,0x31,0x30,0x2e,0x36,0x38,0x35,0x35,0x33,0x2d,0x35,0x2e,0x37,0x35,0x33,0x37,
  0x35,0x2d,0x34,0x2e,0x32,0x36,0x39,0x33,0x37,0x2d,0x2e,0x35,0x36,0x34,0x33,0x35,
  0x2d,0x39,0x2e,0x36,0x37,0x38,0x39,0x32,0x20,0x33,0x2e,0x36,0x30,0x39,0x32,0x38,
  0x2d,0x31,0x33,0x2e,0x39,0x37,0x33,0x34,0x31,0x20,0x33,0x2e,0x32,0x38,0x37,0x38,
  0x35,0x2d,0x33,0x2e,0x39,0x37,0x32,0x36,0x35,0x2d,0x2e,0x32,0x39,0x37,0x33,0x34,
  0x2d,0x39,0x2e,0x35,0x36,0x35,0x37,0x39,0x2d,0x32,0x2e,0x30,0x36,0x32,0x35,0x33,
  0x2d,0x31,0x32,0x2e,0x33,0x32,0x39,0x34,0x36,0x2d,0x34,0x2e,0x39,0x33,0x31,0x37,
  0x38,0x2d,0x32,0x2e,0x35,0x34,0x33,0x30,0x39,0x2d,0x32,0x2e,0x36,0x34,0x30,0x32,
  0x35,0x2d,0x36,0x2e,0x31,0x37,0x30,0x33,0x31,0x2d,0x38,0x2e,0x34,0x37,0x35,0x35,
  0x38,0x2d,0x34,0x2e,0x31,0x30,0x39,0x38,0x32,0x2d,0x31,0x31,0x2e,0x35,0x30,0x37,
  0x35,0x7a,0x22,0x20,0x66,0x69,0x6c,0x6c,0x3d,0x22,0x23,0x35,0x30,0x62,0x39,0x35,
  0x38,0x22,0x20,0x66,0x69,0x6c,0x6c,0x2d,0x72,0x75,0x6c,0x65,0x3d,0x22,0x65,0x76,
  0x65,0x6e,0x6f,0x64,0x64,0x22,0x2f,0x3e,0xd,0xa,0x20,0x20,0x20,0x20,0x20,0x20,
  0x20,0x20,0x3c,0x70,0x61,0x74,0x68,0x20,0x64,0x3d,0x22,0x6d,0x31,0x38,0x31,0x2e,
  0x31,0x36,0x32,0x34,0x20,0x36,0x32,0x36,0x2e,0x30,0x37,0x33,0x38,0x36,0x63,0x2e,
  0x36,0x32,0x34,0x33,0x37,0x2d,0x32,0x2e,0x34,0x36,0x30,0x38,0x32,0x20,0x34,0x2e,
  0x38,0x35,0x39,0x32,0x34,0x2d,0x34,0x2e,0x31,0x35,0x32,0x31,0x31,0x20,0x37,0x2e,
  0x33,0x39,0x37,0x36,0x38,0x2d,0x34,0x2e,0x31,0x30,0x39,0x38,0x32,0x20,0x32,0x2e,
  0x38,0x37,0x35,0x33,0x2e,0x30,0x34,0x37,0x39,0x20,0x35,0x2e,0x33,0x35,0x37,0x39,
  0x34,0x20,0x34,0x2e,0x36,0x34,0x38,0x34,0x32,0x20,0x38,0x2e,0x32,0x31,0x39,0x36,
  0x34,0x20,0x34,0x2e,0x39,0x33,0x31,0x37,0x38,0x20,0x33,0x2e,0x36,0x34,0x37,0x39,
  0x38,0x2e,0x33,0x36,0x31,0x32,0x32,0x20,0x37,0x2e,0x38,0x34,0x34,0x38,0x39,0x2d,
  0x34,0x2e,0x32,0x36,0x33,0x30,0x31,0x20,0x31,0x31,0x2e,0x35,0x30,0x37,0x35,0x31,
  0x2d,0x34,0x2e,0x31,0x30,0x39,0x38,0x32,0x20,0x32,0x2e,0x39,0x37,0x36,0x39,0x34,
  0x2e,0x31,0x32,0x34,0x35,0x31,0x20,0x37,0x2e,0x39,0x33,0x31,0x33,0x36,0x20,0x31,
  0x2e,0x33,0x34,0x34,0x38,0x34,0x20,0x39,0x2e,0x30,0x34,0x31,0x36,0x31,0x20,0x34,
  0x2e,0x31,0x30,0x39,0x38,0x32,0x2e,0x39,0x38,0x39,0x36,0x32,0x20,0x32,0x2e,0x34,
  0x36,0x34,0x35,0x39,0x2d,0x31,0x2e,0x33,0x32,0x38,0x31,0x37,0x20,0x36,0x2e,0x34,
  0x32,0x37,0x31,0x33,0x2d,0x33,0x2e,0x32,0x38,0x37,0x38,0x36,0x20,0x38,0x2e,0x32,
  0x31,0x39,0x36,0x35,0x2d,0x31,0x2e,0x38,0x39,0x39,0x36,0x35,0x20,0x31,0x2e,0x37,
  0x33,0x37,0x36,0x2d,0x35,0x2e,0x36,0x35,0x33,0x33,0x20,0x32,0x2e,0x32,0x36,0x31,
  0x35,0x36,0x2d,0x38,0x2e,0x32,0x31,0x39,0x36,0x35,0x20,0x32,0x2e,0x34,0x36,0x35,
  0x39,0x2d,0x33,0x2e,0x37,0x31,0x39,0x38,0x2e,0x32,0x39,0x36,0x31,0x37,0x2d,0x36,
  0x2e,0x33,0x30,0x33,0x37,0x37,0x2d,0x34,0x2e,0x30,0x37,0x31,0x39,0x39,0x2d,0x31,
  0x30,0x2e,0x30,0x30,0x34,0x36,0x2d,0x34,0x2e,0x35,0x35,0x30,0x30,0x31,0x2d,0x31,
  0x2e,0x39,0x37,0x31,0x36,0x39,0x2d,0x2e,0x32,0x35,0x34,0x36,0x37,0x2d,0x37,0x2e,
  0x32,0x32,0x30,0x36,0x35,0x20,0x33,0x2e,0x31,0x34,0x37,0x32,0x33,0x2d,0x38,0x2e,
  0x39,0x30,0x30,0x35,0x38,0x20,0x32,0x2e,0x30,0x38,0x34,0x31,0x31,0x2d,0x32,0x2e,
  0x37,0x31,0x36,0x38,0x33,0x2d,0x31,0x2e,0x37,0x31,0x39,0x32,0x39,0x2d,0x36,0x2e,
  0x35,0x34,0x34,0x34,0x37,0x2d,0x35,0x2e,0x39,0x32,0x35,0x32,0x32,0x2d,0x35,0x2e,
  0x37,0x35,0x33,0x37,0x35,0x2d,0x39,0x2e,0x30,0x34,0x31,0x36,0x31,0x7a,0x22,0x20,
  0x66,0x69,0x6c,0x6c,0x3d,0x22,0x23,0x35,0x30,0x62,0x39,0x35,0x38,0x22,0x20,0x66,
  0x69,0x6c,0x6c,0x2d,0x72,0x75,0x6c,0x65,0x3d,0x22,0x65,0x76,0x65,0x6e,0x6f,0x64,
  0x64,0x22,0x2f,0x3e,0xd,0xa,0x20,0x20,0x20,0x20,0x20,0x20,0x20,0x20,0x3c,0x70,
  0x61,0x74,0x68,0x20,0x64,0x3d,0x22,0x6d,0x35,0x32,0x30,0x2e,0x38,0x36,0x38,0x30,
  0x38,0x20,0x31,0x30,0x30,0x37,0x2e,0x37,0x38,0x39,0x20,0x37,0x2e,0x33,0x31,0x36,
  0x34,0x31,0x2d,0x37,0x35,0x2e,0x34,0x32,0x39,0x37,0x36,0x2d,0x31,0x34,0x2e,0x39,
  0x30,0x36,0x39,0x36,0x2d,0x37,0x2e,0x35,0x37,0x36,0x31,0x35,0x22,0x20,0x66,0x69,
  0x6c,0x6c,0x3d,0x22,0x6e,0x6f,0x6e,0x65,0x22,0x20,0x73,0x74,0x72,0x6f,0x6b,0x65,
  0x3d,0x22,0x23,0x66,0x61,0x37,0x66,0x37,0x30,0x22,0x20,0x73,0x74,0x72,0x6f,0x6b,
  0x65,0x2d,0x6c,0x69,0x6e,0x65,0x63,0x61,0x70,0x3d,0x22,0x72,0x6f,0x75,0x6e,0x64,
  0x22,0x20,0x73,0x74,0x72,0x6f,0x6b,0x65,0x2d,0x6c,0x69,0x6e,0x65,0x6a,0x6f,0x69,
  0x6e,0x3d,0x22,0x72,0x6f,0x75,0x6e,0x64,0x22,0x20,0x73,0x74,0x72,0x6f,0x6b,0x65,
  0x2d,0x77,0x69,0x64,0x74,0x68,0x3d,0x22,0x32,0x2e,0x35,0x22,0x2f,0x3e,0xd,0xa,
  0x20,0x20,0x20,0x20,0x20,0x20,0x20,0x20,0x3c,0x70,0x61,0x74,0x68,0x20,0x64,0x3d,
  0x22,0x6d,0x32,0x36,0x33,0x2e,0x33,0x38,0x33,0x31,0x20,0x33,0x31,0x36,0x2e,0x39,
  0x32,0x33,0x39,0x31,0x20,0x31,0x2e,0x33,0x32,0x30,0x38,0x32,0x20,0x31,0x31,0x2e,
  0x37,0x38,0x35,0x30,0x31,0x22,0x20,0x66,0x69,0x6c,0x6c,0x3d,0x22,0x6e,0x6f,0x6e,
  0x65,0x22,0x20,0x73,0x74,0x72,0x6f,0x6b,0x65,0x3d,0x22,0x23,0x30,0x30,0x30,0x22,
  0x20,0x73,0x74,0x72,0x6f,0x6b,0x65,0x2d,0x77,0x69,0x64,0x74,0x68,0x3d,0x22,0x37,
  0x2e,0x35,0x22,0x2f,0x3e,0xd,0xa,0x20,0x20,0x20,0x20,0x20,0x20,0x20,0x20,0x3c,
  0x70,0x61,0x74,0x68,0x20,0x64,0x3d,0x22,0x6d,0x32,0x32,0x35,0x2e,0x39,0x38,0x38,
  0x36,0x37,0x20,0x36,0x33,0x35,0x2e,0x39,0x33,0x37,0x34,0x34,0x63,0x2d,0x34,0x2e,
  0x38,0x31,0x38,0x35,0x37,0x20,0x33,0x2e,0x36,0x35,0x30,0x34,0x37,0x2d,0x2e,0x32,
  0x39,0x38,0x33,0x32,0x20,0x31,0x35,0x2e,0x35,0x39,0x30,0x33,0x38,0x20,0x34,0x2e,
  0x31,0x30,0x39,0x38,0x32,0x20,0x31,0x39,0x2e,0x37,0x32,0x37,0x31,0x34,0x20,0x33,
  0x2e,0x38,0x31,0x34,0x34,0x20,0x33,0x2e,0x35,0x37,0x39,0x35,0x36,0x20,0x31,0x31,
  0x2e,0x35,0x36,0x35,0x32,0x37,0x20,0x37,0x2e,0x37,0x38,0x38,0x39,0x20,0x31,0x33,
  0x2e,0x37,0x37,0x33,0x39,0x36,0x20,0x33,0x2e,0x30,0x34,0x37,0x31,0x32,0x20,0x31,
  0x2e,0x33,0x36,0x39,0x37,0x33,0x2d,0x32,0x2e,0x39,0x34,0x30,0x36,0x36,0x20,0x32,
  0x2e,0x38,0x32,0x32,0x31,0x35,0x2d,0x31,0x30,0x2e,0x39,0x33,0x39,0x37,0x39,0x2e,
  0x39,0x32,0x31,0x36,0x38,0x2d,0x31,0x33,0x2e,0x38,0x33,0x32,0x33,0x38,0x2d,0x33,
  0x2e,0x38,0x31,0x35,0x34,0x2d,0x35,0x2e,0x38,0x30,0x37,0x31,0x34,0x2d,0x31,0x33,
  0x2e,0x32,0x36,0x36,0x39,0x37,0x2d,0x31,0x33,0x2e,0x31,0x33,0x37,0x37,0x35,0x2d,
  0x31,0x38,0x2e,0x38,0x30,0x35,0x34,0x36,0x2d,0x38,0x2e,0x39,0x34,0x31,0x38,0x38,
  0x7a,0x22,0x20,0x66,0x69,0x6c,0x6c,0x3d,0x22,0x23,0x35,0x30,0x62,0x39,0x35,0x38,
  0x22,0x20,0x66,0x69,0x6c,0x6c,0x2d,0x72,0x75,0x6c,0x65,0x3d,0x22,0x65,0x76,0x65,
  0x6e,0x6f,0x64,0x64,0x22,0x2f,0x3e,0xd,0xa,0x20,0x20,0x20,0x20,0x20,0x20,0x20,
  0x20,0x3c,0x70,0x61,0x74,0x68,0x20,0x64,0x3d,0x22,0x6d,0x33,0x35,0x32,0x2e,0x39,
  0x33,0x39,0x31,0x36,0x20,0x33,0x31,0x36,0x2e,0x37,0x30,0x36,0x32,0x33,0x63,0x2d,
  0x35,0x2e,0x37,0x38,0x37,0x36,0x38,0x20,0x31,0x2e,0x37,0x34,0x35,0x36,0x35,0x2d,
  0x34,0x2e,0x35,0x34,0x31,0x36,0x38,0x20,0x31,0x38,0x2e,0x37,0x32,0x33,0x39,0x34,
  0x2d,0x32,0x2e,0x39,0x36,0x31,0x32,0x35,0x20,0x32,0x33,0x2e,0x32,0x36,0x32,0x36,
  0x38,0x20,0x31,0x2e,0x35,0x38,0x35,0x33,0x20,0x34,0x2e,0x35,0x35,0x32,0x37,0x20,
  0x31,0x30,0x2e,0x32,0x39,0x35,0x31,0x34,0x20,0x35,0x2e,0x32,0x36,0x33,0x35,0x31,
  0x20,0x31,0x34,0x2e,0x32,0x37,0x39,0x30,0x34,0x20,0x32,0x2e,0x35,0x34,0x32,0x30,
  0x34,0x20,0x32,0x2e,0x36,0x37,0x38,0x36,0x37,0x2d,0x31,0x2e,0x38,0x32,0x39,0x38,
  0x35,0x20,0x33,0x2e,0x30,0x39,0x35,0x32,0x39,0x2d,0x31,0x32,0x2e,0x33,0x39,0x35,
  0x30,0x33,0x20,0x32,0x2e,0x39,0x34,0x31,0x39,0x39,0x2d,0x31,0x35,0x2e,0x38,0x35,
  0x32,0x36,0x39,0x2d,0x2e,0x32,0x37,0x39,0x38,0x37,0x2d,0x36,0x2e,0x33,0x31,0x32,
  0x32,0x31,0x2d,0x38,0x2e,0x37,0x32,0x31,0x32,0x39,0x2d,0x31,0x31,0x2e,0x36,0x32,
  0x32,0x35,0x32,0x2d,0x31,0x34,0x2e,0x32,0x35,0x39,0x37,0x38,0x2d,0x39,0x2e,0x39,
  0x35,0x32,0x30,0x33,0x7a,0x22,0x20,0x66,0x69,0x6c,0x6c,0x3d,0x22,0x23,0x62,0x35,
  0x66,0x64,0x62,0x35,0x22,0x20,0x66,0x69,0x6c,0x6c,0x2d,0x72,0x75,0x6c,0x65,0x3d,
  0x22,0x65,0x76,0x65,0x6e,0x6f,0x64,0x64,0x22,0x2f,0x3e,0xd,0xa,0x20,0x20,0x20,
  0x20,0x20,0x20,0x20,0x20,0x3c,0x70,0x61,0x74,0x68,0x20,0x64,0x3d,0x22,0x6d,0x33,
  0x36,0x30,0x2e,0x38,0x35,0x38,0x39,0x34,0x20,0x33,0x32,0x32,0x2e,0x35,0x34,0x33,
  0x38,0x2d,0x35,0x2e,0x32,0x33,0x32,0x35,0x33,0x2d,0x2e,0x30,0x35,0x33,0x31,0x39,
  0x2d,0x2e,0x31,0x39,0x35,0x31,0x33,0x20,0x31,0x36,0x2e,0x30,0x39,0x30,0x38,0x37,
  0x20,0x35,0x2e,0x33,0x35,0x36,0x34,0x37,0x2e,0x30,0x33,0x31,0x37,0x39,0x7a,0x22,
  0x20,0x66,0x69,0x6c,0x6c,0x3d,0x22,0x23,0x63,0x39,0x39,0x22,0x2f,0x3e,0xd,0xa,
  0x20,0x20,0x20,0x20,0x20,0x20,0x20,0x20,0x3c,0x70,0x61,0x74,0x68,0x20,0x64,0x3d,
  0x22,0x6d,0x2d,0x31,0x37,0x2e,0x32,0x35,0x39,0x39,0x20,0x36,0x31,0x37,0x2e,0x30,
  0x30,0x31,0x35,0x35,0x20,0x35,0x2e,0x38,0x35,0x38,0x33,0x35,0x20,0x31,0x37,0x2e,
  0x35,0x33,0x39,0x38,0x39,0x22,0x20,0x66,0x69,0x6c,0x6c,0x3d,0x22,0x6e,0x6f,0x6e,
  0x65,0x22,0x20,0x73,0x74,0x72,0x6f,0x6b,0x65,0x3d,0x22,0x23,0x65,0x30,0x65,0x30,
  0x33,0x32,0x22,0x20,0x73,0x74,0x72,0x6f,0x6b,0x65,0x2d,0x77,0x69,0x64,0x74,0x68,
  0x3d,0x22,0x35,0x22,0x2f,0x3e,0xd,0xa,0x20,0x20,0x20,0x20,0x20,0x20,0x20,0x20,
  0x3c,0x70,0x61,0x74,0x68,0x20,0x64,0x3d,0x22,0x6d,0x33,0x30,0x38,0x2e,0x34,0x35,
  0x34,0x33,0x39,0x20,0x38,0x37,0x34,0x2e,0x31,0x34,0x34,0x33,0x39,0x20,0x31,0x35,
  0x2e,0x31,0x34,0x34,0x30,0x36,0x20,0x31,0x38,0x2e,0x32,0x35,0x34,0x31,0x38,0x22,
  0x20,0x66,0x69,0x6c,0x6c,0x3d,0x22,0x6e,0x6f,0x6e,0x65,0x22,0x20,0x73,0x74,0x72,
  0x6f,0x6b,0x65,0x3d,0x22,0x23,0x65,0x30,0x65,0x30,0x33,0x32,0x22,0x20,0x73,0x74,
  0x72,0x6f,0x6b,0x65,0x2d,0x77,0x69,0x64,0x74,0x68,0x3d,0x22,0x35,0x22,0x2f,0x3e,
  0xd,0xa,0x20,0x20,0x20,0x20,0x20,0x20,0x20,0x20,0x3c,0x70,0x61,0x74,0x68,0x20,
  0x64,0x3d,0x22,0x6d,0x32,0x33,0x39,0x2e,0x35,0x32,0x35,0x38,0x32,0x20,0x37,0x37,
  0x37,0x2e,0x37,0x31,0x35,0x38,0x33,0x20,0x36,0x2e,0x35,0x37,0x32,0x36,0x33,0x20,
  0x31,0x31,0x2e,0x38,0x32,0x35,0x36,0x31,0x22,0x20,0x66,0x69,0x6c,0x6c,0x3d,0x22,
  0x6e,0x6f,0x6e,0x65,0x22,0x20,0x73,0x74,0x72,0x6f,0x6b,0x65,0x3d,0x22,0x23,0x65,
  0x30,0x65,0x30,0x33,0x32,0x22,0x20,0x73,0x74,0x72,0x6f,0x6b,0x65,0x2d,0x77,0x69,
  0x64,0x74,0x68,0x3d,0x22,0x35,0x22,0x2f,0x3e,0xd,0xa,0x20,0x20,0x20,0x20,0x20,
  0x20,0x20,0x20,0x3c,0x70,0x61,0x74,0x68,0x20,0x64,0x3d,0x22,0x6d,0x35,0x30,0x39,
  0x2e,0x32,0x38,0x35,0x37,0x31,0x20,0x39,0x36,0x37,0x2e,0x35,0x33,0x32,0x38,0x34,
  0x20,0x31,0x33,0x39,0x2e,0x32,0x38,0x35,0x37,0x32,0x2d,0x33,0x2e,0x35,0x37,0x31,
  0x34,0x32,0x20,0x33,0x2e,0x32,0x31,0x34,0x32,0x38,0x2d,0x35,0x2e,0x31,0x37,0x38,
  0x35,0x37,0x6d,0x37,0x39,0x2e,0x32,0x38,0x35,0x37,0x32,0x2d,0x33,0x39,0x35,0x2e,
  0x31,0x37,0x38,0x35,0x37,0x20,0x37,0x30,0x2e,0x33,0x35,0x37,0x31,0x33,0x2d,0x35,
  0x2e,0x37,0x31,0x34,0x33,0x6d,0x2d,0x31,0x34,0x35,0x2e,0x37,0x31,0x34,0x32,0x37,
  0x20,0x33,0x39,0x34,0x2e,0x32,0x38,0x35,0x37,0x32,0x20,0x31,0x37,0x2e,0x31,0x34,
  0x32,0x38,0x35,0x2d,0x34,0x30,0x2e,0x33,0x35,0x37,0x31,0x34,0x2d,0x31,0x2e,0x34,
  0x32,0x38,0x35,0x37,0x2d,0x31,0x33,0x2e,0x33,0x39,0x32,0x38,0x36,0x2d,0x32,0x2e,
  0x38,0x35,0x37,0x31,0x34,0x2d,0x32,0x35,0x2e,0x35,0x33,0x35,0x37,0x31,0x2d,0x37,
  0x2e,0x38,0x35,0x37,0x31,0x34,0x2d,0x38,0x2e,0x33,0x39,0x32,0x38,0x36,0x20,0x35,
  0x2e,0x37,0x31,0x34,0x32,0x38,0x2d,0x31,0x32,0x2e,0x36,0x37,0x38,0x35,0x37,0x2d,
  0x31,0x37,0x2e,0x38,0x35,0x37,0x31,0x34,0x2d,0x39,0x38,0x2e,0x35,0x37,0x31,0x34,
  0x33,0x2d,0x31,0x35,0x2e,0x37,0x31,0x34,0x32,0x39,0x2d,0x37,0x32,0x2e,0x31,0x34,
  0x32,0x38,0x36,0x2d,0x31,0x30,0x2d,0x34,0x37,0x2e,0x38,0x35,0x37,0x31,0x34,0x20,
  0x33,0x39,0x2e,0x32,0x38,0x35,0x37,0x31,0x2d,0x35,0x35,0x2e,0x37,0x31,0x34,0x32,
  0x38,0x20,0x35,0x38,0x2e,0x39,0x32,0x38,0x35,0x37,0x2d,0x31,0x32,0x2e,0x31,0x34,
  0x32,0x38,0x35,0x6d,0x2d,0x32,0x33,0x31,0x2e,0x37,0x38,0x35,0x37,0x31,0x20,0x33,
  0x33,0x34,0x2e,0x32,0x38,0x35,0x37,0x73,0x31,0x37,0x2e,0x37,0x34,0x31,0x36,0x20,
  0x33,0x30,0x2e,0x36,0x38,0x39,0x35,0x36,0x20,0x32,0x30,0x2e,0x30,0x30,0x30,0x30,
  0x31,0x20,0x35,0x38,0x2e,0x35,0x37,0x31,0x34,0x33,0x22,0x20,0x66,0x69,0x6c,0x6c,
  0x3d,0x22,0x6e,0x6f,0x6e,0x65,0x22,0x20,0x73,0x74,0x72,0x6f,0x6b,0x65,0x3d,0x22,
  0x23,0x34,0x32,0x34,0x32,0x34,0x32,0x22,0x20,0x73,0x74,0x72,0x6f,0x6b,0x65,0x2d,
  0x77,0x69,0x64,0x74,0x68,0x3d,0x22,0x32,0x2e,0x35,0x22,0x20,0x74,0x72,0x61,0x6e,
  0x73,0x66,0x6f,0x72,0x6d,0x3d,0x22,0x74,0x72,0x61,0x6e,0x73,0x6c,0x61,0x74,0x65,
  0x28,0x2d,0x31,0x32,0x33,0x2e,0x36,0x31,0x36,0x34,0x34,0x20,0x35,0x34,0x2e,0x33,
  0x31,0x30,0x30,0x37,0x29,0x22,0x2f,0x3e,0xd,0xa,0x20,0x20,0x20,0x20,0x20,0x20,
  0x20,0x20,0x3c,0x70,0x61,0x74,0x68,0x20,0x64,0x3d,0x22,0x6d,0x36,0x30,0x31,0x2e,
  0x31,0x31,0x33,0x31,0x38,0x20,0x35,0x38,0x39,0x2e,0x35,0x36,0x38,0x38,0x36,0x2e,
  0x35,0x38,0x35,0x33,0x35,0x20,0x31,0x38,0x2e,0x32,0x35,0x38,0x39,0x38,0x20,0x31,
  0x2e,0x32,0x36,0x32,0x36,0x39,0x20,0x31,0x35,0x2e,0x33,0x38,0x37,0x31,0x33,0x22,
  0x20,0x66,0x69,0x6c,0x6c,0x3d,0x22,0x6e,0x6f,0x6e,0x65,0x22,0x20,0x73,0x74,0x72,
  0x6f,0x6b,0x65,0x3d,0x22,0x23,0x66,0x61,0x37,0x66,0x37,0x30,0x22,0x20,0x73,0x74,
  0x72,0x6f,0x6b,0x65,0x2d,0x6c,0x69,0x6e,0x65,0x63,0x61,0x70,0x3d,0x22,0x72,0x6f,
  0x75,0x6e,0x64,0x22,0x20,0x73,0x74,0x72,0x6f,0x6b,0x65,0x2d,0x6c,0x69,0x6e,0x65,
  0x6a,0x6f,0x69,0x6e,0x3d,0x22,0x72,0x6f,0x75,0x6e,0x64,0x22,0x20,0x73,0x74,0x72,
  0x6f,0x6b,0x65,0x2d,0x77,0x69,0x64,0x74,0x68,0x3d,0x22,0x32,0x2e,0x35,0x22,0x2f,
  0x3e,0xd,0xa,0x20,0x20,0x20,0x20,0x20,0x20,0x20,0x20,0x3c,0x70,0x61,0x74,0x68,
  0x20,0x64,0x3d,0x22,0x6d,0x36,0x36,0x35,0x2e,0x37,0x31,0x34,0x32,0x39,0x20,0x38,
  0x35,0x33,0x2e,0x32,0x34,0x37,0x31,0x33,0x20,0x38,0x2e,0x34,0x38,0x34,0x37,0x37,
  0x20,0x38,0x2e,0x39,0x30,0x33,0x31,0x39,0x2d,0x35,0x2e,0x36,0x32,0x37,0x36,0x33,
  0x20,0x39,0x2e,0x31,0x36,0x33,0x31,0x36,0x22,0x20,0x66,0x69,0x6c,0x6c,0x3d,0x22,
  0x6e,0x6f,0x6e,0x65,0x22,0x20,0x73,0x74,0x72,0x6f,0x6b,0x65,0x3d,0x22,0x23,0x34,
  0x32,0x34,0x32,0x34,0x32,0x22,0x20,0x73,0x74,0x72,0x6f,0x6b,0x65,0x2d,0x77,0x69,
  0x64,0x74,0x68,0x3d,0x22,0x32,0x2e,0x35,0x22,0x20,0x74,0x72,0x61,0x6e,0x73,0x66,
  0x6f,0x72,0x6d,0x3d,0x22,0x74,0x72,0x61,0x6e,0x73,0x6c,0x61,0x74,0x65,0x28,0x2d,
  0x31,0x32,0x33,0x2e,0x36,0x31,0x36,0x34,0x34,0x20,0x35,0x34,0x2e,0x33,0x31,0x30,
  0x30,0x37,0x29,0x22,0x2f,0x3e,0xd,0xa,0x20,0x20,0x20,0x20,0x20,0x20,0x20,0x20,
  0x3c,0x70,0x61,0x74,0x68,0x20,0x64,0x3d,0x22,0x6d,0x36,0x37,0x36,0x2e,0x37,0x39,
  0x34,0x30,0x33,0x20,0x36,0x31,0x33,0x2e,0x32,0x31,0x38,0x31,0x36,0x20,0x32,0x38,
  0x2e,0x34,0x36,0x34,0x37,0x39,0x2d,0x2e,0x36,0x30,0x37,0x36,0x34,0x22,0x20,0x66,
  0x69,0x6c,0x6c,0x3d,0x22,0x6e,0x6f,0x6e,0x65,0x22,0x20,0x73,0x74,0x72,0x6f,0x6b,
  0x65,0x3d,0x22,0x23,0x63,0x39,0x39,0x22,0x20,0x73,0x74,0x72,0x6f,0x6b,0x65,0x2d,
  0x77,0x69,0x64,0x74,0x68,0x3d,0x22,0x35,0x22,0x2f,0x3e,0xd,0xa,0x20,0x20,0x20,
  0x20,0x20,0x20,0x20,0x20,0x3c,0x70,0x61,0x74,0x68,0x20,0x64,0x3d,0x22,0x6d,0x35,
  0x32,0x39,0x2e,0x36,0x35,0x31,0x31,0x36,0x20,0x36,0x34,0x36,0x2e,0x34,0x33,0x32,
  0x34,0x35,0x20,0x39,0x2e,0x38,0x39,0x33,0x33,0x36,0x2d,0x31,0x33,0x2e,0x34,0x36,
  0x34,0x37,0x38,0x22,0x20,0x66,0x69,0x6c,0x6c,0x3d,0x22,0x6e,0x6f,0x6e,0x65,0x22,
  0x20,0x73,0x74,0x72,0x6f,0x6b,0x65,0x3d,0x22,0x23,0x63,0x39,0x39,0x22,0x20,0x73,
  0x74,0x72,0x6f,0x6b,0x65,0x2d,0x77,0x69,0x64,0x74,0x68,0x3d,0x22,0x35,0x2e,0x31,
  0x30,0x36,0x36,0x34,0x22,0x2f,0x3e,0xd,0xa,0x20,0x20,0x20,0x20,0x20,0x20,0x20,
  0x20,0x3c,0x70,0x61,0x74,0x68,0x20,0x64,0x3d,0x22,0x6d,0x35,0x33,0x38,0x2e,0x34,
  0x32,0x35,0x33,0x36,0x20,0x36,0x33,0x33,0x2e,0x32,0x35,0x33,0x31,0x35,0x20,0x31,
  0x31,0x2e,0x32,0x37,0x33,0x35,0x33,0x2d,0x31,0x2e,0x37,0x34,0x39,0x30,0x35,0x22,
  0x20,0x66,0x69,0x6c,0x6c,0x3d,0x22,0x6e,0x6f,0x6e,0x65,0x22,0x20,0x73,0x74,0x72,
  0x6f,0x6b,0x65,0x3d,0x22,0x23,0x63,0x39,0x39,0x22,0x20,0x73,0x74,0x72,0x6f,0x6b,
  0x65,0x2d,0x77,0x69,0x64,0x74,0x68,0x3d,0x22,0x35,0x2e,0x30,0x38,0x36,0x33,0x30,
  0x36,0x22,0x2f,0x3e,0xd,0xa,0x20,0x20,0x20,0x20,0x20,0x20,0x20,0x20,0x3c,0x70,
  0x61,0x74,0x68,0x20,0x64,0x3d,0x22,0x6d,0x37,0x30,0x37,0x2e,0x38,0x36,0x35,0x34,
  0x35,0x20,0x35,0x39,0x36,0x2e,0x30,0x37,0x35,0x33,0x31,0x2e,0x39,0x36,0x34,0x37,
  0x39,0x20,0x31,0x34,0x2e,0x33,0x39,0x32,0x33,0x36,0x22,0x20,0x66,0x69,0x6c,0x6c,
  0x3d,0x22,0x6e,0x6f,0x6e,0x65,0x22,0x20,0x73,0x74,0x72,0x6f,0x6b,0x65,0x3d,0x22,
  0x23,0x63,0x39,0x39,0x22,0x20,0x73,0x74,0x72,0x6f,0x6b,0x65,0x2d,0x77,0x69,0x64,
  0x74,0x68,0x3d,0x22,0x34,0x22,0x2f,0x3e,0xd,0xa,0x20,0x20,0x20,0x20,0x20,0x20,
  0x20,0x20,0x3c,0x70,0x61,0x74,0x68,0x20,0x64,0x3d,0x22,0x6d,0x37,0x33,0x32,0x2e,
  0x36,0x38,0x36,0x38,0x38,0x20,0x35,0x39,0x34,0x2e,0x38,0x32,0x35,0x33,0x31,0x2e,
  0x39,0x36,0x34,0x37,0x39,0x20,0x31,0x35,0x2e,0x31,0x30,0x36,0x36,0x34,0x22,0x20,
  0x66,0x69,0x6c,0x6c,0x3d,0x22,0x6e,0x6f,0x6e,0x65,0x22,0x20,0x73,0x74,0x72,0x6f,
  0x6b,0x65,0x3d,0x22,0x23,0x63,0x39,0x39,0x22,0x20,0x73,0x74,0x72,0x6f,0x6b,0x65,
  0x2d,0x77,0x69,0x64,0x74,0x68,0x3d,0x22,0x34,0x22,0x2f,0x3e,0xd,0xa,0x20,0x20,
  0x20,0x20,0x20,0x20,0x20,0x20,0x3c,0x70,0x61,0x74,0x68,0x20,0x64,0x3d,0x22,0x6d,
  0x37,0x34,0x39,0x2e,0x38,0x32,0x39,0x37,0x33,0x20,0x35,0x39,0x34,0x2e,0x31,0x31,
  0x31,0x30,0x32,0x2e,0x39,0x36,0x34,0x37,0x39,0x20,0x31,0x35,0x2e,0x34,0x36,0x33,
  0x37,0x38,0x22,0x20,0x66,0x69,0x6c,0x6c,0x3d,0x22,0x6e,0x6f,0x6e,0x65,0x22,0x20,
  0x73,0x74,0x72,0x6f,0x6b,0x65,0x3d,0x22,0x23,0x63,0x39,0x39,0x22,0x20,0x73,0x74,
  0x72,0x6f,0x6b,0x65,0x2d,0x77,0x69,0x64,0x74,0x68,0x3d,0x22,0x34,0x22,0x2f,0x3e,
  0xd,0xa,0x20,0x20,0x20,0x20,0x20,0x20,0x20,0x20,0x3c,0x70,0x61,0x74,0x68,0x20,
  0x64,0x3d,0x22,0x6d,0x37,0x35,0x37,0x2e,0x36,0x38,0x36,0x38,0x39,0x20,0x36,0x31,
  0x31,0x2e,0x39,0x36,0x38,0x31,0x37,0x2d,0x32,0x32,0x2e,0x32,0x34,0x39,0x35,0x20,
  0x31,0x2e,0x31,0x37,0x38,0x30,0x37,0x22,0x20,0x66,0x69,0x6c,0x6c,0x3d,0x22,0x6e,
  0x6f,0x6e,0x65,0x22,0x20,0x73,0x74,0x72,0x6f,0x6b,0x65,0x3d,0x22,0x23,0x63,0x39,
  0x39,0x22,0x20,0x73,0x74,0x72,0x6f,0x6b,0x65,0x2d,0x77,0x69,0x64,0x74,0x68,0x3d,
  0x22,0x34,0x22,0x2f,0x3e,0xd,0xa,0x20,0x20,0x20,0x20,0x20,0x20,0x20,0x20,0x3c,
  0x70,0x61,0x74,0x68,0x20,0x64,0x3d,0x22,0x6d,0x37,0x33,0x32,0x2e,0x35,0x30,0x38,
  0x33,0x31,0x20,0x36,0x31,0x33,0x2e,0x33,0x39,0x36,0x37,0x34,0x2d,0x32,0x32,0x2e,
  0x32,0x34,0x39,0x35,0x20,0x31,0x2e,0x31,0x37,0x38,0x30,0x37,0x22,0x20,0x66,0x69,
  0x6c,0x6c,0x3d,0x22,0x6e,0x6f,0x6e,0x65,0x22,0x20,0x73,0x74,0x72,0x6f,0x6b,0x65,
  0x3d,0x22,0x23,0x63,0x39,0x39,0x22,0x20,0x73,0x74,0x72,0x6f,0x6b,0x65,0x2d,0x77,
  0x69,0x64,0x74,0x68,0x3d,0x22,0x34,0x22,0x2f,0x3e,0xd,0xa,0x20,0x20,0x20,0x20,
  0x20,0x20,0x20,0x20,0x3c,0x70,0x61,0x74,0x68,0x20,0x64,0x3d,0x22,0x6d,0x37,0x33,
  0x34,0x2e,0x34,0x37,0x32,0x35,0x39,0x20,0x36,0x30,0x30,0x2e,0x30,0x30,0x33,0x38,
  0x38,0x20,0x31,0x34,0x2e,0x35,0x33,0x36,0x32,0x32,0x2d,0x2e,0x39,0x36,0x34,0x37,
  0x39,0x22,0x20,0x66,0x69,0x6c,0x6c,0x3d,0x22,0x6e,0x6f,0x6e,0x65,0x22,0x20,0x73,
  0x74,0x72,0x6f,0x6b,0x65,0x3d,0x22,0x23,0x63,0x39,0x39,0x22,0x20,0x73,0x74,0x72,
  0x6f,0x6b,0x65,0x2d,0x77,0x69,0x64,0x74,0x68,0x3d,0x22,0x34,0x22,0x2f,0x3e,0xd,
  0xa,0x20,0x20,0x20,0x20,0x20,0x20,0x20,0x20,0x3c,0x70,0x61,0x74,0x68,0x20,0x64,
  0x3d,0x22,0x6d,0x37,0x32,0x31,0x2e,0x39,0x37,0x32,0x35,0x39,0x20,0x35,0x39,0x35,
  0x2e,0x30,0x30,0x33,0x38,0x37,0x2e,0x39,0x36,0x34,0x37,0x39,0x20,0x31,0x34,0x2e,
  0x33,0x39,0x32,0x33,0x36,0x22,0x20,0x66,0x69,0x6c,0x6c,0x3d,0x22,0x6e,0x6f,0x6e,
  0x65,0x22,0x20,0x73,0x74,0x72,0x6f,0x6b,0x65,0x3d,0x22,0x23,0x63,0x39,0x39,0x22,
  0x20,0x73,0x74,0x72,0x6f,0x6b,0x65,0x2d,0x77,0x69,0x64,0x74,0x68,0x3d,0x22,0x34,
  0x22,0x2f,0x3e,0xd,0xa,0x20,0x20,0x20,0x20,0x20,0x20,0x20,0x20,0x3c,0x70,0x61,
  0x74,0x68,0x20,0x64,0x3d,0x22,0x6d,0x37,0x31,0x37,0x2e,0x32,0x30,0x38,0x33,0x31,
  0x20,0x32,0x33,0x37,0x2e,0x33,0x35,0x31,0x20,0x38,0x34,0x2e,0x38,0x35,0x32,0x38,
  0x31,0x2d,0x32,0x2e,0x35,0x32,0x35,0x33,0x38,0x6d,0x2d,0x31,0x35,0x34,0x2e,0x36,
  0x37,0x35,0x38,0x39,0x20,0x32,0x34,0x2e,0x36,0x36,0x32,0x30,0x38,0x20,0x36,0x32,
  0x2e,0x32,0x38,0x32,0x38,0x33,0x2d,0x32,0x31,0x2e,0x36,0x33,0x31,0x36,0x32,0x22,
  0x20,0x66,0x69,0x6c,0x6c,0x3d,0x22,0x6e,0x6f,0x6e,0x65,0x22,0x20,0x73,0x74,0x72,
  0x6f,0x6b,0x65,0x3d,0x22,0x23,0x34,0x32,0x34,0x32,0x34,0x32,0x22,0x20,0x73,0x74,
  0x72,0x6f,0x6b,0x65,0x2d,0x77,0x69,0x64,0x74,0x68,0x3d,0x22,0x32,0x2e,0x35,0x22,
  0x20,0x74,0x72,0x61,0x6e,0x73,0x66,0x6f,0x72,0x6d,0x3d,0x22,0x74,0x72,0x61,0x6e,
  0x73,0x6c,0x61,0x74,0x65,0x28,0x2d,0x31,0x32,0x33,0x2e,0x36,0x31,0x36,0x34,0x34,
  0x20,0x35,0x34,0x2e,0x33,0x31,0x30,0x30,0x37,0x29,0x22,0x2f,0x3e,0xd,0xa,0x20,
  0x20,0x20,0x20,0x20,0x20,0x20,0x20,0x3c,0x70,0x61,0x74,0x68,0x20,0x64,0x3d,0x22,
  0x6d,0x35,0x36,0x36,0x2e,0x39,0x34,0x38,0x31,0x32,0x20,0x39,0x34,0x39,0x2e,0x30,
  0x30,0x33,0x34,0x37,0x68,0x33,0x33,0x2e,0x30,0x38,0x32,0x34,0x39,0x76,0x2d,0x32,
  0x37,0x2e,0x32,0x37,0x34,0x31,0x31,0x68,0x2d,0x33,0x34,0x2e,0x30,0x39,0x32,0x36,
  0x35,0x7a,0x6d,0x2d,0x31,0x32,0x2e,0x36,0x32,0x36,0x39,0x31,0x2d,0x32,0x37,0x2e,
  0x32,0x37,0x34,0x31,0x31,0x68,0x2d,0x33,0x36,0x2e,0x31,0x31,0x32,0x39,0x35,0x76,
  0x32,0x37,0x2e,0x32,0x37,0x34,0x31,0x32,0x6c,0x33,0x36,0x2e,0x31,0x31,0x32,0x39,
  0x35,0x2d,0x2e,0x30,0x30,0x30,0x30,0x31,0x7a,0x22,0x20,0x66,0x69,0x6c,0x6c,0x3d,
  0x22,0x6e,0x6f,0x6e,0x65,0x22,0x20,0x73,0x74,0x72,0x6f,0x6b,0x65,0x3d,0x22,0x23,
  0x66,0x66,0x66,0x22,0x20,0x74,0x72,0x61,0x6e,0x73,0x66,0x6f,0x72,0x6d,0x3d,0x22,
  0x74,0x72,0x61,0x6e,0x73,0x6c,0x61,0x74,0x65,0x28,0x2d,0x31,0x32,0x33,0x2e,0x36,
  0x31,0x36,0x34,0x34,0x20,0x35,0x34,0x2e,0x33,0x31,0x30,0x30,0x37,0x29,0x22,0x2f,
  0x3e,0xd,0xa,0x20,0x20,0x20,0x20,0x20,0x20,0x20,0x20,0x3c,0x70,0x61,0x74,0x68,
  0x20,0x64,0x3d,0x22,0x6d,0x35,0x31,0x38,0x2e,0x37,0x31,0x33,0x33,0x33,0x20,0x39,
  0x32,0x39,0x2e,0x33,0x30,0x35,0x35,0x20,0x36,0x2e,0x30,0x36,0x30,0x39,0x32,0x2e,
  0x35,0x30,0x35,0x30,0x37,0x2e,0x35,0x30,0x35,0x30,0x37,0x20,0x31,0x31,0x2e,0x36,
  0x31,0x36,0x37,0x36,0x68,0x2d,0x36,0x2e,0x35,0x36,0x35,0x39,0x39,0x22,0x20,0x66,
  0x69,0x6c,0x6c,0x3d,0x22,0x6e,0x6f,0x6e,0x65,0x22,0x20,0x73,0x74,0x72,0x6f,0x6b,
  0x65,0x3d,0x22,0x23,0x66,0x66,0x66,0x22,0x20,0x74,0x72,0x61,0x6e,0x73,0x66,0x6f,
  0x72,0x6d,0x3d,0x22,0x74,0x72,0x61,0x6e,0x73,0x6c,0x61,0x74,0x65,0x28,0x2d,0x31,
  0x32,0x33,0x2e,0x36,0x31,0x36,0x34,0x34,0x20,0x35,0x34,0x2e,0x33,0x31,0x30,0x30,
  0x37,0x29,0x22,0x2f,0x3e,0xd,0xa,0x20,0x20,0x20,0x20,0x20,0x20,0x20,0x20,0x3c,
  0x70,0x61,0x74,0x68,0x20,0x64,0x3d,0x22,0x6d,0x34,0x34,0x32,0x2e,0x38,0x32,0x36,
  0x36,0x20,0x39,0x38,0x32,0x2e,0x36,0x30,0x35,0x34,0x31,0x20,0x36,0x2e,0x30,0x36,
  0x30,0x39,0x32,0x2e,0x35,0x30,0x35,0x30,0x37,0x2e,0x35,0x30,0x35,0x30,0x37,0x20,
  0x31,0x31,0x2e,0x36,0x31,0x36,0x38,0x68,0x2d,0x36,0x2e,0x35,0x36,0x35,0x39,0x39,
  0x22,0x20,0x66,0x69,0x6c,0x6c,0x3d,0x22,0x6e,0x6f,0x6e,0x65,0x22,0x20,0x73,0x74,
  0x72,0x6f,0x6b,0x65,0x3d,0x22,0x23,0x66,0x66,0x66,0x22,0x2f,0x3e,0xd,0xa,0x20,
  0x20,0x20,0x20,0x20,0x20,0x20,0x20,0x3c,0x70,0x61,0x74,0x68,0x20,0x64,0x3d,0x22,
  0x6d,0x34,0x37,0x36,0x2e,0x32,0x30,0x32,0x32,0x34,0x20,0x39,0x38,0x35,0x2e,0x31,
  0x33,0x30,0x38,0x2d,0x36,0x2e,0x35,0x36,0x35,0x39,0x38,0x2d,0x2e,0x30,0x30,0x30,
  0x30,0x31,0x2e,0x35,0x30,0x35,0x30,0x37,0x20,0x31,0x32,0x2e,0x31,0x32,0x31,0x38,
  0x31,0x20,0x36,0x2e,0x35,0x36,0x35,0x39,0x39,0x2d,0x2e,0x35,0x30,0x35,0x30,0x38,
  0x22,0x20,0x66,0x69,0x6c,0x6c,0x3d,0x22,0x6e,0x6f,0x6e,0x65,0x22,0x20,0x73,0x74,
  0x72,0x6f,0x6b,0x65,0x3d,0x22,0x23,0x66,0x66,0x66,0x22,0x2f,0x3e,0xd,0xa,0x20,
  0x20,0x20,0x20,0x20,0x20,0x20,0x20,0x3c,0x70,0x61,0x74,0x68,0x20,0x64,0x3d,0x22,
  0x6d,0x34,0x33,0x31,0x2e,0x34,0x36,0x32,0x33,0x38,0x20,0x39,0x38,0x34,0x2e,0x36,
  0x32,0x35,0x37,0x34,0x2d,0x38,0x2e,0x35,0x38,0x36,0x32,0x39,0x2d,0x2e,0x30,0x30,
  0x30,0x30,0x31,0x2e,0x35,0x30,0x35,0x30,0x37,0x20,0x31,0x32,0x2e,0x31,0x32,0x31,
  0x38,0x31,0x20,0x36,0x2e,0x35,0x36,0x35,0x39,0x39,0x2d,0x2e,0x35,0x30,0x35,0x30,
  0x38,0x22,0x20,0x66,0x69,0x6c,0x6c,0x3d,0x22,0x6e,0x6f,0x6e,0x65,0x22,0x20,0x73,
  0x74,0x72,0x6f,0x6b,0x65,0x3d,0x22,0x23,0x66,0x66,0x66,0x22,0x2f,0x3e,0xd,0xa,
  0x20,0x20,0x20,0x20,0x20,0x20,0x20,0x20,0x3c,0x70,0x61,0x74,0x68,0x20,0x64,0x3d,
  0x22,0x6d,0x32,0x36,0x33,0x2e,0x34,0x35,0x34,0x35,0x33,0x20,0x33,0x31,0x37,0x2e,
  0x36,0x33,0x38,0x32,0x20,0x31,0x2e,0x30,0x32,0x34,0x39,0x36,0x20,0x31,0x30,0x2e,
  0x32,0x36,0x39,0x37,0x38,0x22,0x20,0x66,0x69,0x6c,0x6c,0x3d,0x22,0x6e,0x6f,0x6e,
  0x65,0x22,0x20,0x73,0x74,0x72,0x6f,0x6b,0x65,0x3d,0x22,0x23,0x66,0x66,0x66,0x22,
  0x20,0x73,0x74,0x72,0x6f,0x6b,0x65,0x2d,0x6c,0x69,0x6e,0x65,0x63,0x61,0x70,0x3d,
  0x22,0x72,0x6f,0x75,0x6e,0x64,0x22,0x20,0x73,0x74,0x72,0x6f,0x6b,0x65,0x2d,0x6c,
  0x69,0x6e,0x65,0x6a,0x6f,0x69,0x6e,0x3d,0x22,0x72,0x6f,0x75,0x6e,0x64,0x22,0x20,
  0x73,0x74,0x72,0x6f,0x6b,0x65,0x2d,0x77,0x69,0x64,0x74,0x68,0x3d,0x22,0x35,0x2e,
  0x36,0x32,0x35,0x22,0x2f,0x3e,0xd,0xa,0x20,0x20,0x20,0x20,0x20,0x20,0x20,0x20,
  0x3c,0x70,0x61,0x74,0x68,0x20,0x64,0x3d,0x22,0x6d,0x36,0x38,0x31,0x2e,0x39,0x34,
  0x35,0x36,0x31,0x20,0x33,0x32,0x38,0x2e,0x39,0x36,0x38,0x32,0x37,0x2e,0x34,0x34,
  0x34,0x33,0x20,0x31,0x30,0x2e,0x31,0x30,0x32,0x35,0x34,0x20,0x38,0x2e,0x39,0x31,
  0x36,0x2d,0x2e,0x33,0x30,0x37,0x36,0x31,0x2e,0x38,0x33,0x30,0x31,0x20,0x31,0x36,
  0x2e,0x38,0x39,0x39,0x34,0x31,0x20,0x35,0x37,0x2e,0x30,0x34,0x35,0x39,0x2d,0x32,
  0x2e,0x36,0x39,0x35,0x33,0x31,0x2d,0x32,0x2e,0x33,0x33,0x34,0x2d,0x33,0x38,0x2e,
  0x35,0x36,0x39,0x33,0x34,0x2d,0x37,0x2e,0x31,0x34,0x38,0x34,0x2e,0x34,0x37,0x38,
  0x35,0x31,0x20,0x31,0x2e,0x39,0x36,0x37,0x38,0x20,0x33,0x30,0x2e,0x38,0x37,0x38,
  0x39,0x32,0x2d,0x34,0x32,0x2e,0x39,0x33,0x34,0x36,0x20,0x32,0x2e,0x32,0x33,0x31,
  0x34,0x33,0x2d,0x31,0x2e,0x34,0x38,0x34,0x34,0x2d,0x33,0x30,0x2e,0x33,0x32,0x37,
  0x31,0x35,0x2d,0x36,0x2e,0x39,0x36,0x37,0x37,0x2e,0x34,0x36,0x33,0x38,0x38,0x2e,
  0x35,0x31,0x37,0x35,0x20,0x31,0x30,0x2e,0x34,0x30,0x30,0x33,0x39,0x7a,0x22,0x20,
  0x66,0x69,0x6c,0x6c,0x3d,0x22,0x23,0x63,0x39,0x39,0x22,0x2f,0x3e,0xd,0xa,0x20,
  0x20,0x20,0x20,0x20,0x20,0x20,0x20,0x3c,0x70,0x61,0x74,0x68,0x20,0x64,0x3d,0x22,
  0x6d,0x36,0x38,0x38,0x2e,0x37,0x36,0x36,0x39,0x31,0x20,0x32,0x38,0x37,0x2e,0x34,
  0x30,0x35,0x37,0x37,0x20,0x31,0x2e,0x31,0x38,0x36,0x35,0x20,0x32,0x34,0x2e,0x30,
  0x33,0x38,0x30,0x39,0x20,0x36,0x2e,0x39,0x36,0x37,0x38,0x2d,0x2e,0x34,0x38,0x33,
  0x34,0x2d,0x2e,0x37,0x39,0x35,0x39,0x2d,0x31,0x36,0x2e,0x32,0x35,0x34,0x38,0x39,
  0x20,0x34,0x32,0x2e,0x31,0x31,0x39,0x31,0x2d,0x32,0x2e,0x36,0x37,0x30,0x39,0x20,
  0x31,0x2e,0x30,0x32,0x30,0x35,0x20,0x31,0x36,0x2e,0x30,0x31,0x30,0x37,0x35,0x20,
  0x37,0x2e,0x31,0x36,0x38,0x2d,0x2e,0x34,0x39,0x33,0x31,0x36,0x2d,0x31,0x2e,0x34,
  0x32,0x35,0x38,0x2d,0x32,0x33,0x2e,0x35,0x33,0x35,0x31,0x36,0x7a,0x22,0x20,0x66,
  0x69,0x6c,0x6c,0x3d,0x22,0x23,0x63,0x39,0x39,0x22,0x2f,0x3e,0xd,0xa,0x20,0x20,
  0x20,0x20,0x20,0x20,0x20,0x20,0x3c,0x70,0x61,0x74,0x68,0x20,0x64,0x3d,0x22,0x6d,
  0x36,0x38,0x39,0x2e,0x39,0x35,0x33,0x34,0x31,0x20,0x33,0x31,0x31,0x2e,0x34,0x34,
  0x33,0x38,0x36,0x20,0x35,0x36,0x2e,0x34,0x37,0x39,0x35,0x2d,0x33,0x2e,0x38,0x39,
  0x31,0x36,0x2e,0x34,0x31,0x35,0x20,0x36,0x2e,0x38,0x34,0x35,0x37,0x2d,0x35,0x36,
  0x2e,0x35,0x36,0x37,0x33,0x20,0x33,0x2e,0x37,0x32,0x35,0x35,0x39,0x7a,0x22,0x20,
  0x66,0x69,0x6c,0x6c,0x3d,0x22,0x23,0x63,0x39,0x39,0x22,0x2f,0x3e,0xd,0xa,0x20,
  0x20,0x20,0x20,0x20,0x20,0x20,0x20,0x3c,0x70,0x61,0x74,0x68,0x20,0x64,0x3d,0x22,
  0x6d,0x38,0x32,0x32,0x2e,0x32,0x36,0x34,0x31,0x37,0x20,0x32,0x34,0x31,0x2e,0x38,
  0x39,0x36,0x36,0x39,0x20,0x31,0x2e,0x30,0x31,0x30,0x31,0x35,0x20,0x31,0x32,0x2e,
  0x31,0x32,0x31,0x38,0x33,0x20,0x33,0x36,0x2e,0x33,0x36,0x35,0x35,0x2d,0x33,0x2e,
  0x30,0x33,0x30,0x34,0x36,0x76,0x2d,0x31,0x31,0x2e,0x36,0x31,0x36,0x37,0x35,0x7a,
  0x22,0x20,0x66,0x69,0x6c,0x6c,0x3d,0x22,0x23,0x62,0x35,0x66,0x64,0x62,0x35,0x22,
  0x20,0x66,0x69,0x6c,0x6c,0x2d,0x72,0x75,0x6c,0x65,0x3d,0x22,0x65,0x76,0x65,0x6e,
  0x6f,0x64,0x64,0x22,0x20,0x74,0x72,0x61,0x6e,0x73,0x66,0x6f,0x72,0x6d,0x3d,0x22,
  0x74,0x72,0x61,0x6e,0x73,0x6c,0x61,0x74,0x65,0x28,0x2d,0x31,0x32,0x33,0x2e,0x36,
  0x31,0x36,0x34,0x34,0x20,0x35,0x34,0x2e,0x33,0x31,0x30,0x30,0x37,0x29,0x22,0x2f,
  0x3e,0xd,0xa,0x20,0x20,0x20,0x20,0x20,0x20,0x20,0x20,0x3c,0x70,0x61,0x74,0x68,
  0x20,0x64,0x3d,0x22,0x6d,0x36,0x39,0x39,0x2e,0x31,0x32,0x34,0x33,0x31,0x20,0x33,
  0x32,0x31,0x2e,0x33,0x33,0x30,0x34,0x20,0x31,0x2e,0x30,0x31,0x30,0x31,0x35,0x20,
  0x32,0x33,0x2e,0x35,0x35,0x30,0x34,0x31,0x20,0x33,0x38,0x2e,0x35,0x30,0x38,0x33,
  0x36,0x2d,0x31,0x2e,0x36,0x30,0x31,0x38,0x39,0x2d,0x32,0x2e,0x31,0x34,0x32,0x38,
  0x36,0x2d,0x32,0x35,0x2e,0x31,0x38,0x38,0x31,0x38,0x7a,0x22,0x20,0x66,0x69,0x6c,
  0x6c,0x3d,0x22,0x23,0x62,0x35,0x66,0x64,0x62,0x35,0x22,0x20,0x66,0x69,0x6c,0x6c,
  0x2d,0x72,0x75,0x6c,0x65,0x3d,0x22,0x65,0x76,0x65,0x6e,0x6f,0x64,0x64,0x22,0x2f,
  0x3e,0xd,0xa,0x20,0x20,0x20,0x20,0x20,0x20,0x20,0x20,0x3c,0x70,0x61,0x74,0x68,
  0x20,0x64,0x3d,0x22,0x6d,0x37,0x30,0x37,0x2e,0x35,0x39,0x36,0x30,0x37,0x20,0x35,
  0x33,0x33,0x2e,0x38,0x34,0x35,0x31,0x35,0x2e,0x38,0x33,0x31,0x35,0x38,0x20,0x31,
  0x30,0x2e,0x36,0x39,0x33,0x32,0x36,0x20,0x31,0x36,0x2e,0x30,0x30,0x38,0x33,0x36,
  0x2d,0x2e,0x38,0x38,0x37,0x36,0x2d,0x2e,0x33,0x35,0x37,0x31,0x35,0x2d,0x31,0x30,
  0x2e,0x37,0x32,0x33,0x39,0x7a,0x22,0x20,0x66,0x69,0x6c,0x6c,0x3d,0x22,0x23,0x62,
  0x35,0x66,0x64,0x62,0x35,0x22,0x20,0x66,0x69,0x6c,0x6c,0x2d,0x72,0x75,0x6c,0x65,
  0x3d,0x22,0x65,0x76,0x65,0x6e,0x6f,0x64,0x64,0x22,0x2f,0x3e,0xd,0xa,0x20,0x20,
  0x20,0x20,0x20,0x20,0x20,0x20,0x3c,0x70,0x61,0x74,0x68,0x20,0x64,0x3d,0x22,0x6d,
  0x37,0x32,0x36,0x2e,0x38,0x37,0x34,0x33,0x31,0x20,0x35,0x33,0x33,0x2e,0x32,0x39,
  0x34,0x36,0x38,0x2e,0x38,0x33,0x31,0x35,0x38,0x20,0x31,0x30,0x2e,0x36,0x39,0x33,
  0x32,0x37,0x20,0x31,0x38,0x2e,0x35,0x30,0x38,0x33,0x36,0x2d,0x31,0x2e,0x30,0x36,
  0x36,0x31,0x38,0x2d,0x2e,0x31,0x37,0x38,0x35,0x38,0x2d,0x31,0x30,0x2e,0x33,0x36,
  0x36,0x37,0x36,0x7a,0x22,0x20,0x66,0x69,0x6c,0x6c,0x3d,0x22,0x23,0x62,0x35,0x66,
  0x64,0x62,0x35,0x22,0x20,0x66,0x69,0x6c,0x6c,0x2d,0x72,0x75,0x6c,0x65,0x3d,0x22,
  0x65,0x76,0x65,0x6e,0x6f,0x64,0x64,0x22,0x2f,0x3e,0xd,0xa,0x20,0x20,0x20,0x20,
  0x20,0x20,0x20,0x20,0x3c,0x70,0x61,0x74,0x68,0x20,0x64,0x3d,0x22,0x6d,0x37,0x30,
  0x38,0x2e,0x34,0x38,0x31,0x34,0x36,0x20,0x35,0x34,0x37,0x2e,0x39,0x33,0x37,0x35,
  0x34,0x2e,0x38,0x33,0x31,0x35,0x38,0x20,0x31,0x31,0x2e,0x32,0x32,0x38,0x39,0x37,
  0x20,0x31,0x36,0x2e,0x31,0x38,0x36,0x39,0x32,0x2d,0x2e,0x37,0x30,0x39,0x30,0x33,
  0x2d,0x2e,0x38,0x39,0x32,0x38,0x35,0x2d,0x31,0x31,0x2e,0x34,0x33,0x38,0x31,0x38,
  0x7a,0x22,0x20,0x66,0x69,0x6c,0x6c,0x3d,0x22,0x23,0x62,0x35,0x66,0x64,0x62,0x35,
  0x22,0x20,0x66,0x69,0x6c,0x6c,0x2d,0x72,0x75,0x6c,0x65,0x3d,0x22,0x65,0x76,0x65,
  0x6e,0x6f,0x64,0x64,0x22,0x2f,0x3e,0xd,0xa,0x20,0x20,0x20,0x20,0x20,0x20,0x20,
  0x20,0x3c,0x70,0x61,0x74,0x68,0x20,0x64,0x3d,0x22,0x6d,0x37,0x32,0x38,0x2e,0x31,
  0x36,0x30,0x30,0x32,0x20,0x35,0x34,0x37,0x2e,0x30,0x34,0x34,0x36,0x37,0x20,0x31,
  0x2e,0x30,0x31,0x30,0x31,0x35,0x20,0x31,0x30,0x2e,0x36,0x39,0x33,0x32,0x37,0x20,
  0x31,0x37,0x2e,0x39,0x37,0x32,0x36,0x35,0x2d,0x2e,0x35,0x33,0x30,0x34,0x36,0x2d,
  0x2e,0x35,0x33,0x35,0x37,0x32,0x2d,0x31,0x31,0x2e,0x34,0x33,0x38,0x31,0x39,0x7a,
  0x22,0x20,0x66,0x69,0x6c,0x6c,0x3d,0x22,0x23,0x62,0x35,0x66,0x64,0x62,0x35,0x22,
  0x20,0x66,0x69,0x6c,0x6c,0x2d,0x72,0x75,0x6c,0x65,0x3d,0x22,0x65,0x76,0x65,0x6e,
  0x6f,0x64,0x64,0x22,0x2f,0x3e,0xd,0xa,0x20,0x20,0x20,0x20,0x20,0x20,0x20,0x20,
  0x3c,0x70,0x61,0x74,0x68,0x20,0x64,0x3d,0x22,0x6d,0x37,0x31,0x30,0x2e,0x31,0x31,
  0x39,0x31,0x35,0x20,0x35,0x37,0x31,0x2e,0x36,0x31,0x31,0x31,0x33,0x2e,0x34,0x31,
  0x38,0x37,0x38,0x20,0x31,0x31,0x2e,0x30,0x39,0x39,0x34,0x36,0x20,0x33,0x38,0x2e,
  0x33,0x37,0x33,0x35,0x37,0x2d,0x31,0x2e,0x36,0x37,0x36,0x30,0x39,0x2d,0x2e,0x34,
  0x39,0x33,0x33,0x32,0x2d,0x31,0x31,0x2e,0x31,0x33,0x36,0x33,0x32,0x7a,0x22,0x20,
  0x66,0x69,0x6c,0x6c,0x3d,0x22,0x23,0x62,0x35,0x66,0x64,0x62,0x35,0x22,0x20,0x66,
  0x69,0x6c,0x6c,0x2d,0x72,0x75,0x6c,0x65,0x3d,0x22,0x65,0x76,0x65,0x6e,0x6f,0x64,
  0x64,0x22,0x2f,0x3e,0xd,0xa,0x20,0x20,0x20,0x20,0x20,0x20,0x20,0x20,0x3c,0x70,
  0x61,0x74,0x68,0x20,0x64,0x3d,0x22,0x6d,0x36,0x32,0x36,0x2e,0x36,0x34,0x36,0x38,
  0x31,0x20,0x35,0x32,0x39,0x2e,0x39,0x38,0x33,0x31,0x2e,0x35,0x30,0x35,0x30,0x38,
  0x20,0x31,0x30,0x2e,0x38,0x34,0x31,0x32,0x63,0x37,0x2e,0x32,0x35,0x37,0x38,0x2e,
  0x35,0x39,0x35,0x32,0x33,0x20,0x31,0x33,0x2e,0x36,0x34,0x38,0x36,0x32,0x2d,0x2e,
  0x36,0x35,0x38,0x33,0x32,0x20,0x31,0x38,0x2e,0x37,0x34,0x32,0x39,0x34,0x2d,0x2e,
  0x32,0x33,0x34,0x36,0x6c,0x2e,0x34,0x34,0x33,0x38,0x31,0x2d,0x31,0x31,0x2e,0x37,
  0x30,0x33,0x34,0x7a,0x22,0x20,0x66,0x69,0x6c,0x6c,0x3d,0x22,0x23,0x62,0x35,0x66,
  0x64,0x62,0x35,0x22,0x20,0x66,0x69,0x6c,0x6c,0x2d,0x72,0x75,0x6c,0x65,0x3d,0x22,
  0x65,0x76,0x65,0x6e,0x6f,0x64,0x64,0x22,0x2f,0x3e,0xd,0xa,0x20,0x20,0x20,0x20,
  0x20,0x20,0x20,0x20,0x3c,0x70,0x61,0x74,0x68,0x20,0x64,0x3d,0x22,0x6d,0x36,0x33,
  0x33,0x2e,0x36,0x36,0x30,0x33,0x31,0x20,0x35,0x33,0x30,0x2e,0x38,0x34,0x33,0x33,
  0x34,0x2e,0x34,0x32,0x31,0x32,0x38,0x20,0x35,0x2e,0x33,0x35,0x35,0x37,0x37,0x20,
  0x34,0x2e,0x34,0x37,0x31,0x33,0x39,0x2d,0x2e,0x32,0x38,0x33,0x38,0x32,0x2d,0x2e,
  0x30,0x37,0x34,0x39,0x35,0x2d,0x35,0x2e,0x33,0x35,0x39,0x30,0x32,0x22,0x20,0x66,
  0x69,0x6c,0x6c,0x3d,0x22,0x23,0x63,0x39,0x39,0x22,0x2f,0x3e,0xd,0xa,0x20,0x20,
  0x20,0x20,0x20,0x20,0x20,0x20,0x3c,0x70,0x61,0x74,0x68,0x20,0x64,0x3d,0x22,0x6d,
  0x35,0x38,0x32,0x2e,0x34,0x38,0x33,0x32,0x36,0x20,0x35,0x34,0x37,0x2e,0x33,0x32,
  0x36,0x34,0x38,0x2d,0x2e,0x35,0x30,0x35,0x30,0x37,0x20,0x31,0x31,0x2e,0x33,0x34,
  0x36,0x32,0x38,0x63,0x37,0x2e,0x32,0x35,0x37,0x38,0x2e,0x35,0x39,0x35,0x32,0x33,
  0x20,0x36,0x37,0x2e,0x34,0x33,0x39,0x32,0x34,0x2d,0x31,0x2e,0x34,0x31,0x35,0x39,
  0x34,0x20,0x37,0x32,0x2e,0x35,0x33,0x33,0x35,0x36,0x2d,0x2e,0x39,0x39,0x32,0x32,
  0x32,0x6c,0x37,0x2e,0x32,0x36,0x32,0x33,0x34,0x2d,0x31,0x31,0x2e,0x34,0x35,0x30,
  0x38,0x36,0x7a,0x22,0x20,0x66,0x69,0x6c,0x6c,0x3d,0x22,0x23,0x62,0x35,0x66,0x64,
  0x62,0x35,0x22,0x20,0x66,0x69,0x6c,0x6c,0x2d,0x72,0x75,0x6c,0x65,0x3d,0x22,0x65,
  0x76,0x65,0x6e,0x6f,0x64,0x64,0x22,0x2f,0x3e,0xd,0xa,0x20,0x20,0x20,0x20,0x20,
  0x20,0x20,0x20,0x3c,0x70,0x61,0x74,0x68,0x20,0x64,0x3d,0x22,0x6d,0x35,0x39,0x34,
  0x2e,0x38,0x35,0x37,0x36,0x33,0x20,0x35,0x33,0x30,0x2e,0x34,0x30,0x36,0x34,0x32,
  0x20,0x31,0x2e,0x37,0x36,0x37,0x37,0x37,0x20,0x35,0x36,0x2e,0x32,0x39,0x38,0x30,
  0x36,0x63,0x33,0x2e,0x39,0x37,0x34,0x38,0x2d,0x31,0x2e,0x31,0x37,0x32,0x35,0x33,
  0x20,0x34,0x2e,0x33,0x30,0x34,0x37,0x31,0x2d,0x2e,0x39,0x31,0x30,0x38,0x36,0x20,
  0x38,0x2e,0x36,0x34,0x31,0x34,0x31,0x2d,0x31,0x2e,0x37,0x34,0x39,0x38,0x33,0x6c,
  0x2d,0x31,0x2e,0x35,0x37,0x36,0x34,0x39,0x2d,0x35,0x35,0x2e,0x31,0x33,0x39,0x39,
  0x36,0x7a,0x22,0x20,0x66,0x69,0x6c,0x6c,0x3d,0x22,0x23,0x62,0x35,0x66,0x64,0x62,
  0x35,0x22,0x20,0x66,0x69,0x6c,0x6c,0x2d,0x72,0x75,0x6c,0x65,0x3d,0x22,0x65,0x76,
  0x65,0x6e,0x6f,0x64,0x64,0x22,0x2f,0x3e,0xd,0xa,0x20,0x20,0x20,0x20,0x20,0x20,
  0x20,0x20,0x3c,0x70,0x61,0x74,0x68,0x20,0x64,0x3d,0x22,0x6d,0x31,0x34,0x31,0x2e,
  0x35,0x30,0x37,0x35,0x37,0x20,0x36,0x38,0x30,0x2e,0x32,0x33,0x30,0x31,0x37,0x20,
  0x34,0x35,0x2e,0x34,0x36,0x37,0x35,0x32,0x20,0x35,0x33,0x2e,0x33,0x35,0x36,0x33,
  0x34,0x20,0x34,0x30,0x2e,0x38,0x30,0x36,0x33,0x38,0x20,0x33,0x35,0x2e,0x38,0x34,
  0x39,0x30,0x34,0x20,0x34,0x30,0x2e,0x32,0x39,0x31,0x33,0x32,0x20,0x36,0x33,0x2e,
  0x32,0x39,0x30,0x39,0x31,0x20,0x39,0x39,0x2e,0x30,0x31,0x30,0x30,0x38,0x20,0x31,
  0x32,0x31,0x2e,0x39,0x34,0x34,0x30,0x31,0x22,0x20,0x66,0x69,0x6c,0x6c,0x3d,0x22,
  0x6e,0x6f,0x6e,0x65,0x22,0x20,0x73,0x74,0x72,0x6f,0x6b,0x65,0x3d,0x22,0x23,0x34,
  0x32,0x34,0x32,0x34,0x32,0x22,0x20,0x73,0x74,0x72,0x6f,0x6b,0x65,0x2d,0x77,0x69,
  0x64,0x74,0x68,0x3d,0x22,0x32,0x2e,0x35,0x22,0x2f,0x3e,0xd,0xa,0x20,0x20,0x20,
  0x20,0x20,0x20,0x20,0x20,0x3c,0x70,0x61,0x74,0x68,0x20,0x64,0x3d,0x22,0x6d,0x33,
  0x38,0x30,0x2e,0x33,0x38,0x37,0x39,0x37,0x20,0x31,0x30,0x32,0x33,0x2e,0x38,0x30,
  0x37,0x32,0x2e,0x34,0x37,0x33,0x36,0x34,0x2d,0x31,0x37,0x2e,0x33,0x37,0x33,0x2d,
  0x38,0x2e,0x38,0x33,0x33,0x30,0x31,0x2d,0x32,0x38,0x2e,0x39,0x32,0x31,0x30,0x35,
  0x2d,0x31,0x30,0x2e,0x33,0x35,0x31,0x35,0x36,0x2d,0x32,0x31,0x2e,0x30,0x31,0x35,
  0x36,0x33,0x2d,0x38,0x2e,0x39,0x39,0x34,0x31,0x34,0x2d,0x38,0x2e,0x35,0x30,0x35,
  0x38,0x37,0x2d,0x39,0x31,0x2e,0x31,0x37,0x36,0x37,0x35,0x2d,0x31,0x31,0x38,0x2e,
  0x34,0x35,0x36,0x39,0x38,0x2d,0x33,0x37,0x2e,0x39,0x32,0x34,0x38,0x31,0x2d,0x35,
  0x36,0x2e,0x33,0x31,0x33,0x34,0x37,0x2d,0x33,0x38,0x2e,0x39,0x37,0x34,0x36,0x32,
  0x2d,0x33,0x37,0x2e,0x34,0x35,0x31,0x31,0x36,0x2d,0x34,0x34,0x2e,0x31,0x34,0x35,
  0x35,0x2d,0x35,0x32,0x2e,0x36,0x37,0x35,0x37,0x39,0x2d,0x32,0x35,0x2e,0x30,0x33,
  0x34,0x31,0x38,0x2d,0x35,0x2e,0x37,0x32,0x37,0x35,0x34,0x22,0x20,0x66,0x69,0x6c,
  0x6c,0x3d,0x22,0x6e,0x6f,0x6e,0x65,0x22,0x20,0x73,0x74,0x72,0x6f,0x6b,0x65,0x3d,
  0x22,0x23,0x66,0x61,0x37,0x66,0x37,0x30,0x22,0x20,0x73,0x74,0x72,0x6f,0x6b,0x65,
  0x2d,0x6c,0x69,0x6e,0x65,0x63,0x61,0x70,0x3d,0x22,0x72,0x6f,0x75,0x6e,0x64,0x22,
  0x20,0x73,0x74,0x72,0x6f,0x6b,0x65,0x2d,0x6c,0x69,0x6e,0x65,0x6a,0x6f,0x69,0x6e,
  0x3d,0x22,0x72,0x6f,0x75,0x6e,0x64,0x22,0x20,0x73,0x74,0x72,0x6f,0x6b,0x65,0x2d,
  0x77,0x69,0x64,0x74,0x68,0x3d,0x22,0x32,0x2e,0x35,0x22,0x2f,0x3e,0xd,0xa,0x20,
  0x20,0x20,0x20,0x20,0x20,0x20,0x20,0x3c,0x70,0x61,0x74,0x68,0x20,0x64,0x3d,0x22,
  0x6d,0x33,0x33,0x31,0x2e,0x35,0x35,0x36,0x33,0x33,0x20,0x32,0x32,0x35,0x2e,0x33,
  0x38,0x30,0x31,0x36,0x63,0x2d,0x31,0x2e,0x35,0x39,0x30,0x32,0x31,0x20,0x33,0x2e,
  0x30,0x31,0x33,0x39,0x2d,0x2e,0x39,0x32,0x38,0x31,0x31,0x20,0x35,0x2e,0x33,0x38,
  0x34,0x31,0x33,0x2e,0x38,0x32,0x36,0x38,0x32,0x20,0x38,0x2e,0x31,0x31,0x30,0x34,
  0x20,0x31,0x2e,0x32,0x34,0x33,0x33,0x38,0x20,0x31,0x2e,0x39,0x33,0x31,0x35,0x36,
  0x20,0x31,0x35,0x2e,0x38,0x31,0x35,0x31,0x20,0x31,0x2e,0x31,0x35,0x31,0x36,0x31,
  0x20,0x31,0x35,0x2e,0x37,0x39,0x34,0x32,0x37,0x2d,0x2e,0x37,0x34,0x30,0x39,0x37,
  0x2d,0x2e,0x30,0x32,0x35,0x35,0x33,0x2d,0x32,0x2e,0x33,0x31,0x39,0x39,0x39,0x20,
  0x31,0x2e,0x30,0x38,0x35,0x36,0x36,0x2d,0x33,0x2e,0x36,0x37,0x33,0x39,0x38,0x2d,
  0x2e,0x33,0x34,0x31,0x30,0x31,0x2d,0x36,0x2e,0x35,0x30,0x38,0x37,0x37,0x2d,0x31,
  0x2e,0x33,0x30,0x36,0x32,0x33,0x2d,0x32,0x2e,0x35,0x39,0x35,0x35,0x2d,0x31,0x35,
  0x2e,0x33,0x35,0x37,0x39,0x39,0x2d,0x32,0x2e,0x36,0x30,0x38,0x33,0x2d,0x31,0x36,
  0x2e,0x32,0x38,0x30,0x30,0x38,0x2d,0x2e,0x38,0x36,0x30,0x36,0x36,0x7a,0x22,0x20,
  0x66,0x69,0x6c,0x6c,0x3d,0x22,0x23,0x62,0x35,0x66,0x64,0x62,0x35,0x22,0x20,0x66,
  0x69,0x6c,0x6c,0x2d,0x72,0x75,0x6c,0x65,0x3d,0x22,0x65,0x76,0x65,0x6e,0x6f,0x64,
  0x64,0x22,0x2f,0x3e,0xd,0xa,0x20,0x20,0x20,0x20,0x20,0x20,0x20,0x20,0x3c,0x70,
  0x61,0x74,0x68,0x20,0x64,0x3d,0x22,0x6d,0x33,0x36,0x37,0x2e,0x33,0x38,0x39,0x30,
  0x32,0x20,0x32,0x37,0x34,0x2e,0x37,0x36,0x39,0x36,0x35,0x63,0x35,0x2e,0x34,0x34,
  0x34,0x34,0x39,0x2d,0x32,0x2e,0x37,0x30,0x32,0x36,0x20,0x37,0x2e,0x36,0x35,0x36,
  0x32,0x37,0x2d,0x34,0x2e,0x35,0x36,0x37,0x37,0x20,0x31,0x30,0x2e,0x35,0x34,0x37,
  0x33,0x2d,0x32,0x2e,0x39,0x39,0x38,0x32,0x36,0x20,0x39,0x2e,0x32,0x38,0x34,0x20,
  0x35,0x2e,0x30,0x33,0x39,0x39,0x36,0x20,0x31,0x32,0x2e,0x32,0x36,0x38,0x36,0x31,
  0x20,0x31,0x36,0x2e,0x32,0x37,0x32,0x36,0x38,0x20,0x32,0x34,0x2e,0x38,0x31,0x32,
  0x39,0x37,0x20,0x31,0x39,0x2e,0x34,0x36,0x39,0x31,0x33,0x20,0x31,0x33,0x2e,0x35,
  0x30,0x36,0x30,0x37,0x20,0x33,0x2e,0x34,0x34,0x31,0x35,0x31,0x20,0x33,0x31,0x2e,
  0x35,0x34,0x34,0x30,0x31,0x20,0x31,0x2e,0x37,0x35,0x30,0x37,0x32,0x20,0x33,0x35,
  0x2e,0x36,0x34,0x39,0x37,0x39,0x20,0x33,0x2e,0x36,0x33,0x32,0x32,0x39,0x20,0x31,
  0x31,0x2e,0x39,0x37,0x32,0x37,0x39,0x20,0x35,0x2e,0x34,0x38,0x36,0x38,0x32,0x20,
  0x32,0x30,0x2e,0x31,0x32,0x35,0x34,0x31,0x20,0x38,0x2e,0x37,0x31,0x39,0x36,0x38,
  0x20,0x32,0x38,0x2e,0x37,0x39,0x32,0x33,0x31,0x20,0x31,0x30,0x2e,0x34,0x32,0x38,
  0x35,0x32,0x6c,0x32,0x33,0x2e,0x35,0x36,0x38,0x32,0x31,0x2e,0x35,0x31,0x35,0x31,
  0x37,0x22,0x20,0x66,0x69,0x6c,0x6c,0x3d,0x22,0x6e,0x6f,0x6e,0x65,0x22,0x20,0x73,
  0x74,0x72,0x6f,0x6b,0x65,0x3d,0x22,0x23,0x66,0x61,0x37,0x66,0x37,0x30,0x22,0x20,
  0x73,0x74,0x72,0x6f,0x6b,0x65,0x2d,0x6c,0x69,0x6e,0x65,0x63,0x61,0x70,0x3d,0x22,
  0x72,0x6f,0x75,0x6e,0x64,0x22,0x20,0x73,0x74,0x72,0x6f,0x6b,0x65,0x2d,0x6c,0x69,
  0x6e,0x65,0x6a,0x6f,0x69,0x6e,0x3d,0x22,0x72,0x6f,0x75,0x6e,0x64,0x22,0x20,0x73,
  0x74,0x72,0x6f,0x6b,0x65,0x2d,0x77,0x69,0x64,0x74,0x68,0x3d,0x22,0x32,0x2e,0x35,
  0x22,0x2f,0x3e,0xd,0xa,0x20,0x20,0x20,0x20,0x20,0x20,0x20,0x20,0x3c,0x70,0x61,
  0x74,0x68,0x20,0x64,0x3d,0x22,0x6d,0x38,0x31,0x37,0x2e,0x34,0x38,0x33,0x35,0x32,
  0x20,0x31,0x33,0x34,0x2e,0x30,0x36,0x38,0x36,0x68,0x39,0x2e,0x35,0x30,0x30,0x31,
  0x31,0x34,0x76,0x38,0x2e,0x35,0x37,0x30,0x37,0x38,0x38,0x68,0x2d,0x39,0x2e,0x35,
  0x30,0x30,0x31,0x31,0x34,0x7a,0x22,0x20,0x66,0x69,0x6c,0x6c,0x3d,0x22,0x23,0x63,
  0x39,0x39,0x22,0x20,0x74,0x72,0x61,0x6e,0x73,0x66,0x6f,0x72,0x6d,0x3d,0x22,0x6d,
  0x61,0x74,0x72,0x69,0x78,0x28,0x2e,0x39,0x37,0x38,0x31,0x34,0x31,0x20,0x2e,0x32,
  0x30,0x37,0x39,0x34,0x32,0x37,0x20,0x2d,0x2e,0x32,0x30,0x37,0x39,0x34,0x32,0x37,
  0x20,0x2e,0x39,0x37,0x38,0x31,0x34,0x31,0x20,0x30,0x20,0x30,0x29,0x22,0x2f,0x3e,
  0xd,0xa,0x20,0x20,0x20,0x20,0x20,0x20,0x20,0x20,0x3c,0x70,0x61,0x74,0x68,0x20,
  0x64,0x3d,0x22,0x6d,0x38,0x36,0x33,0x2e,0x31,0x30,0x30,0x34,0x36,0x2d,0x37,0x36,
  0x2e,0x34,0x37,0x37,0x39,0x38,0x39,0x68,0x39,0x2e,0x30,0x31,0x33,0x30,0x39,0x31,
  0x76,0x37,0x2e,0x37,0x30,0x38,0x33,0x39,0x32,0x68,0x2d,0x39,0x2e,0x30,0x31,0x33,
  0x30,0x39,0x31,0x7a,0x22,0x20,0x66,0x69,0x6c,0x6c,0x3d,0x22,0x23,0x63,0x39,0x39,
  0x22,0x20,0x74,0x72,0x61,0x6e,0x73,0x66,0x6f,0x72,0x6d,0x3d,0x22,0x6d,0x61,0x74,
  0x72,0x69,0x78,0x28,0x2e,0x38,0x39,0x36,0x39,0x35,0x33,0x37,0x20,0x2e,0x34,0x34,
  0x32,0x31,0x32,0x34,0x34,0x20,0x2d,0x2e,0x34,0x34,0x32,0x31,0x32,0x34,0x34,0x20,
  0x2e,0x38,0x39,0x36,0x39,0x35,0x33,0x37,0x20,0x30,0x20,0x30,0x29,0x22,0x2f,0x3e,
  0xd,0xa,0x20,0x20,0x20,0x20,0x20,0x20,0x20,0x20,0x3c,0x70,0x61,0x74,0x68,0x20,
  0x64,0x3d,0x22,0x6d,0x38,0x36,0x37,0x2e,0x39,0x39,0x32,0x31,0x33,0x2d,0x32,0x31,
  0x34,0x2e,0x31,0x31,0x34,0x36,0x39,0x68,0x39,0x2e,0x34,0x38,0x35,0x33,0x35,0x39,
  0x76,0x36,0x2e,0x31,0x39,0x31,0x30,0x31,0x39,0x68,0x2d,0x39,0x2e,0x34,0x38,0x35,
  0x33,0x35,0x39,0x7a,0x22,0x20,0x66,0x69,0x6c,0x6c,0x3d,0x22,0x23,0x63,0x39,0x39,
  0x22,0x20,0x74,0x72,0x61,0x6e,0x73,0x66,0x6f,0x72,0x6d,0x3d,0x22,0x6d,0x61,0x74,
  0x72,0x69,0x78,0x28,0x2e,0x38,0x31,0x34,0x33,0x32,0x38,0x35,0x20,0x2e,0x35,0x38,
  0x30,0x34,0x30,0x34,0x32,0x20,0x2d,0x2e,0x35,0x38,0x30,0x34,0x30,0x34,0x32,0x20,
  0x2e,0x38,0x31,0x34,0x33,0x32,0x38,0x35,0x20,0x30,0x20,0x30,0x29,0x22,0x2f,0x3e,
  0xd,0xa,0x20,0x20,0x20,0x20,0x20,0x20,0x20,0x20,0x3c,0x70,0x61,0x74,0x68,0x20,
  0x64,0x3d,0x22,0x6d,0x38,0x34,0x33,0x2e,0x39,0x30,0x33,0x39,0x33,0x2d,0x33,0x38,
  0x37,0x2e,0x34,0x33,0x31,0x31,0x32,0x68,0x39,0x2e,0x38,0x38,0x34,0x39,0x30,0x32,
  0x76,0x35,0x2e,0x37,0x35,0x36,0x35,0x39,0x39,0x68,0x2d,0x39,0x2e,0x38,0x38,0x34,
  0x39,0x30,0x32,0x7a,0x22,0x20,0x66,0x69,0x6c,0x6c,0x3d,0x22,0x23,0x63,0x39,0x39,
  0x22,0x20,0x74,0x72,0x61,0x6e,0x73,0x66,0x6f,0x72,0x6d,0x3d,0x22,0x6d,0x61,0x74,
  0x72,0x69,0x78,0x28,0x2e,0x36,0x38,0x30,0x38,0x36,0x31,0x31,0x20,0x2e,0x37,0x33,
  0x32,0x34,0x31,0x32,0x35,0x20,0x2d,0x2e,0x37,0x33,0x32,0x34,0x31,0x32,0x35,0x20,
  0x2e,0x36,0x38,0x30,0x38,0x36,0x31,0x31,0x20,0x30,0x20,0x30,0x29,0x22,0x2f,0x3e,
  0xd,0xa,0x20,0x20,0x20,0x20,0x20,0x20,0x20,0x20,0x3c,0x70,0x61,0x74,0x68,0x20,
  0x64,0x3d,0x22,0x6d,0x36,0x38,0x31,0x2e,0x37,0x33,0x36,0x32,0x31,0x2d,0x36,0x37,
  0x31,0x2e,0x33,0x36,0x36,0x35,0x38,0x68,0x37,0x2e,0x38,0x33,0x36,0x31,0x30,0x31,
  0x76,0x34,0x2e,0x31,0x37,0x37,0x39,0x33,0x39,0x68,0x2d,0x37,0x2e,0x38,0x33,0x36,
  0x31,0x30,0x31,0x7a,0x22,0x20,0x66,0x69,0x6c,0x6c,0x3d,0x22,0x23,0x63,0x39,0x39,
  0x22,0x20,0x74,0x72,0x61,0x6e,0x73,0x66,0x6f,0x72,0x6d,0x3d,0x22,0x6d,0x61,0x74,
  0x72,0x69,0x78,0x28,0x2e,0x33,0x36,0x36,0x32,0x32,0x33,0x37,0x20,0x2e,0x39,0x33,
  0x30,0x35,0x32,0x36,0x38,0x20,0x2d,0x2e,0x39,0x33,0x30,0x35,0x32,0x36,0x38,0x20,
  0x2e,0x33,0x36,0x36,0x32,0x32,0x33,0x37,0x20,0x30,0x20,0x30,0x29,0x22,0x2f,0x3e,
  0xd,0xa,0x20,0x20,0x20,0x20,0x20,0x20,0x20,0x20,0x3c,0x70,0x61,0x74,0x68,0x20,
  0x64,0x3d,0x22,0x6d,0x33,0x31,0x34,0x2e,0x39,0x30,0x32,0x37,0x31,0x2d,0x39,0x34,
  0x34,0x2e,0x35,0x32,0x35,0x30,0x32,0x68,0x38,0x2e,0x35,0x39,0x39,0x30,0x37,0x34,
  0x76,0x34,0x2e,0x34,0x31,0x33,0x37,0x39,0x32,0x68,0x2d,0x38,0x2e,0x35,0x39,0x39,
  0x30,0x37,0x34,0x7a,0x22,0x20,0x66,0x69,0x6c,0x6c,0x3d,0x22,0x23,0x63,0x39,0x39,
  0x22,0x20,0x74,0x72,0x61,0x6e,0x73,0x66,0x6f,0x72,0x6d,0x3d,0x22,0x6d,0x61,0x74,
  0x72,0x69,0x78,0x28,0x2d,0x2e,0x31,0x36,0x33,0x31,0x30,0x39,0x36,0x20,0x2e,0x39,
  0x38,0x36,0x36,0x30,0x38,0x20,0x2d,0x2e,0x39,0x38,0x36,0x36,0x30,0x38,0x20,0x2d,
  0x2e,0x31,0x36,0x33,0x31,0x30,0x39,0x36,0x20,0x30,0x20,0x30,0x29,0x22,0x2f,0x3e,
  0xd,0xa,0x20,0x20,0x20,0x20,0x20,0x20,0x20,0x20,0x3c,0x70,0x61,0x74,0x68,0x20,
  0x64,0x3d,0x22,0x6d,0x2d,0x33,0x2e,0x37,0x35,0x36,0x35,0x37,0x38,0x2d,0x31,0x30,
  0x30,0x31,0x2e,0x31,0x38,0x32,0x39,0x68,0x39,0x2e,0x36,0x31,0x38,0x36,0x37,0x32,
  0x76,0x34,0x2e,0x38,0x38,0x38,0x34,0x37,0x37,0x68,0x2d,0x39,0x2e,0x36,0x31,0x38,
  0x36,0x37,0x32,0x7a,0x22,0x20,0x66,0x69,0x6c,0x6c,0x3d,0x22,0x23,0x63,0x39,0x39,
  0x22,0x20,0x74,0x72,0x61,0x6e,0x73,0x66,0x6f,0x72,0x6d,0x3d,0x22,0x6d,0x61,0x74,
  0x72,0x69,0x78,0x28,0x2d,0x2e,0x34,0x39,0x37,0x38,0x30,0x37,0x38,0x20,0x2e,0x38,
  0x36,0x37,0x32,0x38,0x37,0x34,0x20,0x2d,0x2e,0x38,0x36,0x37,0x32,0x38,0x37,0x34,
  0x20,0x2d,0x2e,0x34,0x39,0x37,0x38,0x30,0x37,0x38,0x20,0x30,0x20,0x30,0x29,0x22,
  0x2f,0x3e,0xd,0xa,0x20,0x20,0x20,0x20,0x20,0x20,0x20,0x20,0x3c,0x70,0x61,0x74,
  0x68,0x20,0x64,0x3d,0x22,0x6d,0x2d,0x33,0x36,0x31,0x2e,0x36,0x31,0x30,0x30,0x35,
  0x2d,0x39,0x33,0x31,0x2e,0x36,0x39,0x35,0x33,0x37,0x68,0x31,0x36,0x2e,0x37,0x32,
  0x32,0x37,0x37,0x33,0x76,0x34,0x2e,0x39,0x34,0x39,0x36,0x30,0x31,0x68,0x2d,0x31,
  0x36,0x2e,0x37,0x32,0x32,0x37,0x37,0x33,0x7a,0x22,0x20,0x66,0x69,0x6c,0x6c,0x3d,
  0x22,0x23,0x63,0x39,0x39,0x22,0x20,0x74,0x72,0x61,0x6e,0x73,0x66,0x6f,0x72,0x6d,
  0x3d,0x22,0x6d,0x61,0x74,0x72,0x69,0x78,0x28,0x2d,0x2e,0x37,0x39,0x37,0x33,0x35,
  0x39,0x36,0x20,0x2e,0x36,0x30,0x33,0x35,0x30,0x34,0x35,0x20,0x2d,0x2e,0x36,0x30,
  0x33,0x35,0x30,0x34,0x35,0x20,0x2d,0x2e,0x37,0x39,0x37,0x33,0x35,0x39,0x36,0x20,
  0x30,0x20,0x30,0x29,0x22,0x2f,0x3e,0xd,0xa,0x20,0x20,0x20,0x20,0x20,0x20,0x20,
  0x20,0x3c,0x70,0x61,0x74,0x68,0x20,0x64,0x3d,0x22,0x6d,0x39,0x30,0x33,0x2e,0x34,
  0x30,0x32,0x35,0x33,0x2d,0x33,0x38,0x30,0x2e,0x37,0x32,0x30,0x38,0x39,0x68,0x35,
  0x2e,0x37,0x36,0x31,0x32,0x34,0x34,0x76,0x37,0x2e,0x31,0x31,0x30,0x39,0x31,0x37,
  0x68,0x2d,0x35,0x2e,0x37,0x36,0x31,0x32,0x34,0x34,0x7a,0x22,0x20,0x66,0x69,0x6c,
  0x6c,0x3d,0x22,0x23,0x63,0x39,0x39,0x22,0x20,0x74,0x72,0x61,0x6e,0x73,0x66,0x6f,
  0x72,0x6d,0x3d,0x22,0x6d,0x61,0x74,0x72,0x69,0x78,0x28,0x2e,0x35,0x35,0x30,0x31,
  0x31,0x34,0x37,0x20,0x2e,0x38,0x33,0x35,0x30,0x38,0x39,0x31,0x20,0x2d,0x2e,0x38,
  0x33,0x35,0x30,0x38,0x39,0x31,0x20,0x2e,0x35,0x35,0x30,0x31,0x31,0x34,0x37,0x20,
  0x30,0x20,0x30,0x29,0x22,0x2f,0x3e,0xd,0xa,0x20,0x20,0x20,0x20,0x20,0x20,0x20,
  0x20,0x3c,0x70,0x61,0x74,0x68,0x20,0x64,0x3d,0x22,0x6d,0x37,0x30,0x35,0x2e,0x32,
  0x37,0x34,0x36,0x36,0x20,0x36,0x34,0x37,0x2e,0x30,0x33,0x36,0x36,0x32,0x68,0x38,
  0x2e,0x39,0x34,0x32,0x38,0x34,0x36,0x76,0x33,0x2e,0x38,0x38,0x31,0x39,0x34,0x35,
  0x68,0x2d,0x38,0x2e,0x39,0x34,0x32,0x38,0x34,0x36,0x7a,0x22,0x20,0x66,0x69,0x6c,
  0x6c,0x3d,0x22,0x23,0x63,0x39,0x39,0x22,0x20,0x74,0x72,0x61,0x6e,0x73,0x66,0x6f,
  0x72,0x6d,0x3d,0x22,0x6d,0x61,0x74,0x72,0x69,0x78,0x28,0x2e,0x39,0x39,0x33,0x31,
  0x35,0x39,0x35,0x20,0x2d,0x2e,0x31,0x31,0x36,0x37,0x36,0x35,0x36,0x20,0x2e,0x31,
  0x31,0x36,0x37,0x36,0x35,0x36,0x20,0x2e,0x39,0x39,0x33,0x31,0x35,0x39,0x35,0x20,
  0x30,0x20,0x30,0x29,0x22,0x2f,0x3e,0xd,0xa,0x20,0x20,0x20,0x20,0x20,0x20,0x20,
  0x20,0x3c,0x70,0x61,0x74,0x68,0x20,0x64,0x3d,0x22,0x6d,0x33,0x30,0x33,0x2e,0x35,
  0x38,0x30,0x32,0x39,0x20,0x33,0x30,0x34,0x2e,0x38,0x37,0x38,0x39,0x38,0x20,0x31,
  0x31,0x2e,0x36,0x37,0x37,0x39,0x37,0x2d,0x33,0x2e,0x32,0x31,0x35,0x22,0x20,0x66,
  0x69,0x6c,0x6c,0x3d,0x22,0x6e,0x6f,0x6e,0x65,0x22,0x20,0x73,0x74,0x72,0x6f,0x6b,
  0x65,0x3d,0x22,0x23,0x30,0x30,0x30,0x22,0x20,0x73,0x74,0x72,0x6f,0x6b,0x65,0x2d,
  0x77,0x69,0x64,0x74,0x68,0x3d,0x22,0x37,0x2e,0x35,0x22,0x2f,0x3e,0xd,0xa,0x20,
  0x20,0x20,0x20,0x20,0x20,0x20,0x20,0x3c,0x70,0x61,0x74,0x68,0x20,0x64,0x3d,0x22,
  0x6d,0x33,0x30,0x34,0x2e,0x33,0x37,0x31,0x30,0x39,0x20,0x33,0x30,0x34,0x2e,0x37,
  0x30,0x38,0x30,0x33,0x20,0x31,0x30,0x2e,0x33,0x31,0x30,0x36,0x37,0x2d,0x32,0x2e,
  0x35,0x38,0x37,0x33,0x37,0x22,0x20,0x66,0x69,0x6c,0x6c,0x3d,0x22,0x6e,0x6f,0x6e,
  0x65,0x22,0x20,0x73,0x74,0x72,0x6f,0x6b,0x65,0x3d,0x22,0x23,0x66,0x66,0x66,0x22,
  0x20,0x73,0x74,0x72,0x6f,0x6b,0x65,0x2d,0x6c,0x69,0x6e,0x65,0x63,0x61,0x70,0x3d,
  0x22,0x72,0x6f,0x75,0x6e,0x64,0x22,0x20,0x73,0x74,0x72,0x6f,0x6b,0x65,0x2d,0x6c,
  0x69,0x6e,0x65,0x6a,0x6f,0x69,0x6e,0x3d,0x22,0x72,0x6f,0x75,0x6e,0x64,0x22,0x20,
  0x73,0x74,0x72,0x6f,0x6b,0x65,0x2d,0x77,0x69,0x64,0x74,0x68,0x3d,0x22,0x35,0x2e,
  0x36,0x32,0x35,0x22,0x2f,0x3e,0xd,0xa,0x20,0x20,0x20,0x20,0x20,0x20,0x20,0x20,
  0x3c,0x70,0x61,0x74,0x68,0x20,0x64,0x3d,0x22,0x6d,0x33,0x31,0x37,0x2e,0x35,0x30,
  0x38,0x38,0x37,0x20,0x33,0x34,0x38,0x2e,0x38,0x30,0x37,0x35,0x35,0x20,0x31,0x32,
  0x2e,0x33,0x39,0x32,0x32,0x35,0x20,0x33,0x2e,0x32,0x31,0x33,0x35,0x37,0x22,0x20,
  0x66,0x69,0x6c,0x6c,0x3d,0x22,0x6e,0x6f,0x6e,0x65,0x22,0x20,0x73,0x74,0x72,0x6f,
  0x6b,0x65,0x3d,0x22,0x23,0x30,0x30,0x30,0x22,0x20,0x73,0x74,0x72,0x6f,0x6b,0x65,
  0x2d,0x77,0x69,0x64,0x74,0x68,0x3d,0x22,0x37,0x2e,0x35,0x22,0x2f,0x3e,0xd,0xa,
  0x20,0x20,0x20,0x20,0x20,0x20,0x20,0x20,0x3c,0x70,0x61,0x74,0x68,0x20,0x64,0x3d,
  0x22,0x6d,0x32,0x36,0x39,0x2e,0x37,0x39,0x33,0x32,0x33,0x20,0x33,0x30,0x39,0x2e,
  0x30,0x37,0x31,0x34,0x33,0x73,0x33,0x35,0x2e,0x31,0x37,0x35,0x39,0x39,0x2d,0x33,
  0x2e,0x36,0x35,0x34,0x35,0x39,0x20,0x34,0x30,0x2e,0x39,0x34,0x34,0x36,0x34,0x2d,
  0x35,0x2e,0x36,0x33,0x30,0x30,0x34,0x63,0x37,0x2e,0x33,0x30,0x33,0x34,0x39,0x2d,
  0x32,0x2e,0x35,0x30,0x31,0x30,0x34,0x20,0x34,0x30,0x2e,0x37,0x38,0x33,0x31,0x38,
  0x2d,0x32,0x36,0x2e,0x30,0x35,0x37,0x33,0x32,0x20,0x34,0x30,0x2e,0x37,0x38,0x33,
  0x31,0x38,0x2d,0x32,0x36,0x2e,0x30,0x35,0x37,0x33,0x32,0x73,0x31,0x32,0x2e,0x36,
  0x38,0x38,0x34,0x36,0x2d,0x35,0x2e,0x31,0x31,0x34,0x34,0x34,0x20,0x31,0x35,0x2e,
  0x36,0x34,0x35,0x32,0x33,0x2d,0x32,0x2e,0x35,0x38,0x36,0x35,0x63,0x39,0x2e,0x33,
  0x31,0x33,0x33,0x39,0x20,0x37,0x2e,0x39,0x36,0x32,0x36,0x31,0x20,0x31,0x31,0x2e,
  0x33,0x36,0x33,0x30,0x36,0x20,0x32,0x36,0x2e,0x39,0x31,0x32,0x31,0x34,0x20,0x31,
  0x38,0x2e,0x37,0x32,0x32,0x37,0x35,0x20,0x33,0x36,0x2e,0x39,0x31,0x32,0x38,0x33,
  0x20,0x36,0x2e,0x31,0x35,0x38,0x37,0x37,0x20,0x38,0x2e,0x33,0x36,0x38,0x38,0x32,
  0x20,0x32,0x34,0x2e,0x38,0x33,0x33,0x30,0x31,0x20,0x32,0x34,0x2e,0x31,0x34,0x34,
  0x36,0x20,0x32,0x34,0x2e,0x38,0x33,0x33,0x30,0x31,0x20,0x32,0x34,0x2e,0x31,0x34,
  0x34,0x36,0x6c,0x31,0x38,0x2e,0x33,0x38,0x34,0x33,0x39,0x20,0x31,0x35,0x2e,0x31,
  0x38,0x33,0x34,0x31,0x20,0x31,0x38,0x2e,0x35,0x30,0x36,0x39,0x34,0x20,0x31,0x31,
  0x2e,0x34,0x38,0x39,0x34,0x33,0x63,0x31,0x33,0x2e,0x32,0x33,0x31,0x33,0x20,0x33,
  0x2e,0x34,0x37,0x33,0x36,0x33,0x20,0x31,0x35,0x2e,0x31,0x32,0x35,0x34,0x31,0x20,
  0x35,0x2e,0x35,0x30,0x35,0x33,0x39,0x20,0x32,0x32,0x2e,0x37,0x32,0x30,0x38,0x38,
  0x20,0x31,0x30,0x2e,0x34,0x32,0x38,0x35,0x32,0x6c,0x31,0x39,0x2e,0x36,0x33,0x39,
  0x36,0x34,0x20,0x33,0x30,0x2e,0x35,0x31,0x35,0x31,0x37,0x22,0x20,0x66,0x69,0x6c,
  0x6c,0x3d,0x22,0x6e,0x6f,0x6e,0x65,0x22,0x20,0x73,0x74,0x72,0x6f,0x6b,0x65,0x3d,
  0x22,0x23,0x66,0x61,0x37,0x66,0x37,0x30,0x22,0x20,0x73,0x74,0x72,0x6f,0x6b,0x65,
  0x2d,0x6c,0x69,0x6e,0x65,0x63,0x61,0x70,0x3d,0x22,0x72,0x6f,0x75,0x6e,0x64,0x22,
  0x20,0x73,0x74,0x72,0x6f,0x6b,0x65,0x2d,0x6c,0x69,0x6e,0x65,0x6a,0x6f,0x69,0x6e,
  0x3d,0x22,0x72,0x6f,0x75,0x6e,0x64,0x22,0x20,0x73,0x74,0x72,0x6f,0x6b,0x65,0x2d,
  0x77,0x69,0x64,0x74,0x68,0x3d,0x22,0x32,0x2e,0x35,0x22,0x2f,0x3e,0xd,0xa,0x20,
  0x20,0x20,0x20,0x20,0x20,0x20,0x20,0x3c,0x70,0x61,0x74,0x68,0x20,0x64,0x3d,0x22,
  0x6d,0x33,0x31,0x37,0x2e,0x36,0x35,0x36,0x38,0x20,0x33,0x34,0x38,0x2e,0x38,0x35,
  0x30,0x38,0x39,0x20,0x31,0x32,0x2e,0x30,0x39,0x36,0x33,0x38,0x20,0x33,0x2e,0x31,
  0x32,0x36,0x39,0x31,0x22,0x20,0x66,0x69,0x6c,0x6c,0x3d,0x22,0x6e,0x6f,0x6e,0x65,
  0x22,0x20,0x73,0x74,0x72,0x6f,0x6b,0x65,0x3d,0x22,0x23,0x66,0x66,0x66,0x22,0x20,
  0x73,0x74,0x72,0x6f,0x6b,0x65,0x2d,0x6c,0x69,0x6e,0x65,0x63,0x61,0x70,0x3d,0x22,
  0x72,0x6f,0x75,0x6e,0x64,0x22,0x20,0x73,0x74,0x72,0x6f,0x6b,0x65,0x2d,0x6c,0x69,
  0x6e,0x65,0x6a,0x6f,0x69,0x6e,0x3d,0x22,0x72,0x6f,0x75,0x6e,0x64,0x22,0x20,0x73,
  0x74,0x72,0x6f,0x6b,0x65,0x2d,0x77,0x69,0x64,0x74,0x68,0x3d,0x22,0x35,0x2e,0x36,
  0x32,0x35,0x22,0x2f,0x3e,0xd,0xa,0x20,0x20,0x20,0x20,0x20,0x20,0x20,0x20,0x3c,
  0x70,0x61,0x74,0x68,0x20,0x64,0x3d,0x22,0x6d,0x32,0x38,0x32,0x2e,0x39,0x33,0x39,
  0x33,0x35,0x20,0x31,0x35,0x33,0x2e,0x31,0x30,0x39,0x39,0x31,0x20,0x31,0x31,0x2e,
  0x36,0x37,0x37,0x39,0x37,0x2d,0x33,0x2e,0x32,0x31,0x35,0x22,0x20,0x66,0x69,0x6c,
  0x6c,0x3d,0x22,0x6e,0x6f,0x6e,0x65,0x22,0x20,0x73,0x74,0x72,0x6f,0x6b,0x65,0x3d,
  0x22,0x23,0x30,0x30,0x30,0x22,0x20,0x73,0x74,0x72,0x6f,0x6b,0x65,0x2d,0x77,0x69,
  0x64,0x74,0x68,0x3d,0x22,0x37,0x2e,0x35,0x22,0x2f,0x3e,0xd,0xa,0x20,0x20,0x20,
  0x20,0x20,0x20,0x20,0x20,0x3c,0x70,0x61,0x74,0x68,0x20,0x64,0x3d,0x22,0x6d,0x32,
  0x38,0x33,0x2e,0x39,0x39,0x38,0x37,0x31,0x20,0x31,0x35,0x32,0x2e,0x38,0x36,0x33,
  0x30,0x34,0x20,0x39,0x2e,0x35,0x35,0x33,0x30,0x35,0x2d,0x32,0x2e,0x35,0x38,0x37,
  0x33,0x37,0x22,0x20,0x66,0x69,0x6c,0x6c,0x3d,0x22,0x6e,0x6f,0x6e,0x65,0x22,0x20,
  0x73,0x74,0x72,0x6f,0x6b,0x65,0x3d,0x22,0x23,0x66,0x66,0x66,0x22,0x20,0x73,0x74,
  0x72,0x6f,0x6b,0x65,0x2d,0x6c,0x69,0x6e,0x65,0x63,0x61,0x70,0x3d,0x22,0x72,0x6f,
  0x75,0x6e,0x64,0x22,0x20,0x73,0x74,0x72,0x6f,0x6b,0x65,0x2d,0x6c,0x69,0x6e,0x65,
  0x6a,0x6f,0x69,0x6e,0x3d,0x22,0x72,0x6f,0x75,0x6e,0x64,0x22,0x20,0x73,0x74,0x72,
  0x6f,0x6b,0x65,0x2d,0x77,0x69,0x64,0x74,0x68,0x3d,0x22,0x35,0x2e,0x36,0x32,0x35,
  0x22,0x2f,0x3e,0xd,0xa,0x20,0x20,0x20,0x20,0x20,0x20,0x20,0x20,0x3c,0x70,0x61,
  0x74,0x68,0x20,0x64,0x3d,0x22,0x6d,0x32,0x38,0x33,0x2e,0x36,0x39,0x36,0x39,0x37,
  0x20,0x36,0x36,0x2e,0x34,0x38,0x39,0x33,0x32,0x35,0x20,0x31,0x32,0x2e,0x31,0x38,
  0x33,0x30,0x35,0x20,0x32,0x2e,0x35,0x39,0x33,0x33,0x37,0x38,0x22,0x20,0x66,0x69,
  0x6c,0x6c,0x3d,0x22,0x6e,0x6f,0x6e,0x65,0x22,0x20,0x73,0x74,0x72,0x6f,0x6b,0x65,
  0x3d,0x22,0x23,0x30,0x30,0x30,0x22,0x20,0x73,0x74,0x72,0x6f,0x6b,0x65,0x2d,0x77,
  0x69,0x64,0x74,0x68,0x3d,0x22,0x37,0x2e,0x35,0x22,0x2f,0x3e,0xd,0xa,0x20,0x20,
  0x20,0x20,0x20,0x20,0x20,0x20,0x3c,0x70,0x61,0x74,0x68,0x20,0x64,0x3d,0x22,0x6d,
  0x32,0x38,0x34,0x2e,0x30,0x30,0x31,0x38,0x20,0x36,0x36,0x2e,0x34,0x32,0x38,0x30,
  0x34,0x35,0x20,0x31,0x31,0x2e,0x38,0x32,0x35,0x39,0x20,0x32,0x2e,0x37,0x31,0x35,
  0x39,0x33,0x31,0x22,0x20,0x66,0x69,0x6c,0x6c,0x3d,0x22,0x6e,0x6f,0x6e,0x65,0x22,
  0x20,0x73,0x74,0x72,0x6f,0x6b,0x65,0x3d,0x22,0x23,0x66,0x66,0x66,0x22,0x20,0x73,
  0x74,0x72,0x6f,0x6b,0x65,0x2d,0x6c,0x69,0x6e,0x65,0x63,0x61,0x70,0x3d,0x22,0x72,
  0x6f,0x75,0x6e,0x64,0x22,0x20,0x73,0x74,0x72,0x6f,0x6b,0x65,0x2d,0x6c,0x69,0x6e,
  0x65,0x6a,0x6f,0x69,0x6e,0x3d,0x22,0x72,0x6f,0x75,0x6e,0x64,0x22,0x20,0x73,0x74,
  0x72,0x6f,0x6b,0x65,0x2d,0x77,0x69,0x64,0x74,0x68,0x3d,0x22,0x35,0x2e,0x36,0x32,
  0x35,0x22,0x2f,0x3e,0xd,0xa,0x20,0x20,0x20,0x20,0x20,0x20,0x20,0x20,0x3c,0x70,
  0x61,0x74,0x68,0x20,0x64,0x3d,0x22,0x6d,0x38,0x33,0x2e,0x37,0x37,0x36,0x36,0x35,
  0x34,0x20,0x35,0x30,0x38,0x2e,0x39,0x36,0x38,0x32,0x37,0x20,0x33,0x33,0x2e,0x34,
  0x38,0x31,0x34,0x34,0x36,0x2d,0x33,0x2e,0x33,0x33,0x39,0x38,0x35,0x20,0x31,0x34,
  0x2e,0x39,0x38,0x30,0x34,0x36,0x2d,0x32,0x33,0x2e,0x33,0x37,0x34,0x30,0x31,0x20,
  0x31,0x36,0x37,0x2e,0x35,0x35,0x38,0x36,0x2d,0x38,0x2e,0x38,0x30,0x38,0x36,0x20,
  0x32,0x30,0x37,0x2e,0x37,0x33,0x34,0x33,0x38,0x2d,0x31,0x30,0x2e,0x39,0x31,0x37,
  0x39,0x36,0x22,0x20,0x66,0x69,0x6c,0x6c,0x3d,0x22,0x6e,0x6f,0x6e,0x65,0x22,0x20,
  0x73,0x74,0x72,0x6f,0x6b,0x65,0x3d,0x22,0x23,0x66,0x61,0x37,0x66,0x37,0x30,0x22,
  0x20,0x73,0x74,0x72,0x6f,0x6b,0x65,0x2d,0x6c,0x69,0x6e,0x65,0x63,0x61,0x70,0x3d,
  0x22,0x72,0x6f,0x75,0x6e,0x64,0x22,0x20,0x73,0x74,0x72,0x6f,0x6b,0x65,0x2d,0x6c,
  0x69,0x6e,0x65,0x6a,0x6f,0x69,0x6e,0x3d,0x22,0x72,0x6f,0x75,0x6e,0x64,0x22,0x20,
  0x73,0x74,0x72,0x6f,0x6b,0x65,0x2d,0x77,0x69,0x64,0x74,0x68,0x3d,0x22,0x32,0x2e,
  0x35,0x22,0x2f,0x3e,0xd,0xa,0x20,0x20,0x20,0x20,0x20,0x20,0x20,0x20,0x3c,0x70,
  0x61,0x74,0x68,0x20,0x64,0x3d,0x22,0x6d,0x32,0x39,0x39,0x2e,0x32,0x39,0x34,0x32,
  0x32,0x20,0x34,0x36,0x36,0x2e,0x32,0x36,0x33,0x32,0x2e,0x35,0x30,0x32,0x39,0x34,
  0x20,0x37,0x2e,0x31,0x38,0x32,0x36,0x31,0x2e,0x37,0x36,0x31,0x37,0x31,0x20,0x31,
  0x37,0x2e,0x36,0x38,0x35,0x35,0x35,0x2d,0x32,0x2e,0x33,0x30,0x34,0x36,0x38,0x20,
  0x35,0x2e,0x35,0x33,0x32,0x32,0x33,0x2d,0x31,0x35,0x2e,0x31,0x30,0x37,0x34,0x32,
  0x20,0x31,0x36,0x2e,0x39,0x31,0x38,0x39,0x35,0x2d,0x31,0x32,0x2e,0x31,0x30,0x39,
  0x33,0x37,0x20,0x34,0x2e,0x39,0x32,0x36,0x37,0x35,0x2d,0x31,0x35,0x2e,0x36,0x30,
  0x30,0x35,0x39,0x2e,0x36,0x31,0x30,0x33,0x35,0x2d,0x31,0x36,0x2e,0x30,0x31,0x35,
  0x36,0x32,0x2d,0x31,0x2e,0x38,0x34,0x35,0x37,0x2d,0x39,0x2e,0x30,0x32,0x38,0x33,
  0x33,0x20,0x33,0x2e,0x36,0x39,0x36,0x32,0x38,0x2d,0x31,0x34,0x2e,0x33,0x37,0x30,
  0x31,0x31,0x20,0x39,0x2e,0x38,0x34,0x33,0x37,0x35,0x22,0x20,0x66,0x69,0x6c,0x6c,
  0x3d,0x22,0x6e,0x6f,0x6e,0x65,0x22,0x20,0x73,0x74,0x72,0x6f,0x6b,0x65,0x3d,0x22,
  0x23,0x66,0x61,0x37,0x66,0x37,0x30,0x22,0x20,0x73,0x74,0x72,0x6f,0x6b,0x65,0x2d,
  0x6c,0x69,0x6e,0x65,0x63,0x61,0x70,0x3d,0x22,0x72,0x6f,0x75,0x6e,0x64,0x22,0x20,
  0x73,0x74,0x72,0x6f,0x6b,0x65,0x2d,0x6c,0x69,0x6e,0x65,0x6a,0x6f,0x69,0x6e,0x3d,
  0x22,0x72,0x6f,0x75,0x6e,0x64,0x22,0x20,0x73,0x74,0x72,0x6f,0x6b,0x65,0x2d,0x77,
  0x69,0x64,0x74,0x68,0x3d,0x22,0x32,0x2e,0x35,0x22,0x2f,0x3e,0xd,0xa,0x20,0x20,
  0x20,0x20,0x20,0x20,0x20,0x20,0x3c,0x70,0x61,0x74,0x68,0x20,0x64,0x3d,0x22,0x6d,
  0x32,0x36,0x33,0x2e,0x38,0x39,0x33,0x32,0x35,0x20,0x33,0x32,0x38,0x2e,0x31,0x36,
  0x33,0x35,0x38,0x73,0x2d,0x31,0x30,0x2e,0x30,0x39,0x32,0x39,0x38,0x20,0x32,0x33,
  0x2e,0x31,0x38,0x34,0x39,0x39,0x2d,0x31,0x38,0x2e,0x35,0x38,0x33,0x34,0x20,0x33,
  0x30,0x2e,0x35,0x34,0x31,0x30,0x32,0x63,0x2d,0x35,0x2e,0x33,0x33,0x37,0x34,0x31,
  0x20,0x34,0x2e,0x36,0x32,0x34,0x32,0x38,0x2d,0x31,0x35,0x2e,0x39,0x38,0x30,0x32,
  0x20,0x34,0x2e,0x35,0x33,0x34,0x39,0x34,0x2d,0x32,0x32,0x2e,0x31,0x34,0x38,0x34,
  0x34,0x20,0x37,0x2e,0x39,0x37,0x33,0x36,0x34,0x2d,0x33,0x2e,0x38,0x35,0x35,0x34,
  0x39,0x20,0x32,0x2e,0x31,0x34,0x39,0x33,0x38,0x2d,0x31,0x31,0x2e,0x30,0x32,0x36,
  0x32,0x33,0x20,0x34,0x2e,0x37,0x36,0x38,0x36,0x37,0x2d,0x31,0x31,0x2e,0x35,0x31,
  0x38,0x35,0x35,0x20,0x39,0x2e,0x31,0x35,0x35,0x32,0x37,0x2d,0x2e,0x35,0x36,0x35,
  0x35,0x34,0x20,0x35,0x2e,0x30,0x33,0x39,0x30,0x36,0x20,0x37,0x2e,0x30,0x35,0x31,
  0x39,0x33,0x20,0x39,0x2e,0x35,0x33,0x38,0x20,0x31,0x30,0x2e,0x35,0x37,0x31,0x32,
  0x39,0x20,0x31,0x33,0x2e,0x31,0x38,0x38,0x34,0x38,0x20,0x32,0x2e,0x38,0x35,0x33,
  0x30,0x36,0x20,0x32,0x2e,0x39,0x35,0x39,0x33,0x36,0x20,0x37,0x2e,0x31,0x33,0x37,
  0x31,0x32,0x20,0x36,0x2e,0x34,0x31,0x37,0x35,0x33,0x20,0x31,0x30,0x2e,0x33,0x37,
  0x31,0x31,0x20,0x38,0x2e,0x39,0x35,0x35,0x30,0x37,0x20,0x33,0x2e,0x35,0x34,0x38,
  0x35,0x33,0x20,0x32,0x2e,0x37,0x38,0x34,0x33,0x35,0x20,0x38,0x2e,0x35,0x39,0x33,
  0x34,0x39,0x20,0x36,0x2e,0x30,0x37,0x36,0x32,0x32,0x20,0x31,0x32,0x2e,0x32,0x35,
  0x30,0x39,0x37,0x20,0x38,0x2e,0x37,0x31,0x35,0x38,0x33,0x20,0x34,0x2e,0x31,0x30,
  0x34,0x31,0x36,0x20,0x32,0x2e,0x39,0x36,0x31,0x39,0x38,0x20,0x39,0x2e,0x31,0x35,
  0x30,0x39,0x38,0x20,0x37,0x2e,0x35,0x37,0x37,0x32,0x33,0x20,0x31,0x33,0x2e,0x36,
  0x31,0x33,0x32,0x38,0x20,0x39,0x2e,0x39,0x36,0x35,0x38,0x31,0x20,0x34,0x2e,0x36,
  0x36,0x30,0x39,0x39,0x20,0x32,0x2e,0x34,0x39,0x34,0x39,0x33,0x20,0x31,0x31,0x2e,
  0x33,0x34,0x33,0x34,0x33,0x20,0x35,0x2e,0x31,0x33,0x30,0x33,0x34,0x20,0x31,0x36,
  0x2e,0x35,0x34,0x37,0x38,0x35,0x20,0x36,0x2e,0x30,0x35,0x39,0x35,0x37,0x20,0x36,
  0x2e,0x31,0x33,0x34,0x34,0x35,0x20,0x31,0x2e,0x30,0x39,0x35,0x32,0x39,0x20,0x31,
  0x36,0x2e,0x39,0x36,0x32,0x34,0x36,0x2d,0x34,0x2e,0x38,0x38,0x32,0x39,0x35,0x20,
  0x32,0x30,0x2e,0x37,0x37,0x31,0x34,0x39,0x2e,0x30,0x34,0x38,0x38,0x33,0x20,0x32,
  0x2e,0x34,0x34,0x35,0x33,0x37,0x20,0x33,0x2e,0x31,0x36,0x36,0x31,0x36,0x2d,0x33,
  0x2e,0x37,0x39,0x36,0x36,0x38,0x20,0x38,0x2e,0x39,0x33,0x35,0x37,0x38,0x2d,0x33,
  0x2e,0x33,0x33,0x39,0x38,0x34,0x20,0x31,0x32,0x2e,0x39,0x31,0x30,0x31,0x36,0x2e,
  0x34,0x38,0x38,0x32,0x31,0x20,0x34,0x2e,0x32,0x34,0x37,0x32,0x37,0x20,0x35,0x2e,
  0x35,0x34,0x38,0x39,0x33,0x20,0x38,0x2e,0x33,0x30,0x36,0x20,0x36,0x2e,0x36,0x30,
  0x36,0x34,0x34,0x20,0x31,0x32,0x2e,0x34,0x34,0x38,0x33,0x38,0x2e,0x34,0x34,0x36,
  0x31,0x31,0x20,0x31,0x2e,0x37,0x34,0x37,0x34,0x36,0x2e,0x32,0x38,0x35,0x39,0x39,
  0x20,0x31,0x38,0x2e,0x33,0x33,0x32,0x31,0x37,0x2e,0x32,0x38,0x35,0x39,0x39,0x20,
  0x31,0x38,0x2e,0x33,0x33,0x32,0x31,0x37,0x22,0x20,0x66,0x69,0x6c,0x6c,0x3d,0x22,
  0x6e,0x6f,0x6e,0x65,0x22,0x20,0x73,0x74,0x72,0x6f,0x6b,0x65,0x3d,0x22,0x23,0x66,
  0x61,0x37,0x66,0x37,0x30,0x22,0x20,0x73,0x74,0x72,0x6f,0x6b,0x65,0x2d,0x6c,0x69,
  0x6e,0x65,0x63,0x61,0x70,0x3d,0x22,0x72,0x6f,0x75,0x6e,0x64,0x22,0x20,0x73,0x74,
  0x72,0x6f,0x6b,0x65,0x2d,0x6c,0x69,0x6e,0x65,0x6a,0x6f,0x69,0x6e,0x3d,0x22,0x72,
  0x6f,0x75,0x6e,0x64,0x22,0x20,0x73,0x74,0x72,0x6f,0x6b,0x65,0x2d,0x77,0x69,0x64,
  0x74,0x68,0x3d,0x22,0x32,0x2e,0x35,0x22,0x2f,0x3e,0xd,0xa,0x20,0x20,0x20,0x20,
  0x20,0x20,0x20,0x20,0x3c,0x70,0x61,0x74,0x68,0x20,0x64,0x3d,0x22,0x6d,0x32,0x37,
  0x34,0x2e,0x33,0x37,0x37,0x32,0x34,0x20,0x33,0x34,0x38,0x2e,0x32,0x37,0x34,0x39,
  0x31,0x73,0x31,0x33,0x2e,0x39,0x35,0x32,0x31,0x35,0x2d,0x35,0x2e,0x39,0x32,0x36,
  0x20,0x31,0x39,0x2e,0x39,0x36,0x30,0x39,0x33,0x2d,0x34,0x2e,0x36,0x32,0x38,0x39,
  0x63,0x33,0x2e,0x37,0x30,0x36,0x36,0x39,0x2e,0x38,0x30,0x30,0x31,0x35,0x20,0x36,
  0x2e,0x32,0x38,0x39,0x39,0x35,0x20,0x37,0x2e,0x31,0x31,0x31,0x35,0x34,0x20,0x31,
  0x30,0x2e,0x30,0x33,0x39,0x30,0x37,0x20,0x37,0x2e,0x36,0x38,0x30,0x36,0x36,0x20,
  0x33,0x2e,0x35,0x32,0x31,0x31,0x38,0x2e,0x35,0x33,0x34,0x35,0x32,0x20,0x34,0x2e,
  0x30,0x34,0x39,0x31,0x38,0x2d,0x32,0x2e,0x39,0x37,0x36,0x39,0x35,0x20,0x37,0x2e,
  0x36,0x30,0x39,0x32,0x2d,0x33,0x2e,0x30,0x38,0x30,0x34,0x37,0x20,0x35,0x2e,0x31,
  0x31,0x31,0x37,0x2d,0x2e,0x31,0x34,0x38,0x36,0x34,0x20,0x31,0x34,0x2e,0x35,0x39,
  0x30,0x35,0x20,0x32,0x2e,0x35,0x35,0x30,0x36,0x39,0x20,0x31,0x39,0x2e,0x38,0x35,
  0x32,0x31,0x31,0x20,0x33,0x2e,0x39,0x32,0x33,0x36,0x34,0x20,0x35,0x2e,0x36,0x34,
  0x34,0x32,0x20,0x31,0x2e,0x34,0x37,0x32,0x37,0x39,0x20,0x31,0x31,0x2e,0x39,0x39,
  0x39,0x31,0x20,0x36,0x2e,0x34,0x39,0x32,0x31,0x34,0x20,0x31,0x37,0x2e,0x34,0x33,
  0x36,0x31,0x35,0x20,0x38,0x2e,0x36,0x30,0x35,0x30,0x37,0x20,0x34,0x2e,0x37,0x33,
  0x30,0x35,0x36,0x20,0x31,0x2e,0x38,0x33,0x38,0x33,0x37,0x20,0x31,0x31,0x2e,0x33,
  0x37,0x35,0x32,0x39,0x20,0x33,0x2e,0x32,0x39,0x32,0x34,0x36,0x20,0x31,0x36,0x2e,
  0x32,0x34,0x35,0x31,0x31,0x20,0x34,0x2e,0x37,0x32,0x31,0x36,0x39,0x20,0x37,0x2e,
  0x31,0x38,0x33,0x32,0x37,0x20,0x32,0x2e,0x31,0x30,0x38,0x32,0x20,0x31,0x36,0x2e,
  0x35,0x35,0x37,0x36,0x39,0x20,0x35,0x2e,0x37,0x36,0x35,0x31,0x31,0x20,0x32,0x33,
  0x2e,0x39,0x32,0x35,0x37,0x39,0x20,0x37,0x2e,0x30,0x38,0x39,0x38,0x34,0x20,0x35,
  0x2e,0x31,0x35,0x37,0x33,0x34,0x2e,0x39,0x32,0x37,0x32,0x35,0x20,0x31,0x32,0x2e,
  0x31,0x39,0x35,0x35,0x36,0x2e,0x38,0x37,0x37,0x33,0x36,0x20,0x31,0x37,0x2e,0x34,
  0x32,0x36,0x37,0x35,0x20,0x31,0x2e,0x31,0x38,0x31,0x36,0x33,0x20,0x35,0x2e,0x34,
  0x39,0x30,0x33,0x35,0x2e,0x33,0x31,0x39,0x33,0x34,0x20,0x31,0x32,0x2e,0x39,0x31,
  0x38,0x35,0x34,0x2d,0x2e,0x31,0x39,0x33,0x39,0x36,0x20,0x31,0x38,0x2e,0x33,0x31,
  0x30,0x35,0x35,0x2e,0x38,0x38,0x38,0x36,0x38,0x20,0x37,0x2e,0x33,0x39,0x30,0x37,
  0x38,0x20,0x31,0x2e,0x34,0x38,0x33,0x39,0x37,0x20,0x31,0x36,0x2e,0x36,0x37,0x31,
  0x34,0x34,0x20,0x35,0x2e,0x36,0x34,0x38,0x38,0x31,0x20,0x32,0x33,0x2e,0x36,0x32,
  0x33,0x30,0x35,0x20,0x38,0x2e,0x35,0x36,0x34,0x34,0x35,0x20,0x36,0x2e,0x34,0x33,
  0x32,0x33,0x34,0x20,0x32,0x2e,0x36,0x39,0x37,0x38,0x35,0x20,0x31,0x34,0x2e,0x37,
  0x32,0x34,0x36,0x32,0x20,0x36,0x2e,0x39,0x33,0x36,0x31,0x39,0x20,0x32,0x30,0x2e,
  0x39,0x37,0x31,0x36,0x37,0x20,0x31,0x30,0x2e,0x30,0x33,0x39,0x30,0x36,0x20,0x36,
  0x2e,0x30,0x36,0x39,0x33,0x38,0x20,0x33,0x2e,0x30,0x31,0x34,0x36,0x32,0x20,0x31,
  0x34,0x2e,0x31,0x38,0x38,0x32,0x32,0x20,0x36,0x2e,0x39,0x39,0x38,0x36,0x36,0x20,
  0x32,0x30,0x2e,0x30,0x38,0x33,0x30,0x32,0x20,0x31,0x30,0x2e,0x33,0x34,0x31,0x38,
  0x20,0x36,0x2e,0x37,0x31,0x35,0x38,0x20,0x33,0x2e,0x38,0x30,0x38,0x37,0x36,0x20,
  0x31,0x34,0x2e,0x37,0x39,0x37,0x31,0x33,0x20,0x31,0x30,0x2e,0x34,0x36,0x30,0x31,
  0x37,0x20,0x32,0x31,0x2e,0x38,0x35,0x35,0x34,0x36,0x20,0x31,0x33,0x2e,0x35,0x38,
  0x38,0x38,0x36,0x20,0x34,0x2e,0x34,0x37,0x36,0x34,0x33,0x20,0x31,0x2e,0x39,0x38,
  0x34,0x32,0x33,0x20,0x31,0x35,0x2e,0x37,0x34,0x33,0x38,0x36,0x20,0x39,0x2e,0x33,
  0x37,0x38,0x36,0x37,0x20,0x31,0x35,0x2e,0x36,0x39,0x34,0x30,0x36,0x20,0x34,0x2e,
  0x34,0x38,0x32,0x34,0x33,0x2d,0x2e,0x31,0x33,0x36,0x37,0x32,0x2d,0x31,0x33,0x2e,
  0x34,0x34,0x32,0x33,0x37,0x2d,0x31,0x2e,0x35,0x39,0x39,0x34,0x32,0x2d,0x33,0x30,
  0x2e,0x39,0x30,0x38,0x33,0x38,0x2d,0x31,0x2e,0x39,0x38,0x33,0x31,0x32,0x2d,0x34,
  0x33,0x2e,0x39,0x39,0x32,0x30,0x35,0x2d,0x2e,0x31,0x30,0x31,0x34,0x35,0x2d,0x33,
  0x2e,0x34,0x35,0x39,0x35,0x2d,0x35,0x2e,0x38,0x32,0x39,0x34,0x39,0x2d,0x35,0x2e,
  0x38,0x38,0x31,0x34,0x2d,0x37,0x2e,0x30,0x38,0x30,0x30,0x38,0x2d,0x39,0x2e,0x31,
  0x30,0x38,0x35,0x34,0x2d,0x31,0x2e,0x36,0x39,0x37,0x34,0x34,0x2d,0x34,0x2e,0x33,
  0x38,0x30,0x32,0x33,0x2d,0x31,0x2e,0x32,0x33,0x30,0x34,0x36,0x2d,0x31,0x35,0x2e,
  0x36,0x31,0x30,0x33,0x35,0x2d,0x31,0x2e,0x32,0x33,0x30,0x34,0x36,0x2d,0x31,0x35,
  0x2e,0x36,0x31,0x30,0x33,0x35,0x22,0x20,0x66,0x69,0x6c,0x6c,0x3d,0x22,0x6e,0x6f,
  0x6e,0x65,0x22,0x20,0x73,0x74,0x72,0x6f,0x6b,0x65,0x3d,0x22,0x23,0x66,0x61,0x37,
  0x66,0x37,0x30,0x22,0x20,0x73,0x74,0x72,0x6f,0x6b,0x65,0x2d,0x6c,0x69,0x6e,0x65,
  0x63,0x61,0x70,0x3d,0x22,0x72,0x6f,0x75,0x6e,0x64,0x22,0x20,0x73,0x74,0x72,0x6f,
  0x6b,0x65,0x2d,0x6c,0x69,0x6e,0x65,0x6a,0x6f,0x69,0x6e,0x3d,0x22,0x72,0x6f,0x75,
  0x6e,0x64,0x22,0x20,0x73,0x74,0x72,0x6f,0x6b,0x65,0x2d,0x77,0x69,0x64,0x74,0x68,
  0x3d,0x22,0x32,0x2e,0x35,0x22,0x2f,0x3e,0xd,0xa,0x20,0x20,0x20,0x20,0x20,0x20,
  0x20,0x20,0x3c,0x70,0x61,0x74,0x68,0x20,0x64,0x3d,0x22,0x6d,0x34,0x30,0x2e,0x34,
  0x33,0x36,0x38,0x31,0x34,0x20,0x34,0x36,0x38,0x2e,0x39,0x30,0x39,0x36,0x37,0x2d,
  0x34,0x30,0x2e,0x38,0x39,0x33,0x35,0x35,0x39,0x37,0x31,0x20,0x32,0x2e,0x30,0x31,
  0x36,0x36,0x32,0x2d,0x37,0x2e,0x39,0x35,0x34,0x30,0x39,0x39,0x39,0x39,0x2e,0x33,
  0x39,0x30,0x36,0x32,0x22,0x20,0x66,0x69,0x6c,0x6c,0x3d,0x22,0x6e,0x6f,0x6e,0x65,
  0x22,0x20,0x73,0x74,0x72,0x6f,0x6b,0x65,0x3d,0x22,0x23,0x66,0x61,0x37,0x66,0x37,
  0x30,0x22,0x20,0x73,0x74,0x72,0x6f,0x6b,0x65,0x2d,0x6c,0x69,0x6e,0x65,0x63,0x61,
  0x70,0x3d,0x22,0x72,0x6f,0x75,0x6e,0x64,0x22,0x20,0x73,0x74,0x72,0x6f,0x6b,0x65,
  0x2d,0x6c,0x69,0x6e,0x65,0x6a,0x6f,0x69,0x6e,0x3d,0x22,0x72,0x6f,0x75,0x6e,0x64,
  0x22,0x20,0x73,0x74,0x72,0x6f,0x6b,0x65,0x2d,0x77,0x69,0x64,0x74,0x68,0x3d,0x22,
  0x32,0x2e,0x35,0x22,0x2f,0x3e,0xd,0xa,0x20,0x20,0x20,0x20,0x20,0x20,0x20,0x20,
  0x3c,0x70,0x61,0x74,0x68,0x20,0x64,0x3d,0x22,0x6d,0x38,0x32,0x2e,0x34,0x35,0x38,
  0x32,0x39,0x34,0x20,0x34,0x38,0x38,0x2e,0x34,0x33,0x36,0x30,0x35,0x73,0x2d,0x31,
  0x2e,0x30,0x35,0x37,0x30,0x37,0x31,0x2d,0x32,0x31,0x2e,0x37,0x33,0x35,0x31,0x2d,
  0x31,0x2e,0x35,0x38,0x36,0x39,0x32,0x2d,0x33,0x31,0x2e,0x32,0x35,0x63,0x2d,0x38,
  0x2e,0x31,0x38,0x30,0x34,0x38,0x2d,0x31,0x2e,0x36,0x39,0x39,0x39,0x38,0x2d,0x31,
  0x39,0x2e,0x38,0x35,0x38,0x35,0x39,0x36,0x2d,0x2e,0x39,0x35,0x37,0x35,0x39,0x2d,
  0x32,0x37,0x2e,0x39,0x31,0x39,0x39,0x32,0x20,0x31,0x2e,0x33,0x35,0x32,0x35,0x34,
  0x2d,0x32,0x2e,0x31,0x39,0x38,0x39,0x30,0x33,0x2e,0x36,0x33,0x30,0x31,0x34,0x2d,
  0x34,0x2e,0x38,0x37,0x35,0x34,0x32,0x33,0x20,0x32,0x2e,0x32,0x38,0x33,0x38,0x39,
  0x2d,0x36,0x2e,0x36,0x35,0x35,0x32,0x36,0x20,0x33,0x2e,0x37,0x32,0x30,0x37,0x2d,
  0x32,0x2e,0x30,0x36,0x38,0x39,0x38,0x37,0x20,0x31,0x2e,0x36,0x37,0x30,0x32,0x33,
  0x2d,0x35,0x2e,0x38,0x35,0x39,0x33,0x38,0x20,0x36,0x2e,0x36,0x35,0x30,0x33,0x38,
  0x2d,0x35,0x2e,0x38,0x35,0x39,0x33,0x38,0x20,0x36,0x2e,0x36,0x35,0x30,0x33,0x38,
  0x22,0x20,0x66,0x69,0x6c,0x6c,0x3d,0x22,0x6e,0x6f,0x6e,0x65,0x22,0x20,0x73,0x74,
  0x72,0x6f,0x6b,0x65,0x3d,0x22,0x23,0x66,0x61,0x37,0x66,0x37,0x30,0x22,0x20,0x73,
  0x74,0x72,0x6f,0x6b,0x65,0x2d,0x6c,0x69,0x6e,0x65,0x63,0x61,0x70,0x3d,0x22,0x72,
  0x6f,0x75,0x6e,0x64,0x22,0x20,0x73,0x74,0x72,0x6f,0x6b,0x65,0x2d,0x6c,0x69,0x6e,
  0x65,0x6a,0x6f,0x69,0x6e,0x3d,0x22,0x72,0x6f,0x75,0x6e,0x64,0x22,0x20,0x73,0x74,
  0x72,0x6f,0x6b,0x65,0x2d,0x77,0x69,0x64,0x74,0x68,0x3d,0x22,0x32,0x2e,0x35,0x22,
  0x2f,0x3e,0xd,0xa,0x20,0x20,0x20,0x20,0x20,0x20,0x20,0x20,0x3c,0x67,0x20,0x66,
  0x69,0x6c,0x6c,0x3d,0x22,0x6e,0x6f,0x6e,0x65,0x22,0x20,0x74,0x72,0x61,0x6e,0x73,
  0x66,0x6f,0x72,0x6d,0x3d,0x22,0x6d,0x61,0x74,0x72,0x69,0x78,0x28,0x2e,0x37,0x31,
  0x37,0x31,0x34,0x33,0x39,0x20,0x2d,0x2e,0x36,0x39,0x36,0x39,0x32,0x35,0x31,0x20,
  0x2e,0x36,0x39,0x36,0x39,0x32,0x35,0x31,0x20,0x2e,0x37,0x31,0x37,0x31,0x34,0x33,
  0x39,0x20,0x2d,0x37,0x30,0x38,0x2e,0x32,0x36,0x34,0x34,0x35,0x20,0x36,0x31,0x33,
  0x2e,0x34,0x35,0x37,0x36,0x34,0x29,0x22,0x3e,0xd,0xa,0x20,0x20,0x20,0x20,0x20,
  0x20,0x20,0x20,0x20,0x20,0x20,0x20,0x3c,0x70,0x61,0x74,0x68,0x20,0x64,0x3d,0x22,
  0x6d,0x35,0x37,0x36,0x2e,0x36,0x34,0x37,0x32,0x33,0x20,0x35,0x30,0x31,0x2e,0x36,
  0x35,0x31,0x37,0x39,0x20,0x39,0x2e,0x34,0x37,0x32,0x36,0x36,0x2d,0x2e,0x33,0x33,
  0x32,0x30,0x32,0x22,0x20,0x73,0x74,0x72,0x6f,0x6b,0x65,0x3d,0x22,0x23,0x30,0x30,
  0x30,0x22,0x20,0x73,0x74,0x72,0x6f,0x6b,0x65,0x2d,0x77,0x69,0x64,0x74,0x68,0x3d,
  0x22,0x37,0x2e,0x35,0x22,0x2f,0x3e,0xd,0xa,0x20,0x20,0x20,0x20,0x20,0x20,0x20,
  0x20,0x20,0x20,0x20,0x20,0x3c,0x70,0x61,0x74,0x68,0x20,0x64,0x3d,0x22,0x6d,0x35,
  0x37,0x36,0x2e,0x36,0x34,0x37,0x32,0x33,0x20,0x35,0x30,0x31,0x2e,0x36,0x35,0x31,
  0x37,0x38,0x20,0x39,0x2e,0x34,0x37,0x32,0x36,0x36,0x2d,0x2e,0x33,0x33,0x32,0x30,
  0x32,0x22,0x20,0x73,0x74,0x72,0x6f,0x6b,0x65,0x3d,0x22,0x23,0x66,0x66,0x66,0x22,
  0x20,0x73,0x74,0x72,0x6f,0x6b,0x65,0x2d,0x6c,0x69,0x6e,0x65,0x63,0x61,0x70,0x3d,
  0x22,0x72,0x6f,0x75,0x6e,0x64,0x22,0x20,0x73,0x74,0x72,0x6f,0x6b,0x65,0x2d,0x6c,
  0x69,0x6e,0x65,0x6a,0x6f,0x69,0x6e,0x3d,0x22,0x72,0x6f,0x75,0x6e,0x64,0x22,0x20,
  0x73,0x74,0x72,0x6f,0x6b,0x65,0x2d,0x77,0x69,0x64,0x74,0x68,0x3d,0x22,0x35,0x2e,
  0x36,0x32,0x35,0x22,0x2f,0x3e,0xd,0xa,0x20,0x20,0x20,0x20,0x20,0x20,0x20,0x20,
  0x3c,0x2f,0x67,0x3e,0xd,0xa,0x20,0x20,0x20,0x20,0x20,0x20,0x20,0x20,0x3c,0x70,
  0x61,0x74,0x68,0x20,0x64,0x3d,0x22,0x6d,0x35,0x30,0x36,0x2e,0x38,0x39,0x36,0x30,
  0x37,0x20,0x35,0x33,0x31,0x2e,0x39,0x33,0x32,0x38,0x34,0x73,0x31,0x30,0x2e,0x37,
  0x37,0x32,0x36,0x37,0x20,0x39,0x2e,0x32,0x30,0x36,0x39,0x20,0x31,0x33,0x2e,0x35,
  0x37,0x39,0x38,0x20,0x31,0x34,0x2e,0x34,0x35,0x32,0x34,0x32,0x63,0x33,0x2e,0x38,
  0x30,0x35,0x35,0x39,0x20,0x37,0x2e,0x31,0x31,0x31,0x32,0x38,0x20,0x31,0x2e,0x38,
  0x30,0x38,0x30,0x36,0x20,0x31,0x37,0x2e,0x30,0x37,0x30,0x39,0x32,0x20,0x34,0x2e,
  0x36,0x36,0x30,0x33,0x20,0x32,0x34,0x2e,0x36,0x31,0x35,0x32,0x39,0x20,0x31,0x2e,
  0x36,0x36,0x36,0x33,0x34,0x20,0x34,0x2e,0x34,0x30,0x37,0x35,0x38,0x2e,0x33,0x34,
  0x38,0x32,0x37,0x20,0x32,0x33,0x2e,0x33,0x30,0x34,0x34,0x31,0x20,0x37,0x2e,0x30,
  0x36,0x33,0x35,0x39,0x20,0x32,0x37,0x2e,0x33,0x36,0x34,0x33,0x38,0x20,0x37,0x2e,
  0x31,0x38,0x37,0x37,0x39,0x2e,0x31,0x35,0x39,0x36,0x36,0x20,0x31,0x39,0x2e,0x30,
  0x36,0x38,0x31,0x38,0x2d,0x32,0x2e,0x30,0x35,0x38,0x31,0x33,0x20,0x31,0x38,0x2e,
  0x38,0x39,0x39,0x32,0x38,0x2e,0x37,0x38,0x36,0x38,0x2d,0x2e,0x33,0x35,0x37,0x38,
  0x32,0x20,0x36,0x2e,0x30,0x32,0x36,0x39,0x36,0x2d,0x31,0x34,0x2e,0x35,0x38,0x30,
  0x32,0x36,0x20,0x31,0x34,0x2e,0x38,0x39,0x37,0x33,0x36,0x2d,0x32,0x30,0x2e,0x31,
  0x31,0x34,0x37,0x37,0x20,0x31,0x37,0x2e,0x33,0x31,0x30,0x31,0x2d,0x31,0x30,0x2e,
  0x34,0x32,0x36,0x33,0x36,0x20,0x34,0x2e,0x35,0x34,0x35,0x33,0x31,0x2d,0x36,0x38,
  0x2e,0x38,0x38,0x36,0x38,0x36,0x20,0x38,0x2e,0x36,0x35,0x35,0x38,0x39,0x2d,0x39,
  0x38,0x2e,0x39,0x31,0x36,0x36,0x31,0x20,0x31,0x30,0x2e,0x38,0x32,0x31,0x38,0x37,
  0x2d,0x31,0x39,0x2e,0x35,0x32,0x31,0x37,0x35,0x20,0x31,0x2e,0x34,0x30,0x38,0x30,
  0x36,0x2d,0x34,0x35,0x2e,0x36,0x32,0x32,0x35,0x36,0x20,0x32,0x2e,0x31,0x30,0x33,
  0x35,0x33,0x2d,0x36,0x35,0x2e,0x31,0x35,0x36,0x32,0x35,0x20,0x33,0x2e,0x33,0x33,
  0x34,0x39,0x36,0x2d,0x33,0x2e,0x39,0x33,0x33,0x33,0x38,0x2e,0x32,0x34,0x37,0x39,
  0x37,0x2d,0x39,0x2e,0x32,0x34,0x37,0x35,0x37,0x2e,0x31,0x35,0x32,0x34,0x34,0x2d,
  0x31,0x33,0x2e,0x31,0x30,0x30,0x35,0x39,0x2e,0x39,0x38,0x31,0x34,0x35,0x2d,0x35,
  0x2e,0x31,0x37,0x30,0x38,0x38,0x20,0x31,0x2e,0x31,0x31,0x32,0x35,0x36,0x2d,0x31,
  0x31,0x2e,0x32,0x37,0x39,0x36,0x32,0x20,0x35,0x2e,0x39,0x30,0x36,0x30,0x31,0x2d,
  0x31,0x36,0x2e,0x35,0x36,0x37,0x33,0x37,0x20,0x36,0x2e,0x30,0x33,0x30,0x32,0x38,
  0x2d,0x31,0x2e,0x37,0x34,0x32,0x35,0x31,0x2e,0x30,0x34,0x30,0x39,0x35,0x2d,0x33,
  0x2e,0x38,0x30,0x37,0x30,0x39,0x2d,0x31,0x2e,0x38,0x33,0x34,0x30,0x34,0x2d,0x35,
  0x2e,0x35,0x34,0x36,0x38,0x38,0x2d,0x31,0x2e,0x37,0x32,0x38,0x35,0x32,0x2d,0x33,
  0x2e,0x39,0x39,0x37,0x39,0x32,0x2e,0x32,0x34,0x32,0x34,0x38,0x2d,0x39,0x2e,0x30,
  0x38,0x35,0x32,0x38,0x20,0x32,0x2e,0x39,0x33,0x32,0x31,0x2d,0x31,0x32,0x2e,0x31,
  0x37,0x32,0x38,0x35,0x20,0x35,0x2e,0x34,0x38,0x33,0x33,0x39,0x2d,0x32,0x2e,0x35,
  0x38,0x31,0x34,0x37,0x20,0x32,0x2e,0x31,0x33,0x33,0x30,0x39,0x2d,0x33,0x2e,0x39,
  0x31,0x33,0x39,0x35,0x20,0x36,0x2e,0x39,0x31,0x30,0x36,0x37,0x2d,0x36,0x2e,0x34,
  0x32,0x30,0x39,0x20,0x39,0x2e,0x31,0x33,0x30,0x38,0x36,0x2d,0x33,0x2e,0x31,0x34,
  0x37,0x33,0x20,0x32,0x2e,0x37,0x38,0x37,0x33,0x2d,0x38,0x2e,0x36,0x33,0x33,0x34,
  0x20,0x34,0x2e,0x36,0x35,0x37,0x38,0x32,0x2d,0x31,0x32,0x2e,0x33,0x35,0x33,0x35,
  0x31,0x20,0x36,0x2e,0x36,0x31,0x36,0x32,0x32,0x2d,0x35,0x2e,0x36,0x37,0x32,0x37,
  0x31,0x20,0x32,0x2e,0x39,0x38,0x36,0x33,0x31,0x2d,0x31,0x33,0x2e,0x30,0x37,0x33,
  0x31,0x31,0x20,0x37,0x2e,0x33,0x32,0x36,0x39,0x2d,0x31,0x38,0x2e,0x39,0x37,0x39,
  0x35,0x20,0x39,0x2e,0x38,0x31,0x39,0x33,0x33,0x2d,0x36,0x2e,0x38,0x37,0x34,0x31,
  0x36,0x20,0x32,0x2e,0x39,0x30,0x30,0x38,0x32,0x2d,0x31,0x36,0x2e,0x32,0x38,0x39,
  0x33,0x35,0x20,0x36,0x2e,0x33,0x35,0x33,0x38,0x2d,0x32,0x33,0x2e,0x35,0x39,0x38,
  0x36,0x32,0x20,0x37,0x2e,0x38,0x35,0x31,0x35,0x37,0x2d,0x36,0x2e,0x39,0x35,0x35,
  0x31,0x34,0x20,0x31,0x2e,0x34,0x32,0x35,0x32,0x2d,0x31,0x36,0x2e,0x35,0x39,0x32,
  0x32,0x35,0x20,0x33,0x2e,0x31,0x39,0x36,0x30,0x39,0x2d,0x32,0x33,0x2e,0x35,0x38,
  0x33,0x39,0x39,0x20,0x31,0x2e,0x39,0x36,0x32,0x38,0x38,0x2d,0x35,0x2e,0x35,0x34,
  0x31,0x32,0x36,0x2d,0x2e,0x39,0x37,0x37,0x33,0x37,0x2d,0x31,0x32,0x2e,0x31,0x31,
  0x35,0x32,0x37,0x2d,0x35,0x2e,0x31,0x31,0x38,0x39,0x33,0x2d,0x31,0x37,0x2e,0x30,
  0x33,0x31,0x32,0x35,0x2d,0x37,0x2e,0x38,0x35,0x36,0x34,0x35,0x2d,0x33,0x2e,0x32,
  0x37,0x30,0x35,0x34,0x2d,0x31,0x2e,0x38,0x32,0x31,0x32,0x34,0x2d,0x37,0x2e,0x31,
  0x35,0x31,0x35,0x37,0x2d,0x35,0x2e,0x30,0x33,0x37,0x33,0x33,0x2d,0x31,0x30,0x2e,
  0x34,0x31,0x30,0x31,0x36,0x2d,0x36,0x2e,0x38,0x37,0x39,0x38,0x37,0x2d,0x2e,0x35,
  0x38,0x39,0x31,0x37,0x2d,0x2e,0x33,0x33,0x33,0x31,0x34,0x2d,0x31,0x2e,0x34,0x35,
  0x37,0x30,0x38,0x2d,0x2e,0x36,0x32,0x31,0x32,0x34,0x2d,0x32,0x2e,0x30,0x33,0x36,
  0x31,0x33,0x2d,0x2e,0x39,0x37,0x31,0x36,0x38,0x2d,0x34,0x2e,0x32,0x30,0x32,0x30,
  0x32,0x2d,0x32,0x2e,0x35,0x34,0x33,0x30,0x34,0x2d,0x38,0x2e,0x36,0x33,0x30,0x30,
  0x35,0x2d,0x37,0x2e,0x37,0x38,0x35,0x30,0x35,0x2d,0x31,0x33,0x2e,0x31,0x30,0x30,
  0x35,0x39,0x2d,0x39,0x2e,0x38,0x31,0x39,0x33,0x33,0x2d,0x35,0x2e,0x31,0x32,0x31,
  0x33,0x31,0x2d,0x32,0x2e,0x33,0x33,0x30,0x34,0x31,0x2d,0x31,0x32,0x2e,0x37,0x32,
  0x37,0x30,0x34,0x2d,0x33,0x2e,0x35,0x33,0x32,0x31,0x39,0x2d,0x31,0x38,0x2e,0x33,
  0x33,0x39,0x38,0x35,0x2d,0x33,0x2e,0x39,0x32,0x35,0x37,0x39,0x2d,0x34,0x2e,0x31,
  0x32,0x38,0x31,0x37,0x2d,0x2e,0x32,0x38,0x39,0x34,0x39,0x2d,0x39,0x2e,0x36,0x38,
  0x32,0x35,0x37,0x20,0x31,0x2e,0x36,0x38,0x35,0x31,0x36,0x2d,0x31,0x33,0x2e,0x37,
  0x35,0x39,0x37,0x36,0x2e,0x39,0x37,0x36,0x35,0x36,0x2d,0x33,0x2e,0x35,0x39,0x37,
  0x33,0x32,0x2d,0x2e,0x36,0x32,0x35,0x32,0x2d,0x37,0x2e,0x37,0x38,0x31,0x33,0x36,
  0x2d,0x33,0x2e,0x34,0x36,0x39,0x36,0x34,0x2d,0x31,0x31,0x2e,0x31,0x33,0x37,0x36,
  0x39,0x2d,0x34,0x2e,0x39,0x30,0x37,0x32,0x32,0x2d,0x33,0x2e,0x35,0x32,0x32,0x32,
  0x31,0x2d,0x31,0x2e,0x35,0x30,0x38,0x36,0x33,0x2d,0x38,0x2e,0x34,0x36,0x30,0x31,
  0x2d,0x33,0x2e,0x30,0x31,0x35,0x30,0x35,0x2d,0x31,0x31,0x2e,0x37,0x39,0x32,0x2d,
  0x34,0x2e,0x39,0x30,0x37,0x32,0x33,0x2d,0x32,0x2e,0x30,0x33,0x32,0x32,0x2d,0x31,
  0x2e,0x31,0x35,0x34,0x30,0x39,0x2d,0x34,0x2e,0x31,0x34,0x32,0x33,0x31,0x2d,0x33,
  0x2e,0x36,0x34,0x34,0x31,0x34,0x2d,0x36,0x2e,0x32,0x35,0x34,0x38,0x37,0x2d,0x34,
  0x2e,0x36,0x34,0x33,0x35,0x36,0x2d,0x33,0x2e,0x35,0x35,0x37,0x30,0x37,0x2d,0x31,
  0x2e,0x36,0x38,0x32,0x38,0x2d,0x39,0x2e,0x30,0x36,0x38,0x34,0x39,0x2d,0x31,0x2e,
  0x37,0x32,0x38,0x34,0x38,0x2d,0x31,0x32,0x2e,0x37,0x32,0x34,0x36,0x31,0x2d,0x33,
  0x2e,0x31,0x38,0x33,0x35,0x39,0x2d,0x34,0x2e,0x36,0x34,0x37,0x31,0x39,0x2d,0x31,
  0x2e,0x38,0x34,0x39,0x35,0x34,0x2d,0x31,0x30,0x2e,0x34,0x35,0x33,0x30,0x36,0x2d,
  0x35,0x2e,0x32,0x37,0x38,0x30,0x34,0x2d,0x31,0x34,0x2e,0x35,0x33,0x31,0x32,0x35,
  0x2d,0x38,0x2e,0x31,0x37,0x33,0x38,0x32,0x2d,0x33,0x2e,0x33,0x35,0x39,0x35,0x2d,
  0x32,0x2e,0x33,0x38,0x35,0x34,0x36,0x2d,0x37,0x2e,0x32,0x39,0x39,0x31,0x30,0x33,
  0x2d,0x36,0x2e,0x32,0x36,0x31,0x36,0x2d,0x31,0x30,0x2e,0x33,0x30,0x32,0x37,0x33,
  0x36,0x2d,0x39,0x2e,0x30,0x38,0x32,0x30,0x34,0x2d,0x31,0x2e,0x31,0x32,0x33,0x35,
  0x36,0x38,0x2d,0x31,0x2e,0x30,0x35,0x35,0x30,0x34,0x2d,0x32,0x2e,0x32,0x32,0x38,
  0x32,0x35,0x38,0x2d,0x32,0x2e,0x39,0x39,0x38,0x31,0x39,0x2d,0x33,0x2e,0x36,0x33,
  0x32,0x38,0x31,0x2d,0x33,0x2e,0x36,0x33,0x32,0x38,0x31,0x2d,0x33,0x2e,0x39,0x30,
  0x30,0x34,0x31,0x31,0x2d,0x31,0x2e,0x37,0x36,0x32,0x33,0x34,0x2d,0x31,0x30,0x2e,
  0x30,0x30,0x38,0x39,0x38,0x2d,0x2e,0x32,0x34,0x36,0x30,0x37,0x2d,0x31,0x34,0x2e,
  0x32,0x33,0x38,0x32,0x39,0x2d,0x2e,0x39,0x30,0x33,0x33,0x32,0x2d,0x31,0x2e,0x31,
  0x31,0x30,0x30,0x35,0x38,0x2d,0x2e,0x31,0x37,0x32,0x35,0x31,0x2d,0x32,0x2e,0x35,
  0x39,0x34,0x38,0x36,0x39,0x2d,0x2e,0x34,0x37,0x38,0x34,0x36,0x2d,0x33,0x2e,0x36,
  0x33,0x32,0x38,0x2d,0x2e,0x39,0x30,0x38,0x32,0x31,0x2d,0x32,0x2e,0x34,0x34,0x37,
  0x35,0x39,0x34,0x2d,0x31,0x2e,0x30,0x31,0x33,0x34,0x32,0x2d,0x35,0x2e,0x34,0x37,
  0x32,0x38,0x37,0x35,0x2d,0x32,0x2e,0x39,0x32,0x36,0x36,0x35,0x2d,0x37,0x2e,0x35,
  0x37,0x33,0x32,0x35,0x2d,0x34,0x2e,0x35,0x34,0x31,0x30,0x31,0x2d,0x31,0x2e,0x37,
  0x30,0x35,0x39,0x32,0x33,0x2d,0x31,0x2e,0x33,0x31,0x31,0x31,0x38,0x2d,0x34,0x2e,
  0x31,0x33,0x35,0x34,0x32,0x2d,0x33,0x2e,0x30,0x39,0x35,0x38,0x37,0x2d,0x35,0x2e,
  0x31,0x34,0x36,0x34,0x39,0x2d,0x34,0x2e,0x39,0x39,0x35,0x31,0x31,0x2d,0x31,0x2e,
  0x36,0x39,0x30,0x34,0x38,0x33,0x2d,0x33,0x2e,0x31,0x37,0x35,0x34,0x38,0x2d,0x31,
  0x2e,0x34,0x37,0x33,0x39,0x32,0x33,0x2d,0x38,0x2e,0x32,0x36,0x33,0x35,0x38,0x2d,
  0x32,0x2e,0x31,0x32,0x34,0x30,0x31,0x2d,0x31,0x31,0x2e,0x38,0x30,0x31,0x37,0x37,
  0x2d,0x2e,0x38,0x30,0x31,0x35,0x30,0x39,0x2d,0x34,0x2e,0x33,0x36,0x32,0x33,0x32,
  0x2d,0x33,0x2e,0x39,0x39,0x36,0x37,0x34,0x2d,0x31,0x30,0x2e,0x32,0x38,0x32,0x32,
  0x36,0x2d,0x32,0x2e,0x37,0x32,0x34,0x36,0x31,0x2d,0x31,0x34,0x2e,0x35,0x33,0x31,
  0x32,0x35,0x2e,0x39,0x37,0x36,0x39,0x37,0x38,0x2d,0x33,0x2e,0x32,0x36,0x33,0x31,
  0x37,0x20,0x35,0x2e,0x36,0x38,0x30,0x31,0x37,0x32,0x2d,0x35,0x2e,0x35,0x37,0x33,
  0x38,0x38,0x20,0x37,0x2e,0x38,0x38,0x30,0x38,0x36,0x2d,0x38,0x2e,0x31,0x37,0x33,
  0x38,0x32,0x20,0x33,0x2e,0x39,0x34,0x32,0x33,0x34,0x35,0x2d,0x34,0x2e,0x36,0x35,
  0x37,0x35,0x38,0x20,0x38,0x2e,0x32,0x31,0x35,0x37,0x38,0x39,0x2d,0x31,0x31,0x2e,
  0x36,0x34,0x34,0x33,0x36,0x20,0x31,0x32,0x2e,0x31,0x30,0x39,0x33,0x37,0x2d,0x31,
  0x36,0x2e,0x33,0x34,0x32,0x37,0x38,0x20,0x32,0x2e,0x39,0x32,0x35,0x34,0x38,0x37,
  0x2d,0x33,0x2e,0x35,0x33,0x30,0x32,0x31,0x20,0x38,0x2e,0x37,0x35,0x37,0x39,0x38,
  0x38,0x2d,0x36,0x2e,0x39,0x33,0x30,0x38,0x33,0x20,0x31,0x30,0x2e,0x33,0x37,0x35,
  0x39,0x38,0x2d,0x31,0x31,0x2e,0x32,0x32,0x30,0x37,0x20,0x32,0x2e,0x38,0x39,0x38,
  0x38,0x38,0x34,0x2d,0x37,0x2e,0x36,0x38,0x35,0x39,0x37,0x2d,0x2e,0x33,0x31,0x37,
  0x38,0x30,0x39,0x2d,0x31,0x39,0x2e,0x31,0x36,0x36,0x37,0x32,0x2d,0x2e,0x36,0x38,
  0x33,0x36,0x2d,0x32,0x37,0x2e,0x33,0x37,0x33,0x30,0x35,0x2d,0x2e,0x32,0x37,0x34,
  0x38,0x35,0x35,0x2d,0x36,0x2e,0x31,0x36,0x36,0x32,0x33,0x2d,0x2e,0x36,0x34,0x37,
  0x34,0x35,0x2d,0x31,0x37,0x2e,0x30,0x33,0x32,0x35,0x31,0x2d,0x31,0x2e,0x33,0x31,
  0x38,0x33,0x36,0x2d,0x32,0x30,0x2e,0x35,0x33,0x32,0x32,0x32,0x2d,0x33,0x2e,0x31,
  0x31,0x32,0x36,0x36,0x35,0x2d,0x2e,0x36,0x33,0x39,0x32,0x36,0x2d,0x32,0x30,0x2e,
  0x38,0x39,0x36,0x33,0x33,0x33,0x20,0x32,0x2e,0x34,0x38,0x39,0x33,0x2d,0x32,0x39,
  0x2e,0x33,0x39,0x39,0x34,0x32,0x2e,0x31,0x34,0x36,0x34,0x39,0x2d,0x32,0x2e,0x35,
  0x35,0x39,0x35,0x31,0x31,0x2d,0x2e,0x37,0x30,0x35,0x32,0x31,0x2d,0x39,0x2e,0x32,
  0x36,0x33,0x37,0x35,0x34,0x2d,0x34,0x2e,0x31,0x35,0x30,0x39,0x35,0x2d,0x31,0x31,
  0x2e,0x33,0x32,0x38,0x31,0x32,0x2d,0x35,0x2e,0x38,0x32,0x30,0x33,0x32,0x2d,0x31,
  0x2e,0x35,0x33,0x39,0x39,0x32,0x34,0x2d,0x31,0x2e,0x32,0x34,0x35,0x32,0x38,0x2d,
  0x31,0x2e,0x34,0x38,0x30,0x38,0x38,0x36,0x2d,0x31,0x33,0x2e,0x35,0x36,0x34,0x34,
  0x36,0x2d,0x31,0x2e,0x34,0x38,0x30,0x38,0x38,0x36,0x2d,0x31,0x33,0x2e,0x35,0x36,
  0x34,0x34,0x36,0x22,0x20,0x66,0x69,0x6c,0x6c,0x3d,0x22,0x6e,0x6f,0x6e,0x65,0x22,
  0x20,0x73,0x74,0x72,0x6f,0x6b,0x65,0x3d,0x22,0x23,0x66,0x61,0x37,0x66,0x37,0x30,
  0x22,0x20,0x73,0x74,0x72,0x6f,0x6b,0x65,0x2d,0x6c,0x69,0x6e,0x65,0x63,0x61,0x70,
  0x3d,0x22,0x72,0x6f,0x75,0x6e,0x64,0x22,0x20,0x73,0x74,0x72,0x6f,0x6b,0x65,0x2d,
  0x6c,0x69,0x6e,0x65,0x6a,0x6f,0x69,0x6e,0x3d,0x22,0x72,0x6f,0x75,0x6e,0x64,0x22,
  0x20,0x73,0x74,0x72,0x6f,0x6b,0x65,0x2d,0x77,0x69,0x64,0x74,0x68,0x3d,0x22,0x32,
  0x2e,0x35,0x22,0x2f,0x3e,0xd,0xa,0x20,0x20,0x20,0x20,0x20,0x20,0x20,0x20,0x3c,
  0x70,0x61,0x74,0x68,0x20,0x64,0x3d,0x22,0x6d,0x33,0x33,0x32,0x2e,0x32,0x30,0x31,
  0x36,0x35,0x20,0x33,0x35,0x31,0x2e,0x36,0x30,0x35,0x39,0x35,0x63,0x31,0x2e,0x36,
  0x34,0x39,0x34,0x32,0x2d,0x31,0x2e,0x32,0x37,0x32,0x39,0x31,0x20,0x31,0x2e,0x30,
  0x34,0x38,0x38,0x35,0x2d,0x37,0x2e,0x31,0x35,0x39,0x36,0x32,0x20,0x31,0x2e,0x33,
  0x32,0x35,0x39,0x37,0x2d,0x39,0x2e,0x32,0x32,0x34,0x35,0x39,0x2e,0x32,0x36,0x37,
  0x33,0x31,0x2d,0x31,0x2e,0x39,0x39,0x31,0x39,0x31,0x2e,0x35,0x31,0x39,0x32,0x34,
  0x2d,0x34,0x2e,0x37,0x35,0x37,0x36,0x39,0x20,0x30,0x2d,0x36,0x2e,0x36,0x39,0x39,
  0x32,0x32,0x2d,0x31,0x2e,0x37,0x39,0x36,0x38,0x34,0x2d,0x36,0x2e,0x37,0x31,0x38,
  0x37,0x31,0x2d,0x39,0x2e,0x38,0x39,0x33,0x37,0x36,0x2d,0x31,0x33,0x2e,0x33,0x33,
  0x38,0x36,0x35,0x2d,0x31,0x31,0x2e,0x35,0x37,0x32,0x32,0x36,0x2d,0x32,0x30,0x2e,
  0x30,0x38,0x37,0x38,0x39,0x2d,0x31,0x2e,0x32,0x35,0x37,0x35,0x38,0x2d,0x35,0x2e,
  0x30,0x35,0x36,0x37,0x31,0x2e,0x39,0x33,0x31,0x32,0x31,0x2d,0x31,0x32,0x2e,0x31,
  0x35,0x37,0x35,0x35,0x2e,0x36,0x31,0x30,0x33,0x35,0x2d,0x31,0x37,0x2e,0x33,0x35,
  0x38,0x34,0x2d,0x2e,0x31,0x34,0x32,0x34,0x2d,0x32,0x2e,0x33,0x30,0x38,0x32,0x35,
  0x2d,0x2e,0x34,0x34,0x36,0x36,0x37,0x2d,0x35,0x2e,0x34,0x33,0x31,0x33,0x31,0x2d,
  0x31,0x2e,0x32,0x31,0x35,0x38,0x31,0x2d,0x37,0x2e,0x36,0x31,0x32,0x33,0x2d,0x2e,
  0x39,0x38,0x30,0x30,0x31,0x2d,0x32,0x2e,0x37,0x37,0x38,0x39,0x33,0x2d,0x33,0x2e,
  0x31,0x37,0x31,0x30,0x32,0x2d,0x36,0x2e,0x31,0x32,0x33,0x34,0x35,0x2d,0x34,0x2e,
  0x38,0x37,0x37,0x39,0x34,0x2d,0x38,0x2e,0x35,0x32,0x35,0x33,0x39,0x2d,0x33,0x2e,
  0x37,0x38,0x37,0x39,0x38,0x2d,0x35,0x2e,0x33,0x33,0x30,0x33,0x36,0x2d,0x38,0x2e,
  0x34,0x33,0x32,0x36,0x38,0x2d,0x31,0x33,0x2e,0x35,0x37,0x31,0x36,0x2d,0x31,0x34,
  0x2e,0x33,0x30,0x36,0x36,0x34,0x2d,0x31,0x36,0x2e,0x34,0x34,0x35,0x33,0x31,0x2d,
  0x31,0x2e,0x34,0x37,0x39,0x39,0x31,0x2d,0x2e,0x37,0x32,0x34,0x30,0x32,0x2d,0x34,
  0x2e,0x33,0x31,0x31,0x33,0x38,0x2e,0x38,0x35,0x35,0x31,0x35,0x2d,0x35,0x2e,0x34,
  0x38,0x33,0x34,0x2d,0x2e,0x33,0x30,0x32,0x37,0x34,0x2d,0x36,0x2e,0x37,0x37,0x33,
  0x31,0x31,0x2d,0x36,0x2e,0x36,0x39,0x31,0x34,0x35,0x2d,0x33,0x2e,0x34,0x39,0x35,
  0x32,0x36,0x2d,0x32,0x32,0x2e,0x32,0x34,0x31,0x38,0x33,0x2d,0x32,0x2e,0x31,0x33,
  0x33,0x37,0x38,0x2d,0x33,0x31,0x2e,0x36,0x36,0x35,0x30,0x34,0x20,0x31,0x2e,0x30,
  0x31,0x36,0x38,0x35,0x2d,0x37,0x2e,0x30,0x33,0x37,0x39,0x33,0x20,0x37,0x2e,0x33,
  0x30,0x32,0x39,0x37,0x2d,0x31,0x35,0x2e,0x31,0x38,0x30,0x31,0x36,0x20,0x38,0x2e,
  0x32,0x32,0x32,0x36,0x35,0x2d,0x32,0x32,0x2e,0x32,0x33,0x31,0x34,0x35,0x20,0x31,
  0x2e,0x32,0x34,0x35,0x39,0x33,0x2d,0x39,0x2e,0x35,0x35,0x32,0x37,0x34,0x2d,0x32,
  0x2e,0x35,0x38,0x35,0x31,0x38,0x2d,0x32,0x32,0x2e,0x33,0x34,0x34,0x39,0x35,0x2d,
  0x33,0x2e,0x30,0x34,0x31,0x39,0x39,0x2d,0x33,0x31,0x2e,0x39,0x36,0x37,0x37,0x37,
  0x2d,0x2e,0x31,0x39,0x34,0x39,0x31,0x2d,0x34,0x2e,0x31,0x30,0x35,0x37,0x33,0x20,
  0x31,0x2e,0x30,0x34,0x31,0x37,0x39,0x2d,0x39,0x2e,0x37,0x32,0x35,0x30,0x34,0x20,
  0x30,0x2d,0x31,0x33,0x2e,0x37,0x30,0x31,0x31,0x38,0x2d,0x31,0x2e,0x32,0x37,0x35,
  0x30,0x33,0x2d,0x34,0x2e,0x38,0x36,0x36,0x33,0x34,0x2d,0x39,0x2e,0x34,0x35,0x31,
  0x39,0x31,0x2d,0x39,0x2e,0x37,0x33,0x36,0x31,0x35,0x2d,0x38,0x2e,0x32,0x32,0x32,
  0x36,0x35,0x2d,0x31,0x34,0x2e,0x36,0x31,0x34,0x32,0x35,0x2e,0x37,0x39,0x32,0x37,
  0x34,0x2d,0x33,0x2e,0x31,0x34,0x35,0x38,0x33,0x20,0x37,0x2e,0x30,0x34,0x34,0x32,
  0x31,0x2d,0x33,0x2e,0x33,0x30,0x36,0x31,0x37,0x20,0x39,0x2e,0x31,0x33,0x35,0x37,
  0x34,0x2d,0x35,0x2e,0x37,0x38,0x36,0x31,0x33,0x20,0x33,0x2e,0x30,0x36,0x32,0x34,
  0x33,0x2d,0x33,0x2e,0x36,0x33,0x31,0x31,0x38,0x20,0x35,0x2e,0x31,0x36,0x31,0x35,
  0x36,0x2d,0x39,0x2e,0x39,0x35,0x36,0x34,0x37,0x20,0x36,0x2e,0x30,0x39,0x33,0x37,
  0x35,0x2d,0x31,0x34,0x2e,0x36,0x31,0x34,0x32,0x35,0x20,0x31,0x2e,0x35,0x37,0x37,
  0x36,0x32,0x2d,0x37,0x2e,0x38,0x38,0x32,0x37,0x34,0x20,0x31,0x2e,0x33,0x35,0x30,
  0x39,0x36,0x2d,0x31,0x38,0x2e,0x38,0x37,0x32,0x31,0x34,0x20,0x30,0x2d,0x32,0x36,
  0x2e,0x37,0x39,0x36,0x38,0x38,0x2d,0x2e,0x39,0x32,0x37,0x32,0x35,0x2d,0x35,0x2e,
  0x34,0x33,0x39,0x32,0x33,0x34,0x2d,0x35,0x2e,0x36,0x35,0x33,0x34,0x38,0x2d,0x31,
  0x31,0x2e,0x38,0x35,0x33,0x34,0x30,0x39,0x2d,0x36,0x2e,0x30,0x39,0x33,0x37,0x35,
  0x2d,0x31,0x37,0x2e,0x33,0x35,0x33,0x35,0x32,0x2d,0x2e,0x33,0x33,0x34,0x37,0x38,
  0x2d,0x34,0x2e,0x31,0x38,0x32,0x32,0x36,0x38,0x20,0x32,0x2e,0x35,0x37,0x33,0x37,
  0x34,0x2d,0x39,0x2e,0x35,0x37,0x30,0x31,0x34,0x33,0x20,0x32,0x2e,0x34,0x37,0x35,
  0x35,0x38,0x2d,0x31,0x33,0x2e,0x37,0x36,0x34,0x36,0x34,0x2d,0x2e,0x30,0x35,0x38,
  0x37,0x34,0x2d,0x32,0x2e,0x35,0x31,0x30,0x32,0x31,0x35,0x2d,0x31,0x2e,0x38,0x36,
  0x35,0x32,0x33,0x2d,0x38,0x2e,0x31,0x35,0x39,0x31,0x39,0x2d,0x31,0x2e,0x38,0x36,
  0x35,0x32,0x33,0x2d,0x38,0x2e,0x31,0x35,0x39,0x31,0x39,0x22,0x20,0x66,0x69,0x6c,
  0x6c,0x3d,0x22,0x6e,0x6f,0x6e,0x65,0x22,0x20,0x73,0x74,0x72,0x6f,0x6b,0x65,0x3d,
  0x22,0x23,0x66,0x61,0x37,0x66,0x37,0x30,0x22,0x20,0x73,0x74,0x72,0x6f,0x6b,0x65,
  0x2d,0x6c,0x69,0x6e,0x65,0x63,0x61,0x70,0x3d,0x22,0x72,0x6f,0x75,0x6e,0x64,0x22,
  0x20,0x73,0x74,0x72,0x6f,0x6b,0x65,0x2d,0x6c,0x69,0x6e,0x65,0x6a,0x6f,0x69,0x6e,
  0x3d,0x22,0x72,0x6f,0x75,0x6e,0x64,0x22,0x20,0x73,0x74,0x72,0x6f,0x6b,0x65,0x2d,
  0x77,0x69,0x64,0x74,0x68,0x3d,0x22,0x32,0x2e,0x35,0x22,0x2f,0x3e,0xd,0xa,0x20,
  0x20,0x20,0x20,0x20,0x20,0x20,0x20,0x3c,0x70,0x61,0x74,0x68,0x20,0x64,0x3d,0x22,
  0x6d,0x38,0x30,0x2e,0x38,0x37,0x31,0x33,0x37,0x34,0x20,0x34,0x35,0x37,0x2e,0x31,
  0x38,0x36,0x30,0x35,0x73,0x2d,0x31,0x2e,0x33,0x36,0x36,0x32,0x33,0x32,0x2d,0x31,
  0x34,0x2e,0x31,0x33,0x36,0x39,0x38,0x2d,0x2e,0x37,0x34,0x37,0x30,0x36,0x2d,0x32,
  0x30,0x2e,0x31,0x35,0x36,0x32,0x35,0x63,0x2e,0x37,0x38,0x33,0x35,0x33,0x35,0x2d,
  0x37,0x2e,0x36,0x31,0x37,0x31,0x32,0x20,0x34,0x2e,0x36,0x32,0x34,0x35,0x38,0x36,
  0x2d,0x31,0x37,0x2e,0x32,0x37,0x30,0x30,0x34,0x20,0x36,0x2e,0x31,0x31,0x38,0x31,
  0x36,0x2d,0x32,0x34,0x2e,0x37,0x38,0x30,0x32,0x38,0x20,0x31,0x2e,0x33,0x32,0x33,
  0x38,0x36,0x33,0x2d,0x36,0x2e,0x36,0x35,0x36,0x38,0x37,0x20,0x31,0x2e,0x32,0x34,
  0x38,0x30,0x35,0x32,0x2d,0x31,0x35,0x2e,0x39,0x32,0x38,0x39,0x35,0x20,0x33,0x2e,
  0x33,0x39,0x33,0x35,0x35,0x2d,0x32,0x32,0x2e,0x33,0x36,0x38,0x31,0x36,0x20,0x31,
  0x2e,0x37,0x36,0x39,0x30,0x31,0x36,0x2d,0x35,0x2e,0x33,0x30,0x39,0x32,0x39,0x20,
  0x35,0x2e,0x37,0x39,0x38,0x36,0x33,0x34,0x2d,0x31,0x31,0x2e,0x37,0x32,0x37,0x30,
  0x39,0x20,0x38,0x2e,0x38,0x32,0x33,0x32,0x35,0x2d,0x31,0x36,0x2e,0x34,0x33,0x35,
  0x35,0x35,0x20,0x33,0x2e,0x39,0x34,0x39,0x31,0x30,0x36,0x2d,0x36,0x2e,0x31,0x34,
  0x37,0x36,0x33,0x20,0x31,0x30,0x2e,0x35,0x36,0x35,0x37,0x34,0x36,0x2d,0x31,0x33,
  0x2e,0x33,0x39,0x33,0x30,0x34,0x20,0x31,0x34,0x2e,0x37,0x32,0x36,0x35,0x34,0x36,
  0x2d,0x31,0x39,0x2e,0x33,0x39,0x39,0x34,0x31,0x20,0x35,0x2e,0x34,0x32,0x38,0x38,
  0x32,0x2d,0x37,0x2e,0x38,0x33,0x36,0x38,0x34,0x20,0x31,0x32,0x2e,0x32,0x39,0x39,
  0x33,0x2d,0x31,0x38,0x2e,0x35,0x35,0x38,0x38,0x35,0x20,0x31,0x36,0x2e,0x39,0x34,
  0x33,0x33,0x37,0x2d,0x32,0x36,0x2e,0x38,0x38,0x34,0x37,0x36,0x20,0x34,0x2e,0x30,
  0x33,0x31,0x32,0x34,0x2d,0x37,0x2e,0x32,0x32,0x37,0x32,0x33,0x20,0x36,0x2e,0x34,
  0x34,0x38,0x34,0x39,0x2d,0x31,0x38,0x2e,0x37,0x35,0x37,0x33,0x37,0x20,0x31,0x32,
  0x2e,0x31,0x32,0x38,0x39,0x31,0x2d,0x32,0x34,0x2e,0x37,0x37,0x35,0x33,0x39,0x20,
  0x34,0x2e,0x32,0x35,0x31,0x33,0x39,0x2d,0x34,0x2e,0x35,0x30,0x34,0x30,0x36,0x20,
  0x31,0x32,0x2e,0x33,0x36,0x39,0x32,0x36,0x2d,0x37,0x2e,0x35,0x32,0x36,0x35,0x33,
  0x20,0x31,0x37,0x2e,0x39,0x38,0x38,0x32,0x37,0x2d,0x31,0x30,0x2e,0x31,0x33,0x31,
  0x38,0x34,0x20,0x36,0x2e,0x34,0x36,0x36,0x36,0x36,0x2d,0x32,0x2e,0x39,0x39,0x38,
  0x33,0x34,0x20,0x31,0x35,0x2e,0x32,0x37,0x38,0x36,0x33,0x2d,0x36,0x2e,0x39,0x30,
  0x35,0x33,0x38,0x20,0x32,0x32,0x2e,0x32,0x37,0x35,0x34,0x2d,0x38,0x2e,0x32,0x36,
  0x36,0x36,0x31,0x20,0x37,0x2e,0x33,0x30,0x33,0x32,0x2d,0x31,0x2e,0x34,0x32,0x30,
  0x38,0x34,0x20,0x31,0x37,0x2e,0x33,0x39,0x30,0x38,0x31,0x2d,0x31,0x2e,0x34,0x39,
  0x36,0x38,0x20,0x32,0x34,0x2e,0x37,0x39,0x30,0x30,0x34,0x2d,0x2e,0x37,0x31,0x37,
  0x37,0x36,0x20,0x38,0x2e,0x31,0x36,0x32,0x32,0x39,0x2e,0x38,0x35,0x39,0x33,0x38,
  0x20,0x31,0x39,0x2e,0x33,0x39,0x34,0x38,0x37,0x20,0x32,0x2e,0x35,0x30,0x36,0x36,
  0x31,0x20,0x32,0x36,0x2e,0x35,0x38,0x32,0x30,0x33,0x20,0x36,0x2e,0x34,0x36,0x39,
  0x37,0x32,0x20,0x33,0x2e,0x36,0x32,0x30,0x34,0x39,0x20,0x31,0x2e,0x39,0x39,0x36,
  0x33,0x39,0x20,0x36,0x2e,0x38,0x32,0x38,0x39,0x38,0x20,0x36,0x2e,0x38,0x31,0x39,
  0x34,0x37,0x20,0x39,0x2e,0x39,0x30,0x32,0x33,0x35,0x20,0x39,0x2e,0x35,0x38,0x34,
  0x39,0x36,0x20,0x35,0x2e,0x35,0x34,0x38,0x30,0x39,0x20,0x34,0x2e,0x39,0x39,0x32,
  0x33,0x20,0x31,0x35,0x2e,0x36,0x32,0x31,0x30,0x32,0x20,0x39,0x2e,0x33,0x34,0x37,
  0x30,0x34,0x20,0x31,0x39,0x2e,0x30,0x38,0x36,0x39,0x31,0x20,0x31,0x35,0x2e,0x39,
  0x35,0x37,0x30,0x33,0x20,0x31,0x2e,0x31,0x38,0x35,0x31,0x36,0x20,0x32,0x2e,0x32,
  0x36,0x30,0x32,0x38,0x2e,0x38,0x38,0x33,0x30,0x33,0x20,0x34,0x2e,0x31,0x37,0x36,
  0x30,0x34,0x20,0x31,0x2e,0x30,0x32,0x38,0x39,0x20,0x36,0x2e,0x39,0x35,0x36,0x34,
  0x34,0x2e,0x30,0x37,0x37,0x31,0x20,0x31,0x2e,0x34,0x36,0x39,0x37,0x31,0x2e,0x38,
  0x37,0x38,0x36,0x35,0x20,0x34,0x2e,0x32,0x39,0x36,0x30,0x37,0x2e,0x39,0x30,0x33,
  0x37,0x32,0x20,0x35,0x2e,0x37,0x36,0x37,0x35,0x38,0x2e,0x31,0x34,0x31,0x37,0x33,
  0x20,0x38,0x2e,0x35,0x37,0x33,0x32,0x35,0x20,0x31,0x30,0x2e,0x32,0x30,0x39,0x31,
  0x34,0x2d,0x34,0x2e,0x31,0x37,0x35,0x30,0x36,0x20,0x31,0x33,0x2e,0x37,0x30,0x37,
  0x30,0x33,0x2d,0x34,0x2e,0x33,0x39,0x33,0x39,0x35,0x20,0x34,0x2e,0x32,0x30,0x31,
  0x35,0x36,0x2d,0x2e,0x32,0x36,0x32,0x39,0x32,0x20,0x39,0x2e,0x39,0x38,0x38,0x30,
  0x35,0x2e,0x36,0x34,0x34,0x31,0x36,0x20,0x31,0x33,0x2e,0x38,0x33,0x33,0x20,0x32,
  0x2e,0x33,0x35,0x38,0x34,0x20,0x32,0x2e,0x37,0x32,0x35,0x37,0x31,0x20,0x31,0x2e,
  0x32,0x31,0x35,0x32,0x33,0x20,0x36,0x2e,0x37,0x39,0x31,0x35,0x20,0x33,0x2e,0x33,
  0x36,0x37,0x32,0x32,0x20,0x37,0x2e,0x37,0x39,0x37,0x38,0x35,0x20,0x36,0x2e,0x31,
  0x37,0x36,0x37,0x37,0x2e,0x39,0x31,0x33,0x37,0x32,0x20,0x32,0x2e,0x35,0x35,0x30,
  0x39,0x35,0x2d,0x2e,0x33,0x39,0x37,0x30,0x38,0x20,0x36,0x2e,0x35,0x37,0x39,0x36,
  0x2d,0x31,0x2e,0x39,0x30,0x39,0x31,0x38,0x20,0x38,0x2e,0x38,0x32,0x38,0x31,0x32,
  0x2d,0x2e,0x37,0x39,0x32,0x32,0x20,0x31,0x2e,0x31,0x37,0x38,0x30,0x32,0x2d,0x33,
  0x2e,0x39,0x30,0x36,0x32,0x35,0x20,0x32,0x2e,0x36,0x37,0x30,0x39,0x2d,0x33,0x2e,
  0x39,0x30,0x36,0x32,0x35,0x20,0x32,0x2e,0x36,0x37,0x30,0x39,0x22,0x20,0x66,0x69,
  0x6c,0x6c,0x3d,0x22,0x6e,0x6f,0x6e,0x65,0x22,0x20,0x73,0x74,0x72,0x6f,0x6b,0x65,
  0x3d,0x22,0x23,0x66,0x61,0x37,0x66,0x37,0x30,0x22,0x20,0x73,0x74,0x72,0x6f,0x6b,
  0x65,0x2d,0x6c,0x69,0x6e,0x65,0x63,0x61,0x70,0x3d,0x22,0x72,0x6f,0x75,0x6e,0x64,
  0x22,0x20,0x73,0x74,0x72,0x6f,0x6b,0x65,0x2d,0x6c,0x69,0x6e,0x65,0x6a,0x6f,0x69,
  0x6e,0x3d,0x22,0x72,0x6f,0x75,0x6e,0x64,0x22,0x20,0x73,0x74,0x72,0x6f,0x6b,0x65,
  0x2d,0x77,0x69,0x64,0x74,0x68,0x3d,0x22,0x32,0x2e,0x35,0x22,0x2f,0x3e,0xd,0xa,
  0x20,0x20,0x20,0x20,0x20,0x20,0x20,0x20,0x3c,0x70,0x61,0x74,0x68,0x20,0x64,0x3d,
  0x22,0x6d,0x31,0x34,0x32,0x2e,0x32,0x35,0x38,0x31,0x20,0x33,0x30,0x32,0x2e,0x33,
  0x38,0x36,0x32,0x35,0x73,0x2e,0x38,0x38,0x33,0x34,0x37,0x2d,0x31,0x31,0x2e,0x36,
  0x34,0x34,0x31,0x34,0x20,0x32,0x2e,0x34,0x39,0x30,0x32,0x32,0x2d,0x31,0x36,0x2e,
  0x33,0x33,0x33,0x30,0x31,0x63,0x31,0x2e,0x34,0x35,0x37,0x38,0x38,0x2d,0x34,0x2e,
  0x32,0x35,0x34,0x34,0x33,0x20,0x34,0x2e,0x35,0x34,0x31,0x36,0x33,0x2d,0x39,0x2e,
  0x35,0x34,0x32,0x34,0x35,0x20,0x37,0x2e,0x33,0x30,0x34,0x37,0x2d,0x31,0x33,0x2e,
  0x30,0x39,0x30,0x38,0x33,0x20,0x32,0x2e,0x37,0x37,0x39,0x36,0x2d,0x33,0x2e,0x35,
  0x36,0x39,0x36,0x31,0x20,0x37,0x2e,0x31,0x33,0x36,0x36,0x34,0x2d,0x37,0x2e,0x39,
  0x34,0x33,0x36,0x31,0x20,0x31,0x30,0x2e,0x39,0x36,0x36,0x37,0x39,0x2d,0x31,0x30,
  0x2e,0x33,0x35,0x31,0x35,0x36,0x20,0x32,0x2e,0x38,0x31,0x34,0x31,0x37,0x2d,0x31,
  0x2e,0x37,0x36,0x39,0x32,0x32,0x20,0x37,0x2e,0x32,0x30,0x36,0x35,0x31,0x2d,0x32,
  0x2e,0x38,0x37,0x34,0x34,0x35,0x20,0x31,0x30,0x2e,0x33,0x34,0x36,0x36,0x39,0x2d,
  0x33,0x2e,0x39,0x36,0x34,0x38,0x34,0x20,0x34,0x2e,0x33,0x33,0x38,0x36,0x37,0x2d,
  0x31,0x2e,0x35,0x30,0x36,0x35,0x35,0x20,0x31,0x30,0x2e,0x37,0x33,0x33,0x39,0x32,
  0x2d,0x32,0x2e,0x31,0x30,0x33,0x35,0x37,0x20,0x31,0x34,0x2e,0x36,0x31,0x34,0x32,
  0x35,0x2d,0x34,0x2e,0x35,0x36,0x30,0x35,0x35,0x20,0x33,0x2e,0x39,0x38,0x37,0x37,
  0x39,0x2d,0x32,0x2e,0x35,0x32,0x35,0x30,0x32,0x20,0x37,0x2e,0x33,0x36,0x34,0x34,
  0x39,0x2d,0x38,0x2e,0x31,0x39,0x32,0x34,0x34,0x20,0x31,0x30,0x2e,0x36,0x35,0x39,
  0x31,0x39,0x2d,0x31,0x31,0x2e,0x35,0x37,0x32,0x32,0x36,0x20,0x32,0x2e,0x39,0x33,
  0x30,0x37,0x36,0x2d,0x33,0x2e,0x30,0x30,0x36,0x34,0x38,0x20,0x37,0x2e,0x37,0x36,
  0x33,0x35,0x39,0x2d,0x36,0x2e,0x32,0x31,0x38,0x39,0x39,0x20,0x31,0x30,0x2e,0x30,
  0x34,0x38,0x38,0x32,0x2d,0x39,0x2e,0x37,0x34,0x31,0x32,0x31,0x20,0x36,0x2e,0x30,
  0x38,0x37,0x34,0x38,0x2d,0x39,0x2e,0x33,0x38,0x32,0x36,0x34,0x20,0x39,0x2e,0x39,
  0x33,0x37,0x34,0x2d,0x32,0x34,0x2e,0x32,0x30,0x34,0x35,0x31,0x20,0x31,0x32,0x2e,
  0x37,0x38,0x38,0x30,0x39,0x2d,0x33,0x35,0x2e,0x30,0x31,0x39,0x35,0x34,0x2e,0x37,
  0x30,0x37,0x38,0x33,0x2d,0x32,0x2e,0x36,0x38,0x35,0x34,0x2e,0x34,0x33,0x34,0x32,
  0x2d,0x36,0x2e,0x35,0x37,0x36,0x32,0x36,0x20,0x31,0x2e,0x35,0x32,0x33,0x34,0x34,
  0x2d,0x39,0x2e,0x31,0x33,0x30,0x38,0x35,0x20,0x32,0x2e,0x38,0x31,0x35,0x39,0x36,
  0x2d,0x36,0x2e,0x36,0x30,0x34,0x32,0x33,0x20,0x38,0x2e,0x32,0x39,0x39,0x37,0x31,
  0x2d,0x31,0x35,0x2e,0x32,0x35,0x32,0x33,0x35,0x20,0x31,0x34,0x2e,0x33,0x30,0x36,
  0x36,0x33,0x2d,0x31,0x39,0x2e,0x31,0x38,0x34,0x35,0x38,0x20,0x34,0x2e,0x37,0x30,
  0x39,0x33,0x34,0x2d,0x33,0x2e,0x30,0x38,0x32,0x38,0x31,0x20,0x31,0x33,0x2e,0x33,
  0x38,0x36,0x39,0x36,0x2d,0x31,0x2e,0x34,0x36,0x35,0x37,0x33,0x20,0x31,0x38,0x2e,
  0x32,0x37,0x31,0x34,0x39,0x2d,0x34,0x2e,0x32,0x36,0x32,0x37,0x20,0x34,0x2e,0x33,
  0x37,0x33,0x35,0x2d,0x32,0x2e,0x35,0x30,0x34,0x33,0x34,0x20,0x36,0x2e,0x39,0x34,
  0x31,0x30,0x38,0x2d,0x31,0x30,0x2e,0x31,0x38,0x39,0x39,0x31,0x20,0x31,0x31,0x2e,
  0x35,0x37,0x32,0x32,0x36,0x2d,0x31,0x32,0x2e,0x31,0x37,0x37,0x37,0x32,0x20,0x33,
  0x2e,0x31,0x38,0x38,0x38,0x38,0x2d,0x31,0x2e,0x33,0x36,0x38,0x37,0x34,0x20,0x38,
  0x2e,0x34,0x36,0x33,0x30,0x34,0x20,0x31,0x2e,0x36,0x37,0x34,0x34,0x38,0x20,0x31,
  0x31,0x2e,0x39,0x32,0x34,0x35,0x33,0x20,0x31,0x2e,0x34,0x32,0x38,0x35,0x37,0x20,
  0x33,0x2e,0x38,0x36,0x35,0x36,0x2d,0x2e,0x32,0x37,0x34,0x36,0x32,0x20,0x38,0x2e,
  0x30,0x30,0x39,0x31,0x39,0x2d,0x32,0x2e,0x35,0x39,0x37,0x33,0x31,0x20,0x31,0x32,
  0x2e,0x34,0x33,0x30,0x39,0x35,0x2d,0x33,0x2e,0x32,0x35,0x34,0x37,0x35,0x20,0x32,
  0x2e,0x34,0x33,0x30,0x35,0x31,0x2d,0x2e,0x33,0x36,0x31,0x33,0x38,0x20,0x33,0x2e,
  0x37,0x35,0x36,0x33,0x38,0x20,0x34,0x2e,0x37,0x30,0x35,0x35,0x36,0x20,0x36,0x2e,
  0x30,0x38,0x38,0x38,0x36,0x20,0x35,0x2e,0x34,0x37,0x38,0x35,0x32,0x20,0x31,0x30,
  0x2e,0x35,0x37,0x30,0x32,0x39,0x20,0x33,0x2e,0x35,0x30,0x32,0x38,0x39,0x20,0x32,
  0x36,0x2e,0x30,0x32,0x34,0x31,0x2d,0x35,0x2e,0x35,0x33,0x38,0x32,0x35,0x20,0x33,
  0x36,0x2e,0x39,0x35,0x39,0x33,0x31,0x2d,0x33,0x2e,0x34,0x33,0x35,0x32,0x37,0x20,
  0x36,0x2e,0x31,0x37,0x37,0x39,0x35,0x20,0x31,0x2e,0x31,0x38,0x38,0x31,0x20,0x31,
  0x34,0x2e,0x33,0x32,0x34,0x34,0x36,0x20,0x34,0x2e,0x39,0x39,0x39,0x31,0x33,0x20,
  0x31,0x38,0x2e,0x36,0x37,0x31,0x32,0x37,0x20,0x39,0x2e,0x35,0x34,0x37,0x30,0x39,
  0x20,0x36,0x2e,0x31,0x35,0x31,0x36,0x34,0x20,0x36,0x2e,0x34,0x33,0x36,0x33,0x32,
  0x20,0x36,0x2e,0x34,0x36,0x32,0x32,0x38,0x20,0x32,0x30,0x2e,0x32,0x38,0x37,0x36,
  0x20,0x31,0x32,0x2e,0x33,0x30,0x32,0x37,0x37,0x20,0x32,0x37,0x2e,0x30,0x30,0x37,
  0x35,0x34,0x20,0x35,0x2e,0x39,0x31,0x32,0x33,0x37,0x20,0x36,0x2e,0x38,0x30,0x32,
  0x36,0x35,0x20,0x31,0x35,0x2e,0x36,0x33,0x32,0x39,0x20,0x37,0x2e,0x30,0x34,0x37,
  0x38,0x36,0x20,0x32,0x30,0x2e,0x37,0x39,0x31,0x39,0x38,0x20,0x31,0x34,0x2e,0x31,
  0x32,0x32,0x32,0x37,0x20,0x35,0x2e,0x39,0x35,0x33,0x31,0x37,0x20,0x38,0x2e,0x31,
  0x36,0x33,0x33,0x20,0x31,0x37,0x2e,0x30,0x39,0x30,0x39,0x31,0x20,0x33,0x32,0x2e,
  0x36,0x37,0x34,0x35,0x38,0x20,0x31,0x37,0x2e,0x38,0x35,0x38,0x34,0x37,0x20,0x35,
  0x32,0x2e,0x37,0x32,0x38,0x34,0x38,0x2e,0x37,0x32,0x30,0x35,0x32,0x20,0x31,0x38,
  0x2e,0x38,0x32,0x34,0x36,0x39,0x2d,0x33,0x2e,0x37,0x34,0x35,0x36,0x33,0x20,0x34,
  0x30,0x2e,0x30,0x36,0x38,0x32,0x32,0x2e,0x39,0x34,0x39,0x32,0x34,0x20,0x34,0x38,
  0x2e,0x38,0x38,0x30,0x33,0x32,0x20,0x35,0x2e,0x30,0x37,0x37,0x33,0x35,0x20,0x39,
  0x2e,0x35,0x32,0x39,0x39,0x37,0x20,0x32,0x36,0x2e,0x38,0x30,0x36,0x37,0x35,0x20,
  0x32,0x32,0x2e,0x33,0x38,0x38,0x38,0x38,0x20,0x33,0x39,0x2e,0x36,0x30,0x31,0x35,
  0x31,0x20,0x33,0x36,0x2e,0x34,0x34,0x39,0x32,0x33,0x20,0x35,0x2e,0x32,0x34,0x35,
  0x37,0x32,0x20,0x35,0x2e,0x37,0x36,0x34,0x36,0x20,0x32,0x33,0x2e,0x33,0x31,0x34,
  0x34,0x37,0x20,0x32,0x34,0x2e,0x36,0x35,0x39,0x35,0x33,0x20,0x32,0x36,0x2e,0x38,
  0x32,0x34,0x38,0x31,0x20,0x33,0x31,0x2e,0x37,0x37,0x35,0x33,0x33,0x22,0x20,0x66,
  0x69,0x6c,0x6c,0x3d,0x22,0x6e,0x6f,0x6e,0x65,0x22,0x20,0x73,0x74,0x72,0x6f,0x6b,
  0x65,0x3d,0x22,0x23,0x66,0x61,0x37,0x66,0x37,0x30,0x22,0x20,0x73,0x74,0x72,0x6f,
  0x6b,0x65,0x2d,0x6c,0x69,0x6e,0x65,0x63,0x61,0x70,0x3d,0x22,0x72,0x6f,0x75,0x6e,
  0x64,0x22,0x20,0x73,0x74,0x72,0x6f,0x6b,0x65,0x2d,0x6c,0x69,0x6e,0x65,0x6a,0x6f,
  0x69,0x6e,0x3d,0x22,0x72,0x6f,0x75,0x6e,0x64,0x22,0x20,0x73,0x74,0x72,0x6f,0x6b,
  0x65,0x2d,0x77,0x69,0x64,0x74,0x68,0x3d,0x22,0x32,0x2e,0x35,0x22,0x2f,0x3e,0xd,
  0xa,0x20,0x20,0x20,0x20,0x20,0x20,0x20,0x20,0x3c,0x70,0x61,0x74,0x68,0x20,0x64,
  0x3d,0x22,0x6d,0x32,0x36,0x39,0x2e,0x35,0x38,0x32,0x33,0x31,0x20,0x33,0x30,0x38,
  0x2e,0x38,0x39,0x30,0x31,0x35,0x73,0x2d,0x34,0x2e,0x30,0x38,0x36,0x38,0x36,0x20,
  0x37,0x2e,0x33,0x33,0x35,0x37,0x39,0x2d,0x36,0x2e,0x36,0x39,0x39,0x32,0x31,0x20,
  0x36,0x2e,0x33,0x39,0x31,0x36,0x63,0x2d,0x35,0x2e,0x39,0x36,0x36,0x31,0x31,0x2d,
  0x32,0x2e,0x31,0x35,0x36,0x33,0x34,0x2d,0x32,0x2e,0x31,0x39,0x32,0x32,0x33,0x2d,
  0x31,0x34,0x2e,0x36,0x36,0x36,0x35,0x34,0x2d,0x32,0x2e,0x34,0x33,0x31,0x36,0x35,
  0x2d,0x32,0x31,0x2e,0x30,0x30,0x35,0x38,0x36,0x2d,0x2e,0x31,0x37,0x32,0x35,0x31,
  0x2d,0x34,0x2e,0x35,0x36,0x37,0x37,0x33,0x2d,0x31,0x2e,0x30,0x30,0x32,0x38,0x34,
  0x2d,0x31,0x30,0x2e,0x39,0x34,0x35,0x39,0x2e,0x36,0x30,0x35,0x34,0x37,0x2d,0x31,
  0x35,0x2e,0x32,0x32,0x34,0x36,0x20,0x32,0x2e,0x31,0x34,0x38,0x34,0x37,0x2d,0x35,
  0x2e,0x37,0x31,0x35,0x37,0x32,0x20,0x31,0x30,0x2e,0x32,0x30,0x36,0x32,0x37,0x2d,
  0x31,0x30,0x2e,0x33,0x30,0x31,0x34,0x38,0x20,0x31,0x32,0x2e,0x37,0x38,0x38,0x30,
  0x39,0x2d,0x31,0x35,0x2e,0x38,0x33,0x34,0x39,0x37,0x20,0x34,0x2e,0x30,0x31,0x34,
  0x33,0x2d,0x38,0x2e,0x36,0x30,0x33,0x36,0x35,0x20,0x32,0x2e,0x31,0x38,0x31,0x33,
  0x35,0x2d,0x32,0x32,0x2e,0x34,0x30,0x34,0x32,0x31,0x20,0x36,0x2e,0x30,0x39,0x33,
  0x37,0x35,0x2d,0x33,0x31,0x2e,0x30,0x35,0x34,0x36,0x38,0x20,0x31,0x2e,0x32,0x33,
  0x34,0x35,0x35,0x2d,0x32,0x2e,0x37,0x32,0x39,0x36,0x33,0x20,0x35,0x2e,0x30,0x34,
  0x32,0x38,0x37,0x2d,0x35,0x2e,0x31,0x30,0x37,0x37,0x35,0x20,0x36,0x2e,0x30,0x38,
  0x38,0x38,0x36,0x2d,0x37,0x2e,0x39,0x31,0x35,0x30,0x34,0x20,0x31,0x2e,0x36,0x36,
  0x31,0x33,0x38,0x2d,0x34,0x2e,0x34,0x35,0x38,0x39,0x32,0x20,0x31,0x2e,0x35,0x35,
  0x38,0x34,0x38,0x2d,0x31,0x31,0x2e,0x31,0x32,0x30,0x35,0x35,0x2e,0x39,0x31,0x33,
  0x30,0x39,0x2d,0x31,0x35,0x2e,0x38,0x33,0x34,0x39,0x36,0x2d,0x2e,0x34,0x39,0x37,
  0x36,0x38,0x2d,0x33,0x2e,0x36,0x33,0x35,0x34,0x31,0x2d,0x33,0x2e,0x35,0x33,0x32,
  0x39,0x37,0x2d,0x37,0x2e,0x39,0x32,0x37,0x38,0x38,0x2d,0x33,0x2e,0x39,0x35,0x39,
  0x39,0x36,0x2d,0x31,0x31,0x2e,0x35,0x37,0x32,0x32,0x37,0x2d,0x2e,0x36,0x36,0x32,
  0x30,0x38,0x2d,0x35,0x2e,0x36,0x35,0x30,0x38,0x37,0x2e,0x30,0x34,0x33,0x36,0x34,
  0x2d,0x31,0x33,0x2e,0x34,0x37,0x33,0x38,0x38,0x20,0x31,0x2e,0x38,0x32,0x36,0x31,
  0x37,0x2d,0x31,0x38,0x2e,0x38,0x37,0x36,0x39,0x36,0x2e,0x36,0x36,0x37,0x35,0x39,
  0x2d,0x32,0x2e,0x30,0x32,0x33,0x35,0x36,0x20,0x33,0x2e,0x32,0x39,0x33,0x31,0x39,
  0x2d,0x33,0x2e,0x39,0x38,0x39,0x33,0x35,0x20,0x33,0x2e,0x36,0x35,0x37,0x32,0x33,
  0x2d,0x36,0x2e,0x30,0x38,0x38,0x38,0x36,0x2e,0x33,0x39,0x37,0x38,0x39,0x2d,0x32,
  0x2e,0x32,0x39,0x34,0x37,0x33,0x2d,0x2e,0x35,0x38,0x36,0x34,0x38,0x2d,0x35,0x2e,
  0x34,0x38,0x30,0x31,0x31,0x2d,0x31,0x2e,0x35,0x32,0x33,0x34,0x34,0x2d,0x37,0x2e,
  0x36,0x31,0x32,0x33,0x2d,0x31,0x2e,0x36,0x38,0x33,0x32,0x32,0x2d,0x33,0x2e,0x38,
  0x33,0x30,0x34,0x33,0x2d,0x35,0x2e,0x39,0x36,0x38,0x31,0x34,0x2d,0x37,0x2e,0x38,
  0x39,0x32,0x38,0x2d,0x37,0x2e,0x38,0x36,0x35,0x35,0x31,0x2d,0x31,0x31,0x2e,0x36,
  0x32,0x31,0x37,0x39,0x2d,0x32,0x2e,0x34,0x33,0x37,0x31,0x33,0x2d,0x34,0x2e,0x37,
  0x38,0x39,0x38,0x32,0x2d,0x34,0x2e,0x38,0x34,0x33,0x33,0x36,0x2d,0x31,0x31,0x2e,
  0x34,0x31,0x36,0x37,0x35,0x2d,0x35,0x2e,0x38,0x33,0x35,0x36,0x36,0x2d,0x31,0x36,
  0x2e,0x36,0x39,0x38,0x35,0x34,0x2d,0x33,0x2e,0x35,0x31,0x38,0x35,0x33,0x2d,0x31,
  0x38,0x2e,0x37,0x32,0x38,0x33,0x33,0x2d,0x31,0x32,0x2e,0x33,0x32,0x35,0x32,0x36,
  0x2d,0x34,0x33,0x2e,0x38,0x33,0x36,0x39,0x34,0x37,0x2d,0x33,0x2e,0x38,0x34,0x37,
  0x36,0x35,0x2d,0x36,0x30,0x2e,0x39,0x30,0x33,0x33,0x31,0x20,0x31,0x2e,0x37,0x33,
  0x39,0x36,0x35,0x2d,0x33,0x2e,0x35,0x30,0x32,0x31,0x31,0x20,0x35,0x2e,0x35,0x37,
  0x37,0x38,0x32,0x2d,0x36,0x2e,0x34,0x38,0x34,0x31,0x39,0x36,0x20,0x39,0x2e,0x34,
  0x31,0x36,0x31,0x35,0x2d,0x38,0x2e,0x36,0x36,0x30,0x30,0x32,0x31,0x20,0x33,0x2e,
  0x36,0x39,0x34,0x31,0x2d,0x32,0x2e,0x30,0x39,0x34,0x30,0x36,0x38,0x20,0x31,0x31,
  0x2e,0x36,0x34,0x36,0x37,0x38,0x20,0x31,0x2e,0x30,0x38,0x32,0x33,0x31,0x39,0x20,
  0x31,0x36,0x2e,0x33,0x36,0x32,0x33,0x20,0x32,0x2e,0x31,0x34,0x37,0x30,0x35,0x34,
  0x20,0x32,0x2e,0x39,0x37,0x34,0x33,0x32,0x2e,0x36,0x37,0x31,0x35,0x38,0x35,0x20,
  0x35,0x2e,0x32,0x34,0x31,0x38,0x32,0x20,0x32,0x2e,0x39,0x32,0x33,0x36,0x30,0x38,
  0x20,0x37,0x2e,0x39,0x34,0x37,0x31,0x33,0x20,0x34,0x2e,0x33,0x33,0x30,0x33,0x35,
  0x37,0x20,0x31,0x2e,0x32,0x36,0x37,0x32,0x31,0x2e,0x36,0x35,0x38,0x39,0x34,0x34,
  0x20,0x33,0x2e,0x32,0x38,0x39,0x32,0x38,0x20,0x31,0x2e,0x31,0x31,0x36,0x39,0x37,
  0x35,0x20,0x34,0x2e,0x32,0x32,0x33,0x36,0x33,0x20,0x32,0x2e,0x31,0x39,0x37,0x32,
  0x36,0x20,0x33,0x30,0x2e,0x37,0x31,0x30,0x38,0x39,0x20,0x33,0x35,0x2e,0x35,0x30,
  0x37,0x34,0x36,0x20,0x38,0x34,0x2e,0x38,0x36,0x37,0x35,0x37,0x20,0x38,0x31,0x2e,
  0x38,0x37,0x33,0x34,0x36,0x20,0x31,0x32,0x32,0x2e,0x37,0x30,0x35,0x30,0x39,0x20,
  0x31,0x32,0x31,0x2e,0x31,0x38,0x31,0x36,0x34,0x20,0x32,0x2e,0x39,0x34,0x35,0x38,
  0x34,0x20,0x33,0x2e,0x30,0x36,0x30,0x33,0x34,0x20,0x35,0x2e,0x31,0x35,0x32,0x35,
  0x20,0x38,0x2e,0x36,0x33,0x39,0x39,0x31,0x20,0x36,0x2e,0x30,0x38,0x38,0x38,0x36,
  0x20,0x31,0x32,0x2e,0x37,0x38,0x33,0x32,0x20,0x31,0x2e,0x31,0x32,0x37,0x39,0x20,
  0x34,0x2e,0x39,0x39,0x30,0x38,0x33,0x2d,0x2e,0x35,0x35,0x30,0x36,0x32,0x20,0x31,
  0x31,0x2e,0x39,0x36,0x38,0x36,0x37,0x20,0x30,0x20,0x31,0x37,0x2e,0x30,0x35,0x35,
  0x36,0x36,0x2e,0x33,0x32,0x31,0x39,0x34,0x20,0x32,0x2e,0x39,0x37,0x34,0x32,0x38,
  0x20,0x32,0x2e,0x31,0x33,0x33,0x37,0x39,0x20,0x39,0x2e,0x37,0x34,0x31,0x32,0x31,
  0x20,0x32,0x2e,0x31,0x33,0x33,0x37,0x39,0x20,0x39,0x2e,0x37,0x34,0x31,0x32,0x31,
  0x20,0x31,0x2e,0x33,0x38,0x36,0x20,0x36,0x2e,0x33,0x32,0x37,0x33,0x38,0x20,0x31,
  0x36,0x2e,0x32,0x30,0x30,0x39,0x38,0x20,0x31,0x30,0x2e,0x38,0x37,0x34,0x39,0x37,
  0x20,0x31,0x36,0x2e,0x35,0x30,0x31,0x33,0x33,0x20,0x31,0x38,0x2e,0x32,0x35,0x30,
  0x30,0x37,0x2e,0x33,0x33,0x34,0x36,0x36,0x20,0x38,0x2e,0x32,0x31,0x37,0x37,0x36,
  0x2d,0x34,0x2e,0x35,0x33,0x38,0x34,0x34,0x20,0x32,0x30,0x2e,0x36,0x35,0x33,0x33,
  0x32,0x2d,0x31,0x2e,0x38,0x39,0x31,0x39,0x36,0x20,0x32,0x38,0x2e,0x39,0x34,0x32,
  0x33,0x32,0x20,0x31,0x2e,0x35,0x34,0x30,0x33,0x36,0x20,0x34,0x2e,0x38,0x32,0x34,
  0x35,0x34,0x20,0x38,0x2e,0x39,0x36,0x32,0x32,0x31,0x20,0x38,0x2e,0x33,0x31,0x39,
  0x31,0x31,0x20,0x31,0x30,0x2e,0x36,0x35,0x39,0x31,0x39,0x20,0x31,0x33,0x2e,0x30,
  0x39,0x30,0x38,0x31,0x2e,0x37,0x33,0x34,0x37,0x38,0x20,0x32,0x2e,0x30,0x36,0x36,
  0x31,0x31,0x20,0x30,0x20,0x35,0x2e,0x31,0x31,0x36,0x37,0x31,0x20,0x30,0x20,0x37,
  0x2e,0x33,0x30,0x39,0x35,0x38,0x20,0x30,0x20,0x33,0x2e,0x36,0x35,0x36,0x32,0x35,
  0x2d,0x2e,0x39,0x33,0x30,0x31,0x38,0x20,0x38,0x2e,0x36,0x35,0x31,0x35,0x35,0x20,
  0x30,0x20,0x31,0x32,0x2e,0x31,0x38,0x37,0x35,0x2e,0x36,0x31,0x33,0x34,0x34,0x20,
  0x32,0x2e,0x33,0x33,0x31,0x39,0x31,0x20,0x32,0x2e,0x32,0x39,0x30,0x36,0x34,0x20,
  0x35,0x2e,0x32,0x35,0x32,0x34,0x32,0x20,0x33,0x2e,0x39,0x35,0x35,0x30,0x37,0x20,
  0x36,0x2e,0x39,0x39,0x37,0x30,0x37,0x20,0x32,0x2e,0x30,0x31,0x32,0x38,0x37,0x20,
  0x32,0x2e,0x31,0x30,0x39,0x38,0x39,0x20,0x36,0x2e,0x32,0x33,0x39,0x36,0x20,0x33,
  0x2e,0x30,0x34,0x32,0x33,0x38,0x20,0x38,0x2e,0x32,0x32,0x37,0x35,0x34,0x20,0x35,
  0x2e,0x31,0x37,0x35,0x37,0x38,0x20,0x31,0x2e,0x39,0x37,0x38,0x32,0x37,0x20,0x32,
  0x2e,0x31,0x32,0x33,0x30,0x32,0x20,0x33,0x2e,0x33,0x30,0x33,0x33,0x33,0x20,0x35,
  0x2e,0x39,0x31,0x34,0x39,0x20,0x34,0x2e,0x35,0x36,0x30,0x35,0x35,0x20,0x38,0x2e,
  0x35,0x33,0x30,0x32,0x37,0x20,0x31,0x2e,0x38,0x30,0x37,0x38,0x39,0x20,0x33,0x2e,
  0x37,0x36,0x30,0x39,0x32,0x20,0x33,0x2e,0x33,0x39,0x33,0x39,0x35,0x20,0x39,0x2e,
  0x31,0x37,0x31,0x31,0x31,0x20,0x35,0x2e,0x34,0x38,0x33,0x33,0x39,0x20,0x31,0x32,
  0x2e,0x37,0x38,0x33,0x32,0x20,0x32,0x2e,0x30,0x35,0x39,0x34,0x35,0x20,0x33,0x2e,
  0x35,0x36,0x30,0x32,0x35,0x20,0x35,0x2e,0x38,0x34,0x30,0x36,0x37,0x20,0x37,0x2e,
  0x36,0x31,0x37,0x32,0x35,0x20,0x38,0x2e,0x32,0x32,0x37,0x35,0x35,0x20,0x31,0x30,
  0x2e,0x39,0x36,0x36,0x38,0x20,0x32,0x2e,0x31,0x37,0x34,0x35,0x37,0x20,0x33,0x2e,
  0x30,0x35,0x31,0x36,0x32,0x20,0x35,0x2e,0x31,0x38,0x35,0x35,0x36,0x20,0x37,0x2e,
  0x30,0x36,0x36,0x34,0x39,0x20,0x36,0x2e,0x39,0x39,0x37,0x30,0x36,0x20,0x31,0x30,
  0x2e,0x33,0x34,0x36,0x36,0x38,0x20,0x32,0x2e,0x34,0x31,0x32,0x33,0x33,0x20,0x34,
  0x2e,0x33,0x36,0x38,0x31,0x36,0x20,0x36,0x2e,0x36,0x39,0x39,0x32,0x33,0x20,0x31,
  0x35,0x2e,0x32,0x32,0x34,0x36,0x31,0x20,0x36,0x2e,0x36,0x39,0x39,0x32,0x33,0x20,
  0x31,0x35,0x2e,0x32,0x32,0x34,0x36,0x31,0x22,0x20,0x66,0x69,0x6c,0x6c,0x3d,0x22,
  0x6e,0x6f,0x6e,0x65,0x22,0x20,0x73,0x74,0x72,0x6f,0x6b,0x65,0x3d,0x22,0x23,0x66,
  0x61,0x37,0x66,0x37,0x30,0x22,0x20,0x73,0x74,0x72,0x6f,0x6b,0x65,0x2d,0x6c,0x69,
  0x6e,0x65,0x63,0x61,0x70,0x3d,0x22,0x72,0x6f,0x75,0x6e,0x64,0x22,0x20,0x73,0x74,
  0x72,0x6f,0x6b,0x65,0x2d,0x6c,0x69,0x6e,0x65,0x6a,0x6f,0x69,0x6e,0x3d,0x22,0x72,
  0x6f,0x75,0x6e,0x64,0x22,0x20,0x73,0x74,0x72,0x6f,0x6b,0x65,0x2d,0x77,0x69,0x64,
  0x74,0x68,0x3d,0x22,0x32,0x2e,0x35,0x22,0x2f,0x3e,0xd,0xa,0x20,0x20,0x20,0x20,
  0x20,0x20,0x20,0x20,0x3c,0x70,0x61,0x74,0x68,0x20,0x64,0x3d,0x22,0x6d,0x33,0x37,
  0x34,0x2e,0x33,0x36,0x38,0x38,0x36,0x20,0x35,0x39,0x36,0x2e,0x34,0x36,0x36,0x31,
  0x38,0x20,0x31,0x31,0x2e,0x35,0x32,0x36,0x39,0x33,0x20,0x34,0x2e,0x37,0x32,0x38,
  0x36,0x36,0x20,0x37,0x2e,0x36,0x30,0x37,0x34,0x32,0x2d,0x31,0x2e,0x32,0x32,0x30,
  0x37,0x73,0x31,0x31,0x2e,0x31,0x37,0x35,0x33,0x2d,0x34,0x2e,0x34,0x33,0x33,0x34,
  0x38,0x20,0x31,0x36,0x2e,0x31,0x33,0x37,0x37,0x2d,0x33,0x2e,0x39,0x35,0x39,0x39,
  0x37,0x63,0x33,0x2e,0x37,0x30,0x34,0x31,0x36,0x2e,0x33,0x35,0x33,0x34,0x35,0x20,
  0x37,0x2e,0x35,0x34,0x39,0x35,0x39,0x20,0x35,0x2e,0x32,0x36,0x38,0x37,0x39,0x20,
  0x31,0x31,0x2e,0x32,0x36,0x39,0x35,0x33,0x20,0x35,0x2e,0x31,0x38,0x30,0x36,0x37,
  0x20,0x32,0x2e,0x37,0x37,0x37,0x37,0x39,0x2d,0x2e,0x30,0x36,0x35,0x38,0x20,0x35,
  0x2e,0x35,0x30,0x33,0x36,0x38,0x2d,0x33,0x2e,0x36,0x39,0x30,0x33,0x33,0x20,0x38,
  0x2e,0x32,0x32,0x32,0x36,0x36,0x2d,0x34,0x2e,0x32,0x36,0x32,0x37,0x20,0x35,0x2e,
  0x36,0x34,0x31,0x38,0x31,0x2d,0x31,0x2e,0x31,0x38,0x37,0x36,0x35,0x20,0x31,0x33,
  0x2e,0x35,0x32,0x34,0x34,0x31,0x20,0x32,0x2e,0x33,0x33,0x37,0x35,0x37,0x20,0x31,
  0x39,0x2e,0x31,0x37,0x39,0x36,0x39,0x20,0x31,0x2e,0x32,0x31,0x35,0x38,0x32,0x20,
  0x32,0x2e,0x32,0x38,0x35,0x37,0x34,0x2d,0x2e,0x34,0x35,0x33,0x33,0x39,0x20,0x34,
  0x2e,0x38,0x36,0x36,0x36,0x37,0x2d,0x32,0x2e,0x34,0x32,0x35,0x39,0x37,0x20,0x36,
  0x2e,0x39,0x37,0x37,0x35,0x33,0x2d,0x33,0x2e,0x34,0x31,0x33,0x30,0x39,0x20,0x33,
  0x2e,0x38,0x31,0x34,0x35,0x37,0x2d,0x31,0x2e,0x37,0x38,0x33,0x38,0x35,0x20,0x39,
  0x2e,0x33,0x37,0x30,0x39,0x2d,0x33,0x2e,0x33,0x30,0x32,0x39,0x38,0x20,0x31,0x32,
  0x2e,0x38,0x31,0x37,0x33,0x38,0x2d,0x35,0x2e,0x37,0x32,0x32,0x36,0x35,0x20,0x35,
  0x2e,0x36,0x30,0x33,0x36,0x39,0x2d,0x33,0x2e,0x39,0x33,0x34,0x31,0x39,0x20,0x31,
  0x32,0x2e,0x30,0x33,0x33,0x33,0x31,0x2d,0x31,0x30,0x2e,0x37,0x34,0x32,0x37,0x34,
  0x20,0x31,0x35,0x2e,0x38,0x33,0x30,0x30,0x39,0x2d,0x31,0x36,0x2e,0x34,0x34,0x30,
  0x34,0x33,0x20,0x33,0x2e,0x33,0x31,0x32,0x31,0x35,0x2d,0x34,0x2e,0x39,0x37,0x30,
  0x34,0x32,0x20,0x35,0x2e,0x30,0x35,0x35,0x39,0x2d,0x31,0x33,0x2e,0x30,0x32,0x35,
  0x31,0x34,0x20,0x37,0x2e,0x39,0x31,0x39,0x39,0x31,0x2d,0x31,0x38,0x2e,0x32,0x36,
  0x36,0x36,0x20,0x33,0x2e,0x36,0x39,0x33,0x32,0x31,0x2d,0x36,0x2e,0x37,0x35,0x38,
  0x39,0x39,0x20,0x38,0x2e,0x37,0x31,0x36,0x34,0x35,0x2d,0x31,0x34,0x2e,0x37,0x30,
  0x36,0x30,0x37,0x20,0x31,0x34,0x2e,0x33,0x30,0x36,0x36,0x35,0x2d,0x32,0x31,0x2e,
  0x33,0x31,0x38,0x33,0x37,0x2d,0x32,0x2e,0x38,0x39,0x33,0x39,0x33,0x2d,0x31,0x35,
  0x2e,0x30,0x36,0x38,0x34,0x35,0x2d,0x31,0x2e,0x36,0x37,0x31,0x34,0x39,0x2d,0x31,
  0x38,0x2e,0x32,0x30,0x35,0x31,0x2e,0x39,0x31,0x33,0x30,0x39,0x2d,0x32,0x35,0x2e,
  0x32,0x37,0x33,0x34,0x33,0x20,0x34,0x2e,0x34,0x31,0x35,0x39,0x31,0x2d,0x31,0x32,
  0x2e,0x30,0x37,0x36,0x36,0x37,0x20,0x32,0x35,0x2e,0x37,0x30,0x38,0x2d,0x33,0x34,
  0x2e,0x32,0x39,0x36,0x38,0x38,0x20,0x32,0x35,0x2e,0x37,0x30,0x38,0x2d,0x33,0x34,
  0x2e,0x32,0x39,0x36,0x38,0x38,0x6c,0x2d,0x32,0x35,0x2e,0x32,0x35,0x33,0x39,0x2d,
  0x31,0x30,0x2e,0x38,0x38,0x38,0x36,0x36,0x22,0x20,0x66,0x69,0x6c,0x6c,0x3d,0x22,
  0x6e,0x6f,0x6e,0x65,0x22,0x20,0x73,0x74,0x72,0x6f,0x6b,0x65,0x3d,0x22,0x23,0x66,
  0x61,0x37,0x66,0x37,0x30,0x22,0x20,0x73,0x74,0x72,0x6f,0x6b,0x65,0x2d,0x6c,0x69,
  0x6e,0x65,0x63,0x61,0x70,0x3d,0x22,0x72,0x6f,0x75,0x6e,0x64,0x22,0x20,0x73,0x74,
  0x72,0x6f,0x6b,0x65,0x2d,0x6c,0x69,0x6e,0x65,0x6a,0x6f,0x69,0x6e,0x3d,0x22,0x72,
  0x6f,0x75,0x6e,0x64,0x22,0x20,0x73,0x74,0x72,0x6f,0x6b,0x65,0x2d,0x77,0x69,0x64,
  0x74,0x68,0x3d,0x22,0x32,0x2e,0x35,0x22,0x2f,0x3e,0xd,0xa,0x20,0x20,0x20,0x20,
  0x20,0x20,0x20,0x20,0x3c,0x67,0x20,0x66,0x69,0x6c,0x6c,0x3d,0x22,0x6e,0x6f,0x6e,
  0x65,0x22,0x20,0x74,0x72,0x61,0x6e,0x73,0x66,0x6f,0x72,0x6d,0x3d,0x22,0x6d,0x61,
  0x74,0x72,0x69,0x78,0x28,0x2d,0x2e,0x30,0x34,0x37,0x34,0x37,0x37,0x33,0x20,0x2e,
  0x39,0x39,0x38,0x38,0x37,0x32,0x33,0x20,0x2d,0x2e,0x39,0x39,0x38,0x38,0x37,0x32,
  0x33,0x20,0x2d,0x2e,0x30,0x34,0x37,0x34,0x37,0x37,0x33,0x20,0x31,0x30,0x38,0x39,
  0x2e,0x32,0x38,0x34,0x36,0x20,0x2d,0x33,0x36,0x2e,0x39,0x36,0x33,0x32,0x30,0x33,
  0x29,0x22,0x3e,0xd,0xa,0x20,0x20,0x20,0x20,0x20,0x20,0x20,0x20,0x20,0x20,0x20,
  0x20,0x3c,0x70,0x61,0x74,0x68,0x20,0x64,0x3d,0x22,0x6d,0x35,0x37,0x36,0x2e,0x36,
  0x34,0x37,0x32,0x33,0x20,0x35,0x30,0x31,0x2e,0x36,0x35,0x31,0x37,0x39,0x20,0x39,
  0x2e,0x34,0x37,0x32,0x36,0x36,0x2d,0x2e,0x33,0x33,0x32,0x30,0x32,0x22,0x20,0x73,
  0x74,0x72,0x6f,0x6b,0x65,0x3d,0x22,0x23,0x30,0x30,0x30,0x22,0x20,0x73,0x74,0x72,
  0x6f,0x6b,0x65,0x2d,0x77,0x69,0x64,0x74,0x68,0x3d,0x22,0x37,0x2e,0x35,0x22,0x2f,
  0x3e,0xd,0xa,0x20,0x20,0x20,0x20,0x20,0x20,0x20,0x20,0x20,0x20,0x20,0x20,0x3c,
  0x70,0x61,0x74,0x68,0x20,0x64,0x3d,0x22,0x6d,0x35,0x37,0x36,0x2e,0x36,0x34,0x37,
  0x32,0x33,0x20,0x35,0x30,0x31,0x2e,0x36,0x35,0x31,0x37,0x38,0x20,0x39,0x2e,0x34,
  0x37,0x32,0x36,0x36,0x2d,0x2e,0x33,0x33,0x32,0x30,0x32,0x22,0x20,0x73,0x74,0x72,
  0x6f,0x6b,0x65,0x3d,0x22,0x23,0x66,0x66,0x66,0x22,0x20,0x73,0x74,0x72,0x6f,0x6b,
  0x65,0x2d,0x6c,0x69,0x6e,0x65,0x63,0x61,0x70,0x3d,0x22,0x72,0x6f,0x75,0x6e,0x64,
  0x22,0x20,0x73,0x74,0x72,0x6f,0x6b,0x65,0x2d,0x6c,0x69,0x6e,0x65,0x6a,0x6f,0x69,
  0x6e,0x3d,0x22,0x72,0x6f,0x75,0x6e,0x64,0x22,0x20,0x73,0x74,0x72,0x6f,0x6b,0x65,
  0x2d,0x77,0x69,0x64,0x74,0x68,0x3d,0x22,0x35,0x2e,0x36,0x32,0x35,0x22,0x2f,0x3e,
  0xd,0xa,0x20,0x20,0x20,0x20,0x20,0x20,0x20,0x20,0x3c,0x2f,0x67,0x3e,0xd,0xa,
  0x20,0x20,0x20,0x20,0x20,0x20,0x20,0x20,0x3c,0x70,0x61,0x74,0x68,0x20,0x64,0x3d,
  0x22,0x6d,0x35,0x34,0x32,0x2e,0x31,0x34,0x30,0x39,0x31,0x20,0x34,0x37,0x30,0x2e,
  0x34,0x38,0x31,0x39,0x35,0x2e,0x31,0x31,0x37,0x31,0x39,0x20,0x32,0x2e,0x36,0x30,
  0x32,0x35,0x34,0x20,0x36,0x2e,0x33,0x37,0x32,0x30,0x36,0x20,0x33,0x2e,0x34,0x38,
  0x31,0x34,0x33,0x20,0x37,0x2e,0x31,0x37,0x32,0x38,0x36,0x20,0x38,0x2e,0x36,0x32,
  0x37,0x39,0x34,0x20,0x36,0x2e,0x37,0x39,0x36,0x38,0x38,0x20,0x31,0x31,0x2e,0x36,
  0x30,0x31,0x35,0x36,0x20,0x31,0x2e,0x37,0x39,0x31,0x39,0x39,0x20,0x33,0x2e,0x38,
  0x32,0x33,0x32,0x34,0x2d,0x33,0x2e,0x38,0x36,0x37,0x31,0x39,0x20,0x31,0x34,0x2e,
  0x31,0x34,0x35,0x35,0x31,0x20,0x31,0x2e,0x39,0x34,0x38,0x32,0x34,0x20,0x32,0x36,
  0x2e,0x33,0x38,0x31,0x38,0x34,0x20,0x34,0x2e,0x33,0x30,0x36,0x36,0x33,0x20,0x32,
  0x30,0x2e,0x33,0x33,0x36,0x39,0x31,0x20,0x36,0x2e,0x34,0x35,0x35,0x30,0x39,0x20,
  0x34,0x2e,0x38,0x34,0x33,0x37,0x35,0x2e,0x34,0x33,0x34,0x35,0x36,0x20,0x32,0x36,
  0x2e,0x34,0x36,0x39,0x37,0x33,0x22,0x20,0x66,0x69,0x6c,0x6c,0x3d,0x22,0x6e,0x6f,
  0x6e,0x65,0x22,0x20,0x73,0x74,0x72,0x6f,0x6b,0x65,0x3d,0x22,0x23,0x66,0x61,0x37,
  0x66,0x37,0x30,0x22,0x20,0x73,0x74,0x72,0x6f,0x6b,0x65,0x2d,0x6c,0x69,0x6e,0x65,
  0x63,0x61,0x70,0x3d,0x22,0x72,0x6f,0x75,0x6e,0x64,0x22,0x20,0x73,0x74,0x72,0x6f,
  0x6b,0x65,0x2d,0x6c,0x69,0x6e,0x65,0x6a,0x6f,0x69,0x6e,0x3d,0x22,0x72,0x6f,0x75,
  0x6e,0x64,0x22,0x20,0x73,0x74,0x72,0x6f,0x6b,0x65,0x2d,0x77,0x69,0x64,0x74,0x68,
  0x3d,0x22,0x32,0x2e,0x35,0x22,0x2f,0x3e,0xd,0xa,0x20,0x20,0x20,0x20,0x20,0x20,
  0x20,0x20,0x3c,0x70,0x61,0x74,0x68,0x20,0x64,0x3d,0x22,0x6d,0x31,0x31,0x37,0x2e,
  0x32,0x35,0x38,0x31,0x20,0x35,0x30,0x35,0x2e,0x36,0x32,0x38,0x34,0x32,0x20,0x31,
  0x32,0x2e,0x35,0x34,0x33,0x39,0x34,0x20,0x38,0x2e,0x35,0x36,0x39,0x33,0x34,0x20,
  0x31,0x37,0x2e,0x36,0x35,0x36,0x32,0x35,0x20,0x34,0x2e,0x39,0x32,0x31,0x38,0x38,
  0x20,0x31,0x33,0x2e,0x31,0x33,0x34,0x37,0x37,0x20,0x32,0x2e,0x34,0x36,0x30,0x39,
  0x33,0x20,0x32,0x35,0x2e,0x30,0x34,0x38,0x38,0x33,0x2d,0x2e,0x36,0x31,0x30,0x33,
  0x35,0x20,0x31,0x33,0x2e,0x31,0x33,0x39,0x36,0x35,0x20,0x31,0x2e,0x38,0x34,0x35,
  0x37,0x20,0x31,0x37,0x2e,0x32,0x34,0x31,0x32,0x31,0x20,0x37,0x2e,0x39,0x39,0x38,
  0x30,0x35,0x20,0x31,0x37,0x2e,0x34,0x34,0x36,0x32,0x39,0x20,0x31,0x33,0x2e,0x35,
  0x34,0x30,0x30,0x34,0x20,0x33,0x30,0x2e,0x33,0x38,0x35,0x37,0x33,0x20,0x31,0x39,
  0x2e,0x36,0x39,0x37,0x32,0x38,0x20,0x32,0x39,0x2e,0x31,0x34,0x35,0x35,0x32,0x20,
  0x31,0x32,0x2e,0x33,0x30,0x39,0x35,0x36,0x20,0x32,0x32,0x2e,0x35,0x38,0x33,0x20,
  0x33,0x2e,0x30,0x37,0x36,0x31,0x37,0x20,0x31,0x39,0x2e,0x37,0x30,0x37,0x30,0x33,
  0x2d,0x33,0x2e,0x36,0x39,0x31,0x34,0x20,0x31,0x37,0x2e,0x33,0x33,0x33,0x39,0x39,
  0x2d,0x33,0x2e,0x39,0x32,0x35,0x37,0x38,0x20,0x34,0x30,0x2e,0x31,0x39,0x30,0x34,
  0x33,0x2d,0x38,0x2e,0x30,0x36,0x36,0x34,0x32,0x20,0x31,0x32,0x2e,0x30,0x38,0x39,
  0x38,0x33,0x2d,0x31,0x30,0x2e,0x37,0x30,0x33,0x31,0x32,0x20,0x31,0x37,0x2e,0x36,
  0x38,0x35,0x35,0x35,0x2d,0x31,0x38,0x2e,0x36,0x36,0x32,0x31,0x20,0x32,0x30,0x2e,
  0x39,0x36,0x31,0x39,0x32,0x2d,0x31,0x32,0x2e,0x37,0x36,0x38,0x35,0x36,0x20,0x32,
  0x30,0x2e,0x33,0x30,0x37,0x36,0x32,0x2d,0x31,0x36,0x2e,0x36,0x38,0x39,0x34,0x35,
  0x20,0x32,0x31,0x2e,0x33,0x36,0x32,0x33,0x2d,0x31,0x33,0x2e,0x34,0x34,0x37,0x32,
  0x37,0x20,0x31,0x32,0x2e,0x31,0x37,0x37,0x37,0x34,0x2d,0x36,0x2e,0x30,0x39,0x33,
  0x37,0x35,0x73,0x39,0x2e,0x34,0x36,0x37,0x33,0x34,0x2d,0x35,0x2e,0x30,0x39,0x34,
  0x38,0x39,0x20,0x31,0x33,0x2e,0x37,0x38,0x32,0x30,0x38,0x2d,0x36,0x2e,0x36,0x37,
  0x30,0x36,0x31,0x63,0x31,0x34,0x2e,0x39,0x36,0x30,0x33,0x33,0x2d,0x35,0x2e,0x34,
  0x36,0x33,0x34,0x34,0x20,0x33,0x30,0x2e,0x36,0x39,0x35,0x30,0x33,0x2d,0x35,0x2e,
  0x38,0x30,0x37,0x31,0x33,0x20,0x33,0x30,0x2e,0x36,0x39,0x35,0x30,0x33,0x2d,0x35,
  0x2e,0x38,0x30,0x37,0x31,0x33,0x22,0x20,0x66,0x69,0x6c,0x6c,0x3d,0x22,0x6e,0x6f,
  0x6e,0x65,0x22,0x20,0x73,0x74,0x72,0x6f,0x6b,0x65,0x3d,0x22,0x23,0x66,0x61,0x37,
  0x66,0x37,0x30,0x22,0x20,0x73,0x74,0x72,0x6f,0x6b,0x65,0x2d,0x6c,0x69,0x6e,0x65,
  0x63,0x61,0x70,0x3d,0x22,0x72,0x6f,0x75,0x6e,0x64,0x22,0x20,0x73,0x74,0x72,0x6f,
  0x6b,0x65,0x2d,0x6c,0x69,0x6e,0x65,0x6a,0x6f,0x69,0x6e,0x3d,0x22,0x72,0x6f,0x75,
  0x6e,0x64,0x22,0x20,0x73,0x74,0x72,0x6f,0x6b,0x65,0x2d,0x77,0x69,0x64,0x74,0x68,
  0x3d,0x22,0x32,0x2e,0x35,0x22,0x2f,0x3e,0xd,0xa,0x20,0x20,0x20,0x20,0x20,0x20,
  0x20,0x20,0x3c,0x70,0x61,0x74,0x68,0x20,0x64,0x3d,0x22,0x6d,0x2d,0x31,0x30,0x30,
  0x2e,0x30,0x39,0x30,0x35,0x34,0x20,0x34,0x37,0x36,0x2e,0x37,0x32,0x37,0x30,0x36,
  0x73,0x2d,0x32,0x2e,0x38,0x30,0x31,0x38,0x31,0x2d,0x32,0x35,0x2e,0x38,0x33,0x37,
  0x33,0x37,0x2d,0x31,0x2e,0x32,0x39,0x33,0x39,0x34,0x2d,0x33,0x36,0x2e,0x37,0x37,
  0x32,0x34,0x36,0x63,0x2e,0x35,0x31,0x35,0x34,0x39,0x2d,0x33,0x2e,0x37,0x33,0x38,
  0x33,0x35,0x20,0x31,0x2e,0x35,0x39,0x30,0x38,0x39,0x31,0x2d,0x38,0x2e,0x39,0x34,
  0x33,0x33,0x39,0x20,0x33,0x2e,0x38,0x32,0x38,0x31,0x33,0x34,0x2d,0x31,0x31,0x2e,
  0x39,0x38,0x32,0x34,0x33,0x20,0x32,0x2e,0x39,0x36,0x33,0x30,0x39,0x34,0x2d,0x34,
  0x2e,0x30,0x32,0x35,0x30,0x32,0x20,0x39,0x2e,0x35,0x30,0x30,0x33,0x33,0x31,0x2d,
  0x36,0x2e,0x37,0x36,0x36,0x30,0x31,0x20,0x31,0x33,0x2e,0x36,0x34,0x37,0x34,0x35,
  0x2d,0x39,0x2e,0x35,0x35,0x35,0x36,0x36,0x20,0x37,0x2e,0x33,0x36,0x36,0x31,0x36,
  0x32,0x2d,0x34,0x2e,0x39,0x35,0x35,0x20,0x31,0x36,0x2e,0x34,0x38,0x33,0x30,0x33,
  0x35,0x2d,0x31,0x33,0x2e,0x31,0x31,0x30,0x39,0x34,0x20,0x32,0x34,0x2e,0x38,0x35,
  0x38,0x34,0x2d,0x31,0x36,0x2e,0x30,0x35,0x34,0x36,0x39,0x20,0x31,0x30,0x2e,0x36,
  0x36,0x36,0x37,0x36,0x36,0x2d,0x33,0x2e,0x37,0x34,0x39,0x31,0x32,0x20,0x32,0x36,
  0x2e,0x35,0x32,0x38,0x31,0x32,0x38,0x2d,0x31,0x2e,0x30,0x38,0x38,0x33,0x31,0x20,
  0x33,0x37,0x2e,0x34,0x39,0x30,0x32,0x34,0x2d,0x33,0x2e,0x38,0x35,0x37,0x34,0x31,
  0x20,0x34,0x2e,0x33,0x34,0x39,0x37,0x34,0x37,0x2d,0x31,0x2e,0x30,0x39,0x38,0x37,
  0x37,0x20,0x39,0x2e,0x36,0x37,0x32,0x37,0x30,0x38,0x2d,0x34,0x2e,0x30,0x30,0x32,
  0x37,0x39,0x20,0x31,0x33,0x2e,0x38,0x31,0x38,0x33,0x36,0x30,0x33,0x2d,0x35,0x2e,
  0x37,0x31,0x37,0x37,0x37,0x20,0x33,0x2e,0x38,0x33,0x39,0x32,0x32,0x31,0x34,0x2d,
  0x31,0x2e,0x35,0x38,0x38,0x32,0x32,0x20,0x39,0x2e,0x30,0x34,0x30,0x37,0x38,0x35,
  0x31,0x2d,0x33,0x2e,0x35,0x31,0x39,0x31,0x34,0x20,0x31,0x32,0x2e,0x37,0x39,0x37,
  0x38,0x35,0x2d,0x35,0x2e,0x32,0x39,0x32,0x39,0x38,0x20,0x36,0x2e,0x33,0x34,0x39,
  0x30,0x39,0x33,0x37,0x2d,0x32,0x2e,0x39,0x39,0x37,0x36,0x33,0x20,0x31,0x35,0x2e,
  0x36,0x32,0x39,0x35,0x33,0x37,0x37,0x2d,0x36,0x2e,0x31,0x30,0x36,0x36,0x38,0x20,
  0x32,0x30,0x2e,0x36,0x34,0x39,0x34,0x30,0x39,0x37,0x2d,0x31,0x31,0x2e,0x30,0x31,
  0x35,0x36,0x32,0x20,0x35,0x2e,0x32,0x31,0x38,0x36,0x39,0x37,0x2d,0x35,0x2e,0x31,
  0x30,0x33,0x33,0x37,0x20,0x38,0x2e,0x33,0x34,0x38,0x37,0x37,0x36,0x2d,0x31,0x34,
  0x2e,0x38,0x34,0x34,0x39,0x38,0x20,0x31,0x31,0x2e,0x39,0x32,0x38,0x37,0x31,0x2d,
  0x32,0x31,0x2e,0x32,0x30,0x36,0x30,0x35,0x20,0x31,0x2e,0x33,0x37,0x39,0x33,0x37,
  0x37,0x2d,0x32,0x2e,0x34,0x35,0x30,0x39,0x37,0x20,0x33,0x2e,0x34,0x31,0x30,0x38,
  0x34,0x31,0x2d,0x35,0x2e,0x36,0x32,0x30,0x30,0x38,0x20,0x34,0x2e,0x35,0x39,0x39,
  0x36,0x32,0x2d,0x38,0x2e,0x31,0x36,0x38,0x39,0x35,0x20,0x35,0x2e,0x32,0x38,0x35,
  0x32,0x38,0x37,0x2d,0x31,0x31,0x2e,0x33,0x33,0x32,0x32,0x34,0x20,0x38,0x2e,0x33,
  0x32,0x37,0x30,0x30,0x39,0x2d,0x32,0x38,0x2e,0x32,0x34,0x30,0x33,0x31,0x20,0x31,
  0x34,0x2e,0x36,0x38,0x32,0x36,0x31,0x2d,0x33,0x39,0x2e,0x30,0x30,0x38,0x37,0x39,
  0x20,0x33,0x2e,0x31,0x32,0x38,0x30,0x37,0x36,0x2d,0x35,0x2e,0x32,0x39,0x39,0x39,
  0x39,0x20,0x39,0x2e,0x30,0x35,0x38,0x32,0x39,0x38,0x2d,0x31,0x31,0x2e,0x31,0x36,
  0x31,0x31,0x37,0x20,0x31,0x33,0x2e,0x33,0x31,0x35,0x34,0x32,0x2d,0x31,0x35,0x2e,
  0x36,0x30,0x35,0x34,0x36,0x20,0x35,0x2e,0x35,0x39,0x33,0x30,0x35,0x39,0x2d,0x35,
  0x2e,0x38,0x33,0x38,0x39,0x36,0x20,0x31,0x33,0x2e,0x36,0x37,0x38,0x37,0x30,0x33,
  0x2d,0x31,0x32,0x2e,0x39,0x39,0x38,0x34,0x31,0x20,0x31,0x39,0x2e,0x37,0x33,0x31,
  0x34,0x35,0x2d,0x31,0x38,0x2e,0x33,0x35,0x39,0x33,0x38,0x20,0x39,0x2e,0x34,0x33,
  0x36,0x35,0x30,0x38,0x2d,0x38,0x2e,0x33,0x35,0x37,0x39,0x39,0x20,0x32,0x33,0x2e,
  0x37,0x38,0x39,0x33,0x35,0x36,0x2d,0x31,0x37,0x2e,0x36,0x32,0x37,0x32,0x37,0x20,
  0x33,0x32,0x2e,0x31,0x32,0x38,0x38,0x39,0x36,0x2d,0x32,0x37,0x2e,0x30,0x38,0x30,
  0x30,0x39,0x20,0x34,0x2e,0x30,0x31,0x36,0x31,0x34,0x2d,0x34,0x2e,0x35,0x35,0x32,
  0x32,0x37,0x20,0x37,0x2e,0x35,0x36,0x33,0x30,0x37,0x2d,0x31,0x31,0x2e,0x39,0x38,
  0x30,0x39,0x32,0x20,0x31,0x31,0x2e,0x30,0x31,0x30,0x37,0x35,0x2d,0x31,0x36,0x2e,
  0x39,0x37,0x37,0x35,0x33,0x20,0x32,0x2e,0x33,0x38,0x34,0x39,0x34,0x2d,0x33,0x2e,
  0x34,0x35,0x36,0x34,0x31,0x20,0x37,0x2e,0x30,0x34,0x38,0x37,0x38,0x2d,0x37,0x2e,
  0x32,0x37,0x33,0x31,0x33,0x20,0x38,0x2e,0x32,0x37,0x36,0x33,0x37,0x2d,0x31,0x31,
  0x2e,0x32,0x38,0x39,0x30,0x37,0x20,0x31,0x2e,0x33,0x36,0x32,0x33,0x34,0x2d,0x34,
  0x2e,0x34,0x35,0x36,0x37,0x37,0x2d,0x32,0x2e,0x36,0x32,0x30,0x34,0x33,0x2d,0x31,
  0x31,0x2e,0x33,0x31,0x37,0x39,0x2d,0x2e,0x36,0x31,0x30,0x33,0x35,0x2d,0x31,0x35,
  0x2e,0x35,0x32,0x32,0x34,0x36,0x20,0x33,0x2e,0x39,0x31,0x34,0x34,0x37,0x2d,0x38,
  0x2e,0x31,0x38,0x38,0x30,0x37,0x20,0x31,0x38,0x2e,0x30,0x38,0x39,0x32,0x35,0x2d,
  0x31,0x31,0x2e,0x34,0x31,0x33,0x31,0x39,0x20,0x32,0x34,0x2e,0x32,0x37,0x32,0x34,
  0x36,0x2d,0x31,0x38,0x2e,0x30,0x35,0x36,0x36,0x34,0x20,0x35,0x2e,0x30,0x35,0x38,
  0x33,0x32,0x2d,0x35,0x2e,0x34,0x33,0x34,0x38,0x32,0x20,0x39,0x2e,0x37,0x36,0x35,
  0x38,0x39,0x2d,0x31,0x34,0x2e,0x33,0x34,0x30,0x35,0x20,0x31,0x33,0x2e,0x33,0x31,
  0x30,0x35,0x35,0x2d,0x32,0x30,0x2e,0x38,0x36,0x34,0x32,0x35,0x20,0x35,0x2e,0x30,
  0x34,0x37,0x37,0x39,0x2d,0x39,0x2e,0x32,0x39,0x30,0x31,0x36,0x20,0x37,0x2e,0x39,
  0x39,0x36,0x39,0x34,0x2d,0x32,0x33,0x2e,0x38,0x32,0x34,0x32,0x20,0x31,0x34,0x2e,
  0x36,0x31,0x34,0x32,0x35,0x2d,0x33,0x32,0x2e,0x30,0x37,0x30,0x33,0x32,0x20,0x32,
  0x2e,0x33,0x39,0x31,0x34,0x2d,0x32,0x2e,0x39,0x38,0x30,0x30,0x33,0x20,0x37,0x2e,
  0x37,0x32,0x31,0x30,0x37,0x2d,0x34,0x2e,0x37,0x33,0x33,0x38,0x33,0x20,0x31,0x30,
  0x2e,0x31,0x37,0x30,0x39,0x2d,0x37,0x2e,0x36,0x36,0x36,0x30,0x31,0x20,0x33,0x2e,
  0x38,0x37,0x39,0x33,0x39,0x2d,0x34,0x2e,0x36,0x34,0x33,0x31,0x39,0x20,0x35,0x2e,
  0x31,0x35,0x32,0x32,0x33,0x2d,0x31,0x33,0x2e,0x34,0x30,0x37,0x32,0x32,0x20,0x39,
  0x2e,0x30,0x38,0x32,0x30,0x34,0x2d,0x31,0x38,0x2e,0x30,0x30,0x37,0x38,0x32,0x20,
  0x31,0x32,0x2e,0x35,0x33,0x38,0x37,0x36,0x2d,0x31,0x34,0x2e,0x36,0x37,0x39,0x30,
  0x34,0x20,0x33,0x37,0x2e,0x38,0x30,0x30,0x36,0x2d,0x32,0x34,0x2e,0x37,0x36,0x37,
  0x39,0x30,0x33,0x20,0x35,0x32,0x2e,0x32,0x32,0x31,0x36,0x37,0x2d,0x33,0x37,0x2e,
  0x36,0x30,0x32,0x35,0x33,0x20,0x32,0x2e,0x38,0x38,0x35,0x39,0x2d,0x32,0x2e,0x35,
  0x36,0x38,0x34,0x32,0x36,0x20,0x38,0x2e,0x36,0x38,0x36,0x35,0x33,0x2d,0x39,0x2e,
  0x35,0x30,0x36,0x38,0x34,0x20,0x38,0x2e,0x36,0x38,0x36,0x35,0x33,0x2d,0x39,0x2e,
  0x35,0x30,0x36,0x38,0x34,0x22,0x20,0x66,0x69,0x6c,0x6c,0x3d,0x22,0x6e,0x6f,0x6e,
  0x65,0x22,0x20,0x73,0x74,0x72,0x6f,0x6b,0x65,0x3d,0x22,0x23,0x66,0x61,0x37,0x66,
  0x37,0x30,0x22,0x20,0x73,0x74,0x72,0x6f,0x6b,0x65,0x2d,0x6c,0x69,0x6e,0x65,0x63,
  0x61,0x70,0x3d,0x22,0x72,0x6f,0x75,0x6e,0x64,0x22,0x20,0x73,0x74,0x72,0x6f,0x6b,
  0x65,0x2d,0x6c,0x69,0x6e,0x65,0x6a,0x6f,0x69,0x6e,0x3d,0x22,0x72,0x6f,0x75,0x6e,
  0x64,0x22,0x20,0x73,0x74,0x72,0x6f,0x6b,0x65,0x2d,0x77,0x69,0x64,0x74,0x68,0x3d,
  0x22,0x32,0x2e,0x35,0x22,0x2f,0x3e,0xd,0xa,0x20,0x20,0x20,0x20,0x20,0x20,0x20,
  0x20,0x3c,0x70,0x61,0x74,0x68,0x20,0x64,0x3d,0x22,0x6d,0x2d,0x31,0x30,0x30,0x2e,
  0x30,0x39,0x30,0x35,0x34,0x20,0x34,0x37,0x35,0x2e,0x32,0x39,0x38,0x34,0x39,0x20,
  0x39,0x31,0x2e,0x36,0x37,0x39,0x36,0x39,0x34,0x33,0x2d,0x33,0x2e,0x39,0x38,0x31,
  0x35,0x38,0x22,0x20,0x66,0x69,0x6c,0x6c,0x3d,0x22,0x6e,0x6f,0x6e,0x65,0x22,0x20,
  0x73,0x74,0x72,0x6f,0x6b,0x65,0x3d,0x22,0x23,0x66,0x61,0x37,0x66,0x37,0x30,0x22,
  0x20,0x73,0x74,0x72,0x6f,0x6b,0x65,0x2d,0x6c,0x69,0x6e,0x65,0x63,0x61,0x70,0x3d,
  0x22,0x72,0x6f,0x75,0x6e,0x64,0x22,0x20,0x73,0x74,0x72,0x6f,0x6b,0x65,0x2d,0x6c,
  0x69,0x6e,0x65,0x6a,0x6f,0x69,0x6e,0x3d,0x22,0x72,0x6f,0x75,0x6e,0x64,0x22,0x20,
  0x73,0x74,0x72,0x6f,0x6b,0x65,0x2d,0x77,0x69,0x64,0x74,0x68,0x3d,0x22,0x32,0x2e,
  0x35,0x22,0x2f,0x3e,0xd,0xa,0x20,0x20,0x20,0x20,0x20,0x20,0x20,0x20,0x3c,0x70,
  0x61,0x74,0x68,0x20,0x64,0x3d,0x22,0x6d,0x33,0x36,0x33,0x2e,0x36,0x37,0x39,0x20,
  0x31,0x30,0x32,0x33,0x2e,0x33,0x35,0x37,0x39,0x73,0x2d,0x31,0x30,0x2e,0x38,0x37,
  0x39,0x35,0x36,0x2e,0x32,0x38,0x39,0x38,0x2d,0x31,0x35,0x2e,0x35,0x34,0x32,0x2e,
  0x32,0x31,0x34,0x39,0x63,0x2d,0x34,0x2e,0x35,0x32,0x39,0x31,0x2d,0x2e,0x30,0x37,
  0x32,0x37,0x2d,0x31,0x30,0x2e,0x35,0x37,0x36,0x37,0x37,0x2d,0x2e,0x32,0x33,0x33,
  0x31,0x2d,0x31,0x35,0x2e,0x30,0x38,0x33,0x2d,0x2e,0x36,0x39,0x33,0x34,0x2d,0x39,
  0x2e,0x39,0x34,0x32,0x33,0x2d,0x31,0x2e,0x30,0x31,0x35,0x35,0x2d,0x32,0x33,0x2e,
  0x31,0x34,0x37,0x31,0x31,0x2d,0x33,0x2e,0x30,0x34,0x39,0x32,0x2d,0x33,0x32,0x2e,
  0x39,0x30,0x30,0x34,0x2d,0x35,0x2e,0x32,0x32,0x39,0x35,0x2d,0x31,0x30,0x2e,0x33,
  0x33,0x32,0x38,0x31,0x2d,0x32,0x2e,0x33,0x30,0x39,0x39,0x2d,0x32,0x33,0x2e,0x39,
  0x38,0x32,0x32,0x37,0x2d,0x36,0x2e,0x31,0x31,0x32,0x38,0x2d,0x33,0x33,0x2e,0x38,
  0x39,0x36,0x34,0x38,0x2d,0x39,0x2e,0x38,0x32,0x39,0x31,0x2d,0x31,0x39,0x2e,0x37,
  0x39,0x31,0x34,0x37,0x2d,0x37,0x2e,0x34,0x31,0x38,0x37,0x2d,0x34,0x34,0x2e,0x39,
  0x36,0x37,0x34,0x35,0x2d,0x32,0x30,0x2e,0x32,0x37,0x38,0x37,0x37,0x2d,0x36,0x33,
  0x2e,0x38,0x39,0x31,0x36,0x2d,0x32,0x39,0x2e,0x36,0x39,0x32,0x34,0x2d,0x32,0x32,
  0x2e,0x39,0x39,0x37,0x39,0x38,0x2d,0x31,0x31,0x2e,0x34,0x34,0x30,0x31,0x32,0x2d,
  0x35,0x34,0x2e,0x38,0x30,0x37,0x31,0x34,0x2d,0x32,0x35,0x2e,0x31,0x30,0x32,0x39,
  0x2d,0x37,0x35,0x2e,0x36,0x32,0x30,0x31,0x32,0x2d,0x34,0x30,0x2e,0x31,0x35,0x36,
  0x32,0x35,0x2d,0x35,0x2e,0x33,0x38,0x31,0x30,0x33,0x2d,0x33,0x2e,0x38,0x39,0x31,
  0x39,0x33,0x2d,0x31,0x32,0x2e,0x35,0x32,0x39,0x32,0x36,0x2d,0x39,0x2e,0x36,0x34,
  0x34,0x32,0x2d,0x31,0x35,0x2e,0x39,0x38,0x31,0x34,0x35,0x2d,0x31,0x35,0x2e,0x33,
  0x31,0x37,0x33,0x38,0x2d,0x33,0x2e,0x38,0x36,0x31,0x34,0x31,0x2d,0x36,0x2e,0x33,
  0x34,0x35,0x36,0x37,0x2d,0x33,0x2e,0x38,0x34,0x34,0x33,0x32,0x2d,0x31,0x37,0x2e,
  0x30,0x32,0x36,0x33,0x35,0x2d,0x37,0x2e,0x30,0x30,0x31,0x39,0x35,0x2d,0x32,0x33,
  0x2e,0x37,0x35,0x2d,0x33,0x2e,0x31,0x33,0x33,0x38,0x37,0x2d,0x36,0x2e,0x36,0x37,
  0x33,0x30,0x35,0x2d,0x39,0x2e,0x34,0x32,0x38,0x31,0x32,0x34,0x2d,0x31,0x34,0x2e,
  0x33,0x39,0x32,0x37,0x32,0x2d,0x31,0x33,0x2e,0x37,0x30,0x31,0x31,0x37,0x36,0x2d,
  0x32,0x30,0x2e,0x34,0x30,0x30,0x33,0x36,0x2d,0x33,0x2e,0x36,0x35,0x37,0x33,0x31,
  0x38,0x2d,0x35,0x2e,0x31,0x34,0x31,0x39,0x36,0x2d,0x38,0x2e,0x32,0x38,0x30,0x30,
  0x37,0x39,0x2d,0x31,0x32,0x2e,0x32,0x35,0x31,0x34,0x2d,0x31,0x32,0x2e,0x36,0x34,
  0x36,0x34,0x37,0x2d,0x31,0x36,0x2e,0x38,0x30,0x36,0x36,0x35,0x2d,0x36,0x2e,0x38,
  0x37,0x32,0x32,0x35,0x37,0x2d,0x37,0x2e,0x31,0x36,0x39,0x35,0x31,0x2d,0x31,0x38,
  0x2e,0x32,0x36,0x34,0x31,0x35,0x34,0x2d,0x31,0x34,0x2e,0x32,0x39,0x36,0x30,0x37,
  0x2d,0x32,0x35,0x2e,0x35,0x38,0x35,0x39,0x34,0x2d,0x32,0x31,0x2e,0x30,0x30,0x35,
  0x38,0x35,0x2d,0x38,0x2e,0x34,0x37,0x36,0x39,0x31,0x35,0x2d,0x37,0x2e,0x37,0x36,
  0x38,0x33,0x36,0x2d,0x31,0x38,0x2e,0x39,0x38,0x33,0x34,0x30,0x39,0x2d,0x31,0x38,
  0x2e,0x39,0x36,0x36,0x32,0x39,0x2d,0x32,0x36,0x2e,0x38,0x30,0x36,0x36,0x34,0x2d,
  0x32,0x37,0x2e,0x33,0x39,0x32,0x35,0x39,0x2d,0x36,0x2e,0x32,0x30,0x38,0x36,0x36,
  0x38,0x2d,0x36,0x2e,0x36,0x38,0x37,0x32,0x38,0x2d,0x31,0x34,0x2e,0x38,0x37,0x39,
  0x36,0x33,0x35,0x2d,0x31,0x35,0x2e,0x33,0x34,0x34,0x36,0x31,0x2d,0x32,0x30,0x2e,
  0x31,0x30,0x32,0x35,0x34,0x39,0x37,0x2d,0x32,0x32,0x2e,0x38,0x32,0x37,0x31,0x35,
  0x2d,0x35,0x2e,0x37,0x30,0x36,0x39,0x38,0x34,0x38,0x35,0x2d,0x38,0x2e,0x31,0x37,
  0x36,0x30,0x33,0x2d,0x31,0x30,0x2e,0x38,0x31,0x33,0x39,0x32,0x39,0x31,0x2d,0x32,
  0x30,0x2e,0x36,0x30,0x37,0x32,0x37,0x2d,0x31,0x35,0x2e,0x38,0x33,0x39,0x38,0x33,
  0x30,0x33,0x2d,0x32,0x39,0x2e,0x32,0x31,0x38,0x37,0x35,0x2d,0x35,0x2e,0x33,0x37,
  0x38,0x32,0x30,0x39,0x2d,0x39,0x2e,0x32,0x31,0x35,0x31,0x33,0x2d,0x31,0x34,0x2e,
  0x32,0x34,0x38,0x39,0x30,0x31,0x2d,0x32,0x30,0x2e,0x35,0x32,0x37,0x36,0x34,0x2d,
  0x31,0x38,0x2e,0x38,0x38,0x36,0x37,0x33,0x2d,0x33,0x30,0x2e,0x31,0x33,0x36,0x37,
  0x31,0x2d,0x34,0x2e,0x32,0x39,0x34,0x30,0x36,0x32,0x2d,0x38,0x2e,0x38,0x39,0x36,
  0x38,0x32,0x2d,0x37,0x2e,0x37,0x31,0x33,0x36,0x36,0x39,0x2d,0x32,0x31,0x2e,0x37,
  0x32,0x31,0x39,0x2d,0x31,0x30,0x2e,0x39,0x36,0x36,0x37,0x39,0x2d,0x33,0x31,0x2e,
  0x30,0x34,0x39,0x38,0x2d,0x35,0x2e,0x39,0x31,0x34,0x38,0x36,0x39,0x2d,0x31,0x36,
  0x2e,0x39,0x36,0x30,0x31,0x31,0x2d,0x31,0x33,0x2e,0x38,0x32,0x36,0x30,0x34,0x36,
  0x2d,0x33,0x39,0x2e,0x35,0x36,0x36,0x35,0x32,0x2d,0x31,0x39,0x2e,0x34,0x39,0x32,
  0x31,0x38,0x2d,0x35,0x36,0x2e,0x36,0x31,0x31,0x33,0x34,0x2d,0x33,0x2e,0x31,0x36,
  0x37,0x37,0x36,0x35,0x2d,0x39,0x2e,0x35,0x32,0x39,0x32,0x35,0x2d,0x36,0x2e,0x36,
  0x37,0x37,0x38,0x32,0x39,0x2d,0x32,0x32,0x2e,0x34,0x37,0x38,0x34,0x2d,0x31,0x30,
  0x2e,0x32,0x31,0x39,0x37,0x34,0x2d,0x33,0x31,0x2e,0x38,0x37,0x35,0x2d,0x33,0x2e,
  0x31,0x32,0x34,0x31,0x35,0x34,0x2d,0x38,0x2e,0x32,0x38,0x38,0x33,0x31,0x2d,0x39,
  0x2e,0x32,0x33,0x32,0x30,0x33,0x31,0x2d,0x31,0x38,0x2e,0x35,0x38,0x39,0x32,0x37,
  0x2d,0x31,0x31,0x2e,0x37,0x38,0x37,0x31,0x2d,0x32,0x37,0x2e,0x30,0x37,0x30,0x33,
  0x31,0x2d,0x2e,0x37,0x32,0x39,0x38,0x35,0x33,0x2d,0x32,0x2e,0x34,0x32,0x32,0x36,
  0x2d,0x31,0x2e,0x31,0x31,0x37,0x31,0x39,0x33,0x2d,0x35,0x2e,0x37,0x39,0x39,0x35,
  0x2d,0x31,0x2e,0x34,0x36,0x34,0x38,0x35,0x2d,0x38,0x2e,0x33,0x30,0x35,0x36,0x36,
  0x2d,0x31,0x2e,0x36,0x31,0x31,0x32,0x30,0x32,0x2d,0x31,0x31,0x2e,0x36,0x31,0x34,
  0x36,0x38,0x2d,0x2e,0x34,0x31,0x31,0x32,0x39,0x36,0x2d,0x32,0x37,0x2e,0x37,0x30,
  0x36,0x30,0x34,0x2d,0x33,0x2e,0x39,0x34,0x35,0x33,0x31,0x2d,0x33,0x38,0x2e,0x38,
  0x38,0x36,0x37,0x31,0x2d,0x34,0x2e,0x33,0x36,0x34,0x31,0x35,0x33,0x2d,0x31,0x33,
  0x2e,0x38,0x30,0x37,0x30,0x31,0x2d,0x31,0x32,0x2e,0x32,0x32,0x30,0x39,0x38,0x37,
  0x2d,0x36,0x30,0x2e,0x38,0x36,0x39,0x38,0x34,0x2d,0x31,0x32,0x2e,0x32,0x32,0x30,
  0x39,0x38,0x37,0x2d,0x36,0x30,0x2e,0x38,0x36,0x39,0x38,0x34,0x22,0x20,0x66,0x69,
  0x6c,0x6c,0x3d,0x22,0x6e,0x6f,0x6e,0x65,0x22,0x20,0x73,0x74,0x72,0x6f,0x6b,0x65,
  0x3d,0x22,0x23,0x66,0x61,0x37,0x66,0x37,0x30,0x22,0x20,0x73,0x74,0x72,0x6f,0x6b,
  0x65,0x2d,0x6c,0x69,0x6e,0x65,0x63,0x61,0x70,0x3d,0x22,0x72,0x6f,0x75,0x6e,0x64,
  0x22,0x20,0x73,0x74,0x72,0x6f,0x6b,0x65,0x2d,0x6c,0x69,0x6e,0x65,0x6a,0x6f,0x69,
  0x6e,0x3d,0x22,0x72,0x6f,0x75,0x6e,0x64,0x22,0x20,0x73,0x74,0x72,0x6f,0x6b,0x65,
  0x2d,0x77,0x69,0x64,0x74,0x68,0x3d,0x22,0x32,0x2e,0x35,0x22,0x2f,0x3e,0xd,0xa,
  0x20,0x20,0x20,0x20,0x20,0x20,0x20,0x20,0x3c,0x70,0x61,0x74,0x68,0x20,0x64,0x3d,
  0x22,0x6d,0x38,0x30,0x39,0x2e,0x37,0x35,0x36,0x38,0x37,0x20,0x31,0x35,0x31,0x2e,
  0x36,0x31,0x31,0x33,0x33,0x2d,0x31,0x32,0x2e,0x30,0x31,0x31,0x37,0x20,0x31,0x33,
  0x2e,0x39,0x34,0x35,0x33,0x32,0x2d,0x31,0x31,0x2e,0x37,0x36,0x32,0x37,0x20,0x32,
  0x33,0x2e,0x34,0x35,0x37,0x30,0x32,0x2d,0x31,0x38,0x2e,0x36,0x38,0x36,0x35,0x20,
  0x33,0x35,0x2e,0x39,0x31,0x37,0x39,0x38,0x22,0x20,0x66,0x69,0x6c,0x6c,0x3d,0x22,
  0x6e,0x6f,0x6e,0x65,0x22,0x20,0x73,0x74,0x72,0x6f,0x6b,0x65,0x3d,0x22,0x23,0x66,
  0x66,0x66,0x22,0x20,0x73,0x74,0x72,0x6f,0x6b,0x65,0x2d,0x6c,0x69,0x6e,0x65,0x63,
  0x61,0x70,0x3d,0x22,0x72,0x6f,0x75,0x6e,0x64,0x22,0x20,0x73,0x74,0x72,0x6f,0x6b,
  0x65,0x2d,0x6c,0x69,0x6e,0x65,0x6a,0x6f,0x69,0x6e,0x3d,0x22,0x72,0x6f,0x75,0x6e,
  0x64,0x22,0x20,0x73,0x74,0x72,0x6f,0x6b,0x65,0x2d,0x77,0x69,0x64,0x74,0x68,0x3d,
  0x22,0x31,0x31,0x2e,0x37,0x35,0x22,0x2f,0x3e,0xd,0xa,0x20,0x20,0x20,0x20,0x20,
  0x20,0x20,0x20,0x3c,0x70,0x61,0x74,0x68,0x20,0x64,0x3d,0x22,0x6d,0x38,0x36,0x38,
  0x2e,0x31,0x30,0x38,0x34,0x35,0x20,0x34,0x35,0x35,0x2e,0x36,0x31,0x37,0x39,0x37,
  0x2d,0x2e,0x38,0x36,0x39,0x32,0x20,0x31,0x30,0x2e,0x30,0x35,0x30,0x39,0x32,0x2d,
  0x32,0x2e,0x32,0x37,0x36,0x30,0x34,0x20,0x38,0x2e,0x32,0x39,0x39,0x33,0x38,0x2d,
  0x38,0x2e,0x39,0x34,0x30,0x35,0x20,0x31,0x37,0x2e,0x36,0x31,0x37,0x31,0x39,0x2d,
  0x31,0x34,0x2e,0x33,0x36,0x35,0x32,0x20,0x32,0x30,0x2e,0x33,0x32,0x37,0x31,0x35,
  0x2d,0x31,0x39,0x2e,0x30,0x38,0x36,0x39,0x20,0x31,0x36,0x2e,0x38,0x37,0x30,0x31,
  0x31,0x2d,0x31,0x33,0x2e,0x35,0x35,0x34,0x37,0x20,0x38,0x2e,0x34,0x32,0x37,0x37,
  0x34,0x2d,0x31,0x31,0x2e,0x37,0x35,0x37,0x38,0x20,0x35,0x2e,0x38,0x37,0x34,0x30,
  0x33,0x2d,0x37,0x2e,0x39,0x33,0x39,0x35,0x20,0x33,0x2e,0x34,0x36,0x36,0x38,0x2d,
  0x39,0x2e,0x35,0x37,0x35,0x32,0x20,0x33,0x2e,0x31,0x36,0x34,0x30,0x36,0x2d,0x35,
  0x2e,0x38,0x39,0x33,0x35,0x2e,0x32,0x39,0x37,0x38,0x35,0x2d,0x36,0x2e,0x32,0x34,
  0x37,0x38,0x37,0x2d,0x2e,0x30,0x36,0x39,0x30,0x35,0x2d,0x31,0x2e,0x36,0x38,0x31,
  0x38,0x33,0x2d,0x33,0x33,0x2e,0x39,0x35,0x39,0x32,0x38,0x2d,0x31,0x2e,0x34,0x31,
  0x31,0x31,0x2d,0x34,0x35,0x2e,0x31,0x38,0x30,0x36,0x36,0x20,0x34,0x34,0x2e,0x37,
  0x30,0x32,0x31,0x2d,0x31,0x2e,0x35,0x33,0x33,0x32,0x20,0x37,0x2e,0x38,0x31,0x32,
  0x35,0x2d,0x2e,0x38,0x33,0x39,0x38,0x35,0x20,0x34,0x2e,0x37,0x38,0x30,0x33,0x2d,
  0x33,0x2e,0x37,0x33,0x30,0x34,0x36,0x20,0x33,0x2e,0x30,0x38,0x31,0x2d,0x33,0x2e,
  0x35,0x39,0x33,0x37,0x35,0x20,0x33,0x37,0x2e,0x31,0x34,0x38,0x35,0x2d,0x32,0x2e,
  0x37,0x34,0x34,0x38,0x34,0x73,0x31,0x33,0x2e,0x36,0x37,0x36,0x39,0x38,0x2d,0x31,
  0x30,0x2e,0x37,0x30,0x38,0x38,0x36,0x20,0x31,0x36,0x2e,0x35,0x31,0x38,0x37,0x34,
  0x2d,0x31,0x32,0x2e,0x31,0x31,0x34,0x36,0x31,0x63,0x34,0x2e,0x33,0x31,0x33,0x38,
  0x35,0x2d,0x32,0x2e,0x31,0x33,0x33,0x39,0x36,0x20,0x32,0x37,0x2e,0x35,0x39,0x30,
  0x31,0x37,0x2d,0x31,0x2e,0x37,0x35,0x37,0x34,0x36,0x20,0x32,0x37,0x2e,0x35,0x39,
  0x30,0x31,0x37,0x2d,0x31,0x2e,0x37,0x35,0x37,0x34,0x36,0x22,0x20,0x66,0x69,0x6c,
  0x6c,0x3d,0x22,0x6e,0x6f,0x6e,0x65,0x22,0x20,0x73,0x74,0x72,0x6f,0x6b,0x65,0x3d,
  0x22,0x23,0x66,0x66,0x66,0x22,0x20,0x73,0x74,0x72,0x6f,0x6b,0x65,0x2d,0x6c,0x69,
  0x6e,0x65,0x63,0x61,0x70,0x3d,0x22,0x72,0x6f,0x75,0x6e,0x64,0x22,0x20,0x73,0x74,
  0x72,0x6f,0x6b,0x65,0x2d,0x6c,0x69,0x6e,0x65,0x6a,0x6f,0x69,0x6e,0x3d,0x22,0x72,
  0x6f,0x75,0x6e,0x64,0x22,0x20,0x73,0x74,0x72,0x6f,0x6b,0x65,0x2d,0x77,0x69,0x64,
  0x74,0x68,0x3d,0x22,0x35,0x22,0x2f,0x3e,0xd,0xa,0x20,0x20,0x20,0x20,0x3c,0x2f,
  0x67,0x3e,0xd,0xa,0x3c,0x2f,0x73,0x76,0x67,0x3e,0xd,0xa,
  
};

static const unsigned char qt_resource_name[] = {
  // svg
  0x0,0x3,
  0x0,0x0,0x7a,0xc7,
  0x0,0x73,
  0x0,0x76,0x0,0x67,
    // Schlosspark_Nymphenburg.svg
  0x0,0x1b,
  0xf,0xa3,0x8e,0x47,
  0x0,0x53,
  0x0,0x63,0x0,0x68,0x0,0x6c,0x0,0x6f,0x0,0x73,0x0,0x73,0x0,0x70,0x0,0x61,0x0,0x72,0x0,0x6b,0x0,0x5f,0x0,0x4e,0x0,0x79,0x0,0x6d,0x0,0x70,0x0,0x68,
  0x0,0x65,0x0,0x6e,0x0,0x62,0x0,0x75,0x0,0x72,0x0,0x67,0x0,0x2e,0x0,0x73,0x0,0x76,0x0,0x67,
  
};

static const unsigned char qt_resource_struct[] = {
  // :
  0x0,0x0,0x0,0x0,0x0,0x2,0x0,0x0,0x0,0x1,0x0,0x0,0x0,0x1,
0x0,0x0,0x0,0x0,0x0,0x0,0x0,0x0,
  // :/svg
  0x0,0x0,0x0,0x0,0x0,0x2,0x0,0x0,0x0,0x1,0x0,0x0,0x0,0x2,
0x0,0x0,0x0,0x0,0x0,0x0,0x0,0x0,
  // :/svg/Schlosspark_Nymphenburg.svg
  0x0,0x0,0x0,0xc,0x0,0x0,0x0,0x0,0x0,0x1,0x0,0x0,0x0,0x0,
0x0,0x0,0x1,0x9b,0xe7,0x12,0x83,0x96,

};

#ifdef QT_NAMESPACE
#  define QT_RCC_PREPEND_NAMESPACE(name) ::QT_NAMESPACE::name
#  define QT_RCC_MANGLE_NAMESPACE0(x) x
#  define QT_RCC_MANGLE_NAMESPACE1(a, b) a##_##b
#  define QT_RCC_MANGLE_NAMESPACE2(a, b) QT_RCC_MANGLE_NAMESPACE1(a,b)
#  define QT_RCC_MANGLE_NAMESPACE(name) QT_RCC_MANGLE_NAMESPACE2( \
        QT_RCC_MANGLE_NAMESPACE0(name), QT_RCC_MANGLE_NAMESPACE0(QT_NAMESPACE))
#else
#   define QT_RCC_PREPEND_NAMESPACE(name) name
#   define QT_RCC_MANGLE_NAMESPACE(name) name
#endif

#ifdef QT_NAMESPACE
namespace QT_NAMESPACE {
#endif

bool qRegisterResourceData(int, const unsigned char *, const unsigned char *, const unsigned char *);
bool qUnregisterResourceData(int, const unsigned char *, const unsigned char *, const unsigned char *);

#ifdef QT_NAMESPACE
}
#endif

int QT_RCC_MANGLE_NAMESPACE(qInitResources_svgmap)();
int QT_RCC_MANGLE_NAMESPACE(qInitResources_svgmap)()
{
    int version = 3;
    QT_RCC_PREPEND_NAMESPACE(qRegisterResourceData)
        (version, qt_resource_struct, qt_resource_name, qt_resource_data);
    return 1;
}

int QT_RCC_MANGLE_NAMESPACE(qCleanupResources_svgmap)();
int QT_RCC_MANGLE_NAMESPACE(qCleanupResources_svgmap)()
{
    int version = 3;
    QT_RCC_PREPEND_NAMESPACE(qUnregisterResourceData)
       (version, qt_resource_struct, qt_resource_name, qt_resource_data);
    return 1;
}

namespace {
   struct initializer {
       initializer() { QT_RCC_MANGLE_NAMESPACE(qInitResources_svgmap)(); }
       ~initializer() { QT_RCC_MANGLE_NAMESPACE(qCleanupResources_svgmap)(); }
   } dummy;
}
